Latitude (decimal degrees):;48.736;;;;;;;;
Longitude (decimal degrees):;19.154;;;;;;;;
Elevation (m):;342;;;;;;;;
Radiation database:;PVGIS-SARAH3;;;;;;;;
;;;;;;;;;
;;;;;;;;;
Slope: 37 deg. (optimum);;;;;;;;;
Azimuth: -8 deg. (optimum);;;;;;;;;
time;Gb(i);Gd(i);Gr(i);H_sun;T2m;WS10m;Int;;Total_irradiance
201:601:010:010;0;0;0;0;-8.46;0.41;0;;0
201:601:010:110;0;0;0;0;-8.55;0.28;0;;0
201:601:010:210;0;0;0;0;-8.76;0.34;0;;0
201:601:010:310;0;0;0;0;-9.49;0.69;0;;0
201:601:010:410;0;0;0;0;-9.63;0.76;0;;0
201:601:010:510;0;0;0;0;-9.47;0.76;0;;0
201:601:010:610;0;0;0;0;-9.2;0.83;0;;0
201:601:010:710;0;18.46;0.45;3.61;-8.49;0.97;0;;0.01891
201:601:010:810;67.69;88.01;1.98;10.25;-7.59;0.9;0;;0.15768
201:601:010:910;670.54;93.65;5.48;15.12;-6.68;0.9;0;;0.76967
201:601:011:010;128.72;168.16;4.07;17.8;-5.57;0.83;0;;0.30095
201:601:011:110;503.9;164.07;5.92;18.05;-4.39;0.83;0;;0.67389
201:601:011:210;77.54;135.62;3.25;15.84;-3.91;0.83;0;;0.21641
201:601:011:310;416.17;90.47;3.72;11.38;-3.71;0.97;0;;0.51036
201:601:011:410;0;27.69;0.67;5.06;-3.84;0.97;0;;0.02836
201:601:011:510;0;0;0;0;-4.4;0.76;0;;0
201:601:011:610;0;0;0;0;-5.12;0.69;0;;0
201:601:011:710;0;0;0;0;-5.03;0.55;0;;0
201:601:011:810;0;0;0;0;-4.86;0.41;0;;0
201:601:011:910;0;0;0;0;-5.25;0.21;0;;0
201:601:012:010;0;0;0;0;-5.69;0.34;0;;0
201:601:012:110;0;0;0;0;-6.44;0.69;0;;0
201:601:012:210;0;0;0;0;-7.55;0.83;0;;0
201:601:012:310;0;0;0;0;-7.93;0.83;0;;0
201:601:020:010;0;0;0;0;-8.35;0.83;0;;0
201:601:020:110;0;0;0;0;-8.7;0.83;0;;0
201:601:020:210;0;0;0;0;-8.72;0.76;0;;0
201:601:020:310;0;0;0;0;-8.99;0.76;0;;0
201:601:020:410;0;0;0;0;-8.87;0.76;0;;0
201:601:020:510;0;0;0;0;-8.55;0.9;0;;0
201:601:020:610;0;0;0;0;-8.19;1.03;0;;0
201:601:020:710;0;0;0;0;-8.02;1.03;0;;0
201:601:020:810;48.71;82.1;1.86;10.28;-7.41;1.38;0;;0.13267
201:601:020:910;0;0;0;0;-7.12;1.31;0;;0
201:601:021:010;0;90.62;2.06;17.88;-6.54;1.24;0;;0.09268
201:601:021:110;0;87.03;1.98;18.15;-6.1;1.31;0;;0.08901
201:601:021:210;21.29;107.76;2.51;15.95;-5.61;1.45;0;;0.13156
201:601:021:310;18.1;76.62;1.78;11.5;-5.72;1.59;0;;0.0965
201:601:021:410;0;26.85;0.65;5.19;-5.88;1.72;0;;0.0275
201:601:021:510;0;0;0;0;-6.59;1.72;0;;0
201:601:021:610;0;0;0;0;-7.14;1.93;0;;0
201:601:021:710;0;0;0;0;-7.71;2;0;;0
201:601:021:810;0;0;0;0;-8.32;1.93;0;;0
201:601:021:910;0;0;0;0;-9.01;1.52;0;;0
201:601:022:010;0;0;0;0;-9.16;1.52;0;;0
201:601:022:110;0;0;0;0;-9.52;1.45;0;;0
201:601:022:210;0;0;0;0;-9.69;1.45;0;;0
201:601:022:310;0;0;0;0;-9.97;1.38;0;;0
201:601:030:010;0;0;0;0;-9.88;1.38;0;;0
201:601:030:110;0;0;0;0;-9.81;1.31;0;;0
201:601:030:210;0;0;0;0;-9.61;1.31;0;;0
201:601:030:310;0;0;0;0;-9.68;1.38;0;;0
201:601:030:410;0;0;0;0;-9.86;1.38;0;;0
201:601:030:510;0;0;0;0;-9.91;1.31;0;;0
201:601:030:610;0;0;0;0;-9.98;1.24;0;;0
201:601:030:710;0;14.26;0.35;3.65;-11.05;1.24;0;;0.01461
201:601:030:810;249.99;118.13;2.8;10.33;-9.91;1.38;0;;0.37092
201:601:030:910;592.41;118.01;5.27;15.23;-8.42;1.45;0;;0.71569
201:601:031:010;474.22;175.89;5.78;17.96;-7.09;1.59;0;;0.65589
201:601:031:110;600.81;140.24;6.31;18.25;-6.06;1.45;0;;0.74736
201:601:031:210;590.74;105.82;5.66;16.06;-5.38;1.45;0;;0.70222
201:601:031:310;221.5;120.04;3.17;11.63;-5.25;1.38;0;;0.34471
201:601:031:410;0;20.98;0.51;5.32;-5.61;1.31;0;;0.02149
201:601:031:510;0;0;0;0;-6.45;1.03;0;;0
201:601:031:610;0;0;0;0;-7.66;0.9;0;;0
201:601:031:710;0;0;0;0;-8.54;0.97;0;;0
201:601:031:810;0;0;0;0;-9.32;1.03;0;;0
201:601:031:910;0;0;0;0;-10.09;1.03;0;;0
201:601:032:010;0;0;0;0;-10.41;1.17;0;;0
201:601:032:110;0;0;0;0;-10.7;1.1;0;;0
201:601:032:210;0;0;0;0;-10.87;1.03;0;;0
201:601:032:310;0;0;0;0;-11.06;1.03;0;;0
201:601:040:010;0;0;0;0;-11.29;0.97;0;;0
201:601:040:110;0;0;0;0;-11.51;1.03;0;;0
201:601:040:210;0;0;0;0;-11.46;1.17;0;;0
201:601:040:310;0;0;0;0;-11.21;1.24;0;;0
201:601:040:410;0;0;0;0;-10.99;0;0;;0
201:601:040:510;0;0;0;0;-10.85;0;0;;0
201:601:040:610;0;0;0;0;-10.53;1.52;0;;0
201:601:040:710;0;16.78;0.41;3.68;-11.23;1.86;0;;0.01719
201:601:040:810;22.28;68.7;1.57;10.38;-10.7;2.21;0;;0.09255
201:601:040:910;2.94;75.86;1.74;15.3;-10.1;2.21;0;;0.08054
201:601:041:010;0;53.83;1.23;18.05;-9.3;2.48;0;;0.05506
201:601:041:110;35.95;133.7;3.15;18.36;-9.02;2.21;0;;0.1728
201:601:041:210;0;44.86;1.02;16.19;-8.69;2.48;0;;0.04588
201:601:041:310;0;30.51;0.69;11.76;-8.62;2.34;0;;0.0312
201:601:041:410;0;29.37;0.72;5.46;-8.58;2.14;0;;0.03009
201:601:041:510;0;0;0;0;-8.72;2;0;;0
201:601:041:610;0;0;0;0;-8.88;1.86;0;;0
201:601:041:710;0;0;0;0;-9.03;1.72;0;;0
201:601:041:810;0;0;0;0;-9.08;1.52;0;;0
201:601:041:910;0;0;0;0;-9.2;1.17;0;;0
201:601:042:010;0;0;0;0;-9.18;1.03;0;;0
201:601:042:110;0;0;0;0;-9.28;1.03;0;;0
201:601:042:210;0;0;0;0;-9.2;0.83;0;;0
201:601:042:310;0;0;0;0;-9.12;0.69;0;;0
201:601:050:010;0;0;0;0;-9.07;0.76;0;;0
201:601:050:110;0;0;0;0;-8.97;0.83;0;;0
201:601:050:210;0;0;0;0;-8.89;0.76;0;;0
201:601:050:310;0;0;0;0;-8.8;0.69;0;;0
201:601:050:410;0;0;0;0;-9;0.76;0;;0
201:601:050:510;0;0;0;0;-9.13;0.83;0;;0
201:601:050:610;0;0;0;0;-8.9;0.76;0;;0
201:601:050:710;0;18.46;0.45;3.72;-8.7;0.62;0;;0.01891
201:601:050:810;11.08;62.44;1.43;10.43;-7.94;0.41;0;;0.07495
201:601:050:910;23.39;104.79;2.43;15.37;-7.15;0.62;0;;0.13061
201:601:051:010;0;81.65;1.86;18.15;-6.41;0.83;0;;0.08351
201:601:051:110;0;51.14;1.16;18.47;-5.59;0.9;0;;0.0523
201:601:051:210;0;78.96;1.8;16.31;-4.84;0.9;0;;0.08076
201:601:051:310;0;42.17;0.96;11.9;-4.4;0.97;0;;0.04313
201:601:051:410;0;17.62;0.43;5.6;-4.27;1.1;0;;0.01805
201:601:051:510;0;0;0;0;-4.55;1.24;0;;0
201:601:051:610;0;0;0;0;-4.95;1.31;0;;0
201:601:051:710;0;0;0;0;-5.44;1.24;0;;0
201:601:051:810;0;0;0;0;-5.99;1.24;0;;0
201:601:051:910;0;0;0;0;-6.45;1.31;0;;0
201:601:052:010;0;0;0;0;-6.53;1.24;0;;0
201:601:052:110;0;0;0;0;-6.49;1.1;0;;0
201:601:052:210;0;0;0;0;-6.54;0.97;0;;0
201:601:052:310;0;0;0;0;-6.62;0.83;0;;0
201:601:060:010;0;0;0;0;-6.52;0.76;0;;0
201:601:060:110;0;0;0;0;-5.8;0.76;0;;0
201:601:060:210;0;0;0;0;-5.45;0.76;0;;0
201:601:060:310;0;0;0;0;-5.27;0.69;0;;0
201:601:060:410;0;0;0;0;-5.03;0.69;0;;0
201:601:060:510;0;0;0;0;-4.84;0.76;0;;0
201:601:060:610;0;0;0;0;-4.79;0.76;0;;0
201:601:060:710;0;11.75;0.29;3.77;-5.01;0.62;0;;0.01204
201:601:060:810;3.67;51.79;1.18;10.49;-4.56;0.62;0;;0.05664
201:601:060:910;37.83;114.75;2.68;15.46;-3.41;0.55;0;;0.15526
201:601:061:010;23.69;124.47;2.9;18.25;-2.02;0.55;0;;0.15106
201:601:061:110;5.09;105.92;2.43;18.59;-1.03;0.55;0;;0.11344
201:601:061:210;268.49;162.48;4.52;16.45;-0.33;0.41;0;;0.43549
201:601:061:310;73;100.7;2.41;12.04;0.1;0.14;0;;0.17611
201:601:061:410;0;31.05;0.76;5.75;-0.1;0.21;0;;0.03181
201:601:061:510;0;0;0;0;-1.01;0.62;0;;0
201:601:061:610;0;0;0;0;-2.21;0.9;0;;0
201:601:061:710;0;0;0;0;-3.5;1.1;0;;0
201:601:061:810;0;0;0;0;-4.45;1.24;0;;0
201:601:061:910;0;0;0;0;-4.63;1.24;0;;0
201:601:062:010;0;0;0;0;-4.76;1.24;0;;0
201:601:062:110;0;0;0;0;-4.73;1.38;0;;0
201:601:062:210;0;0;0;0;-4.47;1.45;0;;0
201:601:062:310;0;0;0;0;-4.59;1.59;0;;0
201:601:070:010;0;0;0;0;-4.79;1.72;0;;0
201:601:070:110;0;0;0;0;-4.95;1.86;0;;0
201:601:070:210;0;0;0;0;-4.8;1.86;0;;0
201:601:070:310;0;0;0;0;-4.68;1.79;0;;0
201:601:070:410;0;0;0;0;-4.51;1.79;0;;0
201:601:070:510;0;0;0;0;-4.2;1.86;0;;0
201:601:070:610;0;0;0;0;-4.16;1.93;0;;0
201:601:070:710;0;13.43;0.33;3.82;-3.35;2;0;;0.01376
201:601:070:810;434.2;97.72;3.33;10.56;-2.45;1.86;0;;0.53525
201:601:070:910;579.17;116.89;5.27;15.55;-0.95;1.86;0;;0.70133
201:601:071:010;301.33;187.99;5.13;18.36;0.84;1.93;0;;0.49445
201:601:071:110;336.89;186.17;5.39;18.72;2.09;2;0;;0.52845
201:601:071:210;406.83;151.41;5.13;16.59;2.5;1.86;0;;0.56337
201:601:071:310;170.76;119.11;3.04;12.19;2.34;1.72;0;;0.29291
201:601:071:410;0;28.53;0.69;5.91;1.27;1.45;0;;0.02922
201:601:071:510;0;0;0;0;-0.49;1.59;0;;0
201:601:071:610;0;0;0;0;-2.96;1.52;0;;0
201:601:071:710;0;0;0;0;-4.33;1.45;0;;0
201:601:071:810;0;0;0;0;-5.11;1.38;0;;0
201:601:071:910;0;0;0;0;-4.5;1.17;0;;0
201:601:072:010;0;0;0;0;-4.43;1.17;0;;0
201:601:072:110;0;0;0;0;-4.34;1.03;0;;0
201:601:072:210;0;0;0;0;-5.21;1.1;0;;0
201:601:072:310;0;0;0;0;-5.27;1.03;0;;0
201:601:080:010;0;0;0;0;-5;0.97;0;;0
201:601:080:110;0;0;0;0;-4.8;0.9;0;;0
201:601:080:210;0;0;0;0;-4.28;0.76;0;;0
201:601:080:310;0;0;0;0;-4.04;0.55;0;;0
201:601:080:410;0;0;0;0;-4.12;0.76;0;;0
201:601:080:510;0;0;0;0;-4.25;0.83;0;;0
201:601:080:610;0;0;0;0;-4.05;0.83;0;;0
201:601:080:710;0;6.71;0.16;3.88;-3.58;0.97;0;;0.00687
201:601:080:810;10.87;65.13;1.49;10.64;-2.98;1.1;0;;0.07749
201:601:080:910;14.4;98.1;2.27;15.65;-1.36;1.93;0;;0.11477
201:601:081:010;112.13;165.89;4.02;18.48;0;1.93;0;;0.28204
201:601:081:110;388.1;185.23;5.68;18.86;1.27;2.28;0;;0.57901
201:601:081:210;226.63;165.65;4.41;16.74;1.83;2.34;0;;0.39669
201:601:081:310;0;28.71;0.65;12.35;1.8;2.21;0;;0.02936
201:601:081:410;0;31.89;0.78;6.07;1.22;1.59;0;;0.03267
201:601:081:510;0;0;0;0;-0.04;1.52;0;;0
201:601:081:610;0;0;0;0;-0.99;1.24;0;;0
201:601:081:710;0;0;0;0;-1.98;1.17;0;;0
201:601:081:810;0;0;0;0;-2.54;1.1;0;;0
201:601:081:910;0;0;0;0;-2.86;0.97;0;;0
201:601:082:010;0;0;0;0;-2.15;0.83;0;;0
201:601:082:110;0;0;0;0;-1.94;0.55;0;;0
201:601:082:210;0;0;0;0;-1.93;0.28;0;;0
201:601:082:310;0;0;0;0;-2.27;0.34;0;;0
201:601:090:010;0;0;0;0;-2.34;0.28;0;;0
201:601:090:110;0;0;0;0;-2.92;0.55;0;;0
201:601:090:210;0;0;0;0;-2.89;0.76;0;;0
201:601:090:310;0;0;0;0;-2.4;0.69;0;;0
201:601:090:410;0;0;0;0;-2.17;0.97;0;;0
201:601:090:510;0;0;0;0;-1.79;0.97;0;;0
201:601:090:610;0;0;0;0;-1.61;0.97;0;;0
201:601:090:710;0;20.14;0.49;3.94;-1.61;1.1;0;;0.02063
201:601:090:810;21.58;71.23;1.63;10.73;-0.95;0.97;0;;0.09444
201:601:090:910;2.86;76.74;1.76;15.75;-0.29;1.1;0;;0.08136
201:601:091:010;0;69.98;1.59;18.61;0.39;1.31;0;;0.07157
201:601:091:110;0;35.89;0.82;19;0.77;1.31;0;;0.03671
201:601:091:210;0;43.96;1;16.9;0.87;1.17;0;;0.04496
201:601:091:310;0;40.38;0.92;12.51;0.77;1.38;0;;0.0413
201:601:091:410;0;27.69;0.67;6.24;0.4;1.38;0;;0.02836
201:601:091:510;0;0;0;0;-0.02;1.38;0;;0
201:601:091:610;0;0;0;0;-0.39;1.38;0;;0
201:601:091:710;0;0;0;0;-0.62;1.31;0;;0
201:601:091:810;0;0;0;0;-0.72;1.24;0;;0
201:601:091:910;0;0;0;0;-0.83;1.1;0;;0
201:601:092:010;0;0;0;0;-0.84;1.03;0;;0
201:601:092:110;0;0;0;0;-0.88;1.1;0;;0
201:601:092:210;0;0;0;0;-0.79;1.03;0;;0
201:601:092:310;0;0;0;0;-0.68;1.03;0;;0
201:601:100:010;0;0;0;0;-0.58;1.1;0;;0
201:601:100:110;0;0;0;0;-0.51;1.1;0;;0
201:601:100:210;0;0;0;0;-0.45;1.03;0;;0
201:601:100:310;0;0;0;0;-0.41;1.03;0;;0
201:601:100:410;0;0;0;0;-0.34;1.03;0;;0
201:601:100:510;0;0;0;0;-0.28;0.97;0;;0
201:601:100:610;0;0;0;0;-0.06;0.97;0;;0
201:601:100:710;0;17.62;0.43;4.02;0.19;0.76;0;;0.01805
201:601:100:810;0;32.3;0.74;10.82;0.23;0.76;0;;0.03304
201:601:100:910;0;20.64;0.47;15.86;0.45;0.69;0;;0.02111
201:601:101:010;224.51;181.32;4.74;18.74;0.67;0.55;0;;0.41057
201:601:101:110;29.91;133.88;3.15;19.15;1.05;0.55;0;;0.16694
201:601:101:210;35.59;123.63;2.92;17.06;1.3;0.76;0;;0.16214
201:601:101:310;0;59.22;1.35;12.68;1.61;0.97;0;;0.06057
201:601:101:410;0;35.24;0.86;6.41;1.51;0.9;0;;0.0361
201:601:101:510;0;0;0;0;1.22;0.97;0;;0
201:601:101:610;0;0;0;0;0.88;1.17;0;;0
201:601:101:710;0;0;0;0;0.55;0.83;0;;0
201:601:101:810;0;0;0;0;0.78;0.48;0;;0
201:601:101:910;0;0;0;0;0.19;0.69;0;;0
201:601:102:010;0;0;0;0;0.35;0.41;0;;0
201:601:102:110;0;0;0;0;-0.23;0.9;0;;0
201:601:102:210;0;0;0;0;-0.54;1.1;0;;0
201:601:102:310;0;0;0;0;-0.59;1.1;0;;0
201:601:110:010;0;0;0;0;-0.42;1.17;0;;0
201:601:110:110;0;0;0;0;-0.31;1.1;0;;0
201:601:110:210;0;0;0;0;-0.19;1.24;0;;0
201:601:110:310;0;0;0;0;-0.1;1.1;0;;0
201:601:110:410;0;0;0;0;-0.08;0.9;0;;0
201:601:110:510;0;0;0;0;-0.06;0.9;0;;0
201:601:110:610;0;0;0;0;-0.02;0;0;;0
201:601:110:710;0;10.91;0.27;4.1;-0.12;0;0;;0.01118
201:601:110:810;0;47.55;1.08;10.92;0.09;1.24;0;;0.04863
201:601:110:910;0;75.37;1.72;15.98;0.6;1.1;0;;0.07709
201:601:111:010;0;37.68;0.86;18.88;0.95;1.24;0;;0.03854
201:601:111:110;0;69.09;1.57;19.31;0.98;1.52;0;;0.07066
201:601:111:210;12.62;106.56;2.47;17.23;1.01;1.59;0;;0.12165
201:601:111:310;0;26.92;0.61;12.86;1.09;1.59;0;;0.02753
201:601:111:410;0;20.98;0.51;6.59;0.99;1.59;0;;0.02149
201:601:111:510;0;0;0;0;0.97;1.59;0;;0
201:601:111:610;0;0;0;0;1.02;1.52;0;;0
201:601:111:710;0;0;0;0;1.13;1.45;0;;0
201:601:111:810;0;0;0;0;1.26;1.38;0;;0
201:601:111:910;0;0;0;0;0.67;1.17;0;;0
201:601:112:010;0;0;0;0;0.67;0.97;0;;0
201:601:112:110;0;0;0;0;1.29;0.28;0;;0
201:601:112:210;0;0;0;0;0.6;1.1;0;;0
201:601:112:310;0;0;0;0;0.87;1.52;0;;0
201:601:120:010;0;0;0;0;0.81;1.59;0;;0
201:601:120:110;0;0;0;0;0.88;1.52;0;;0
201:601:120:210;0;0;0;0;0.74;1.52;0;;0
201:601:120:310;0;0;0;0;0.78;1.52;0;;0
201:601:120:410;0;0;0;0;0.69;1.52;0;;0
201:601:120:510;0;0;0;0;0.7;1.59;0;;0
201:601:120:610;0;0;0;0;0.86;1.66;0;;0
201:601:120:710;0;0;0;0;1.36;2.14;0;;0
201:601:120:810;0;13.46;0.31;11.02;1.66;2.28;0;;0.01377
201:601:120:910;0;42.17;0.96;16.11;2.31;2.55;0;;0.04313
201:601:121:010;2.55;94.62;2.17;19.03;3.31;3.1;0;;0.09934
201:601:121:110;0;93.31;2.12;19.48;3.68;3.24;0;;0.09543
201:601:121:210;0;22.43;0.51;17.41;3.83;3.1;0;;0.02294
201:601:121:310;0;55.63;1.27;13.04;3.53;2.76;0;;0.0569
201:601:121:410;0;6.71;0.16;6.77;2.56;2.62;0;;0.00687
201:601:121:510;0;0;0;0;1.68;2.07;0;;0
201:601:121:610;0;0;0;0;1.06;2;0;;0
201:601:121:710;0;0;0;0;0.48;1.93;0;;0
201:601:121:810;0;0;0;0;0.64;2.07;0;;0
201:601:121:910;0;0;0;0;0.86;1.79;0;;0
201:601:122:010;0;0;0;0;0.69;2;0;;0
201:601:122:110;0;0;0;0;0.84;1.93;0;;0
201:601:122:210;0;0;0;0;0.91;1.93;0;;0
201:601:122:310;0;0;0;0;0.61;1.93;0;;0
201:601:130:010;0;0;0;0;0.45;1.86;0;;0
201:601:130:110;0;0;0;0;0.39;1.72;0;;0
201:601:130:210;0;0;0;0;0.14;1.59;0;;0
201:601:130:310;0;0;0;0;-0.24;1.31;0;;0
201:601:130:410;0;0;0;0;-0.32;1.17;0;;0
201:601:130:510;0;0;0;0;-0.6;1.31;0;;0
201:601:130:610;0;0;0;0;-0.72;1.38;0;;0
201:601:130:710;0;22.66;0.55;4.27;-0.95;1.59;0;;0.02321
201:601:130:810;3.48;56.25;1.29;11.13;0.47;2.48;0;;0.06102
201:601:130:910;97.76;142.53;3.41;16.25;0.99;3.03;0;;0.2437
201:601:131:010;43.11;142.57;3.37;19.18;1.71;3.59;0;;0.18905
201:601:131:110;0;32.3;0.74;19.65;2.08;3.45;0;;0.03304
201:601:131:210;34.84;127.95;3.02;17.59;2.14;3.31;0;;0.16581
201:601:131:310;0;40.38;0.92;13.23;2.21;2.83;0;;0.0413
201:601:131:410;0;29.61;0.67;6.96;1.86;2.07;0;;0.03028
201:601:131:510;0;0;0;0;1.18;3.17;0;;0
201:601:131:610;0;0;0;0;0.69;2.69;0;;0
201:601:131:710;0;0;0;0;0.67;2.69;0;;0
201:601:131:810;0;0;0;0;0.62;2.34;0;;0
201:601:131:910;0;0;0;0;0.59;2.48;0;;0
201:601:132:010;0;0;0;0;0.45;2.41;0;;0
201:601:132:110;0;0;0;0;0.43;2.41;0;;0
201:601:132:210;0;0;0;0;0.4;2.41;0;;0
201:601:132:310;0;0;0;0;0.23;2.48;0;;0
201:601:140:010;0;0;0;0;0.19;2.62;0;;0
201:601:140:110;0;0;0;0;-0.02;2.55;0;;0
201:601:140:210;0;0;0;0;-0.14;2.41;0;;0
201:601:140:310;0;0;0;0;-0.48;2.21;0;;0
201:601:140:410;0;0;0;0;-1.29;1.93;0;;0
201:601:140:510;0;0;0;0;-2.26;1.72;0;;0
201:601:140:610;0;0;0;0;-3.4;1.45;0;;0
201:601:140:710;0;16.78;0.41;4.37;-3.32;1.31;0;;0.01719
201:601:140:810;144.6;112.65;2.62;11.25;-1.67;1.03;0;;0.25987
201:601:140:910;446.56;154.02;5.13;16.39;-0.99;0.62;0;;0.60571
201:601:141:010;667.86;122.2;6.74;19.34;-0.14;0.48;0;;0.7968
201:601:141:110;710.41;106.2;7.11;19.83;-0.21;1.03;0;;0.82372
201:601:141:210;44.46;134.8;3.21;17.78;0.81;1.38;0;;0.18247
201:601:141:310;0;26.02;0.59;13.42;0.81;1.59;0;;0.02661
201:601:141:410;0;22.43;0.51;7.15;0.34;1.24;0;;0.02294
201:601:141:510;0;0;0;0;-0.47;1.31;0;;0
201:601:141:610;0;0;0;0;-1.96;1.24;0;;0
201:601:141:710;0;0;0;0;-1.86;1.17;0;;0
201:601:141:810;0;0;0;0;-1.17;1.1;0;;0
201:601:141:910;0;0;0;0;-1.57;1.38;0;;0
201:601:142:010;0;0;0;0;-2.42;1.52;0;;0
201:601:142:110;0;0;0;0;-2.79;1.52;0;;0
201:601:142:210;0;0;0;0;-3.24;1.59;0;;0
201:601:142:310;0;0;0;0;-3.1;1.59;0;;0
201:601:150:010;0;0;0;0;-3.17;1.93;0;;0
201:601:150:110;0;0;0;0;-2.24;1.45;0;;0
201:601:150:210;0;0;0;0;-1.68;1.45;0;;0
201:601:150:310;0;0;0;0;-1.24;1.52;0;;0
201:601:150:410;0;0;0;0;-1.22;1.24;0;;0
201:601:150:510;0;0;0;0;-1.28;1.1;0;;0
201:601:150:610;0;0;0;0;-1.38;0.9;0;;0
201:601:150:710;0;20.98;0.51;4.48;-1.21;0.83;0;;0.02149
201:601:150:810;0;42.17;0.96;11.38;-0.9;0.9;0;;0.04313
201:601:150:910;85.36;142.18;3.39;16.53;-0.31;1.24;0;;0.23093
201:601:151:010;5.01;109.47;2.51;19.51;0.45;1.59;0;;0.11699
201:601:151:110;29;140.87;3.31;20.01;0.71;1.93;0;;0.17318
201:601:151:210;12.26;113.7;2.64;17.97;0.8;2.14;0;;0.1286
201:601:151:310;2.67;65.92;1.51;13.62;0.6;2;0;;0.0701
201:601:151:410;28.42;50.09;1.16;7.35;0.25;2.14;0;;0.07967
201:601:151:510;0;0;0;0;-0.36;2.14;0;;0
201:601:151:610;0;0;0;0;-1.06;1.93;0;;0
201:601:151:710;0;0;0;0;-2.13;1.72;0;;0
201:601:151:810;0;0;0;0;-3.11;1.66;0;;0
201:601:151:910;0;0;0;0;-3.18;1.45;0;;0
201:601:152:010;0;0;0;0;-3.25;1.52;0;;0
201:601:152:110;0;0;0;0;-2.9;1.45;0;;0
201:601:152:210;0;0;0;0;-2.83;1.45;0;;0
201:601:152:310;0;0;0;0;-1.58;1.31;0;;0
201:601:160:010;0;0;0;0;-1.65;1.17;0;;0
201:601:160:110;0;0;0;0;-1.54;1.24;0;;0
201:601:160:210;0;0;0;0;-2.77;1.38;0;;0
201:601:160:310;0;0;0;0;-3.82;1.52;0;;0
201:601:160:410;0;0;0;0;-4.65;1.72;0;;0
201:601:160:510;0;0;0;0;-5.77;2.07;0;;0
201:601:160:610;0;0;0;0;-5.95;2;0;;0
201:601:160:710;0;22.66;0.55;4.59;-6.22;2.28;0;;0.02321
201:601:160:810;124.82;110.7;2.57;11.51;-5.92;2.21;0;;0.23809
201:601:160:910;379.89;167.11;5.01;16.69;-5.13;2.62;0;;0.55201
201:601:161:010;136.81;182.6;4.52;19.69;-2.11;2.97;0;;0.32393
201:601:161:110;151.25;189.14;4.76;20.2;-1.01;3.17;0;;0.34515
201:601:161:210;252.97;178.93;4.94;18.17;-0.69;2.97;0;;0.43684
201:601:161:310;134.83;129.24;3.27;13.82;-0.9;2.69;0;;0.26734
201:601:161:410;114.72;70.62;1.72;7.55;-1.62;2.48;0;;0.18706
201:601:161:510;0;0;0;0;-2.9;2.07;0;;0
201:601:161:610;0;0;0;0;-3.83;2.07;0;;0
201:601:161:710;0;0;0;0;-5.24;2;0;;0
201:601:161:810;0;0;0;0;-6.81;2;0;;0
201:601:161:910;0;0;0;0;-7.49;2;0;;0
201:601:162:010;0;0;0;0;-7.15;1.86;0;;0
201:601:162:110;0;0;0;0;-6.52;1.79;0;;0
201:601:162:210;0;0;0;0;-6.13;1.72;0;;0
201:601:162:310;0;0;0;0;-7.03;1.79;0;;0
201:601:170:010;0;0;0;0;-7.63;1.79;0;;0
201:601:170:110;0;0;0;0;-8.46;1.86;0;;0
201:601:170:210;0;0;0;0;-8.09;1.72;0;;0
201:601:170:310;0;0;0;0;-8.11;1.72;0;;0
201:601:170:410;0;0;0;0;-9.02;1.86;0;;0
201:601:170:510;0;0;0;0;-9.54;1.86;0;;0
201:601:170:610;0;0;0;0;-9.49;1.86;0;;0
201:601:170:710;0;16.78;0.41;4.71;-11.7;2.14;0;;0.01719
201:601:170:810;226.96;125.87;3.09;11.65;-10.87;2;0;;0.35592
201:601:170:910;602.05;124.46;5.84;16.85;-9.25;1.79;0;;0.73235
201:601:171:010;365.64;201.43;5.9;19.87;-8.12;1.79;0;;0.57297
201:601:171:110;317.12;205.1;5.84;20.4;-5.09;2;0;;0.52806
201:601:171:210;403;173.17;5.74;18.38;-4.75;2.07;0;;0.58191
201:601:171:310;112.45;128.08;3.19;14.03;-4.84;2.14;0;;0.24372
201:601:171:410;122.48;74.24;1.82;7.76;-5.37;2.07;0;;0.19854
201:601:171:510;0;0;0;0;-6.49;1.93;0;;0
201:601:171:610;0;0;0;0;-8.1;2.14;0;;0
201:601:171:710;0;0;0;0;-9.64;2.21;0;;0
201:601:171:810;0;0;0;0;-10.59;2.21;0;;0
201:601:171:910;0;0;0;0;-11.55;2.28;0;;0
201:601:172:010;0;0;0;0;-11.79;2.21;0;;0
201:601:172:110;0;0;0;0;-12.1;2.21;0;;0
201:601:172:210;0;0;0;0;-12.25;2.21;0;;0
201:601:172:310;0;0;0;0;-12.34;2.21;0;;0
201:601:180:010;0;0;0;0;-12.49;2.21;0;;0
201:601:180:110;0;0;0;0;-12.36;2.14;0;;0
201:601:180:210;0;0;0;0;-12.55;2.21;0;;0
201:601:180:310;0;0;0;0;-12.33;2.14;0;;0
201:601:180:410;0;0;0;0;-12.03;2.07;0;;0
201:601:180:510;0;0;0;0;-11.71;2;0;;0
201:601:180:610;0;0;0;0;-10.97;1.86;0;;0
201:601:180:710;0;15.94;0.39;4.84;-10.55;1.79;0;;0.01633
201:601:180:810;221.18;126.79;3.11;11.8;-9.07;1.66;0;;0.35108
201:601:180:910;591.9;128.3;5.86;17.02;-6.94;1.31;0;;0.72606
201:601:181:010;341.01;203.96;5.84;20.06;-6.19;1.1;0;;0.55081
201:601:181:110;333.83;206.37;5.99;20.6;-4.94;1.17;0;;0.54619
201:601:181:210;371.03;178.44;5.66;18.59;-4.13;1.31;0;;0.55513
201:601:181:310;170.7;138.58;3.62;14.25;-4.01;1.45;0;;0.3129
201:601:181:410;199.79;76.01;2.15;7.97;-4.44;1.38;0;;0.27795
201:601:181:510;0;0;0;0;-5.31;1.17;0;;0
201:601:181:610;0;0;0;0;-4.67;0.9;0;;0
201:601:181:710;0;0;0;0;-5.38;0.97;0;;0
201:601:181:810;0;0;0;0;-5.99;0.9;0;;0
201:601:181:910;0;0;0;0;-6.69;1.03;0;;0
201:601:182:010;0;0;0;0;-7.29;1.03;0;;0
201:601:182:110;0;0;0;0;-7.81;0.9;0;;0
201:601:182:210;0;0;0;0;-8.23;0.9;0;;0
201:601:182:310;0;0;0;0;-8.53;0.83;0;;0
201:601:190:010;0;0;0;0;-8.62;0.83;0;;0
201:601:190:110;0;0;0;0;-8.15;0.83;0;;0
201:601:190:210;0;0;0;0;-8.16;0.76;0;;0
201:601:190:310;0;0;0;0;-7.97;0.76;0;;0
201:601:190:410;0;0;0;0;-7.97;0.69;0;;0
201:601:190:510;0;0;0;0;-8;0.69;0;;0
201:601:190:610;0;0;0;0;-8.05;0.69;0;;0
201:601:190:710;0;26.85;0.65;4.97;-6.63;0.83;0;;0.0275
201:601:190:810;22.85;80.46;1.86;11.95;-6.1;0.97;0;;0.10517
201:601:190:910;61.38;139.56;3.31;17.19;-6.66;1.03;0;;0.20425
201:601:191:010;4.87;118.45;2.72;20.25;-5.2;1.31;0;;0.12604
201:601:191:110;0;99.59;2.27;20.81;-4.41;1.38;0;;0.10186
201:601:191:210;0;82.55;1.88;18.81;-4.09;1.45;0;;0.08443
201:601:191:310;0;58.32;1.33;14.47;-4.16;1.45;0;;0.05965
201:601:191:410;0;36.79;0.84;8.18;-4.43;1.38;0;;0.03763
201:601:191:510;0;0;0;0;-5.02;1.38;0;;0
201:601:191:610;0;0;0;0;-5.82;1.1;0;;0
201:601:191:710;0;0;0;0;-5;1.03;0;;0
201:601:191:810;0;0;0;0;-5.4;0.9;0;;0
201:601:191:910;0;0;0;0;-7.83;1.66;0;;0
201:601:192:010;0;0;0;0;-7.9;1.59;0;;0
201:601:192:110;0;0;0;0;-7.4;1.38;0;;0
201:601:192:210;0;0;0;0;-6.99;1.31;0;;0
201:601:192:310;0;0;0;0;-7.22;1.31;0;;0
201:601:200:010;0;0;0;0;-6.96;1.31;0;;0
201:601:200:110;0;0;0;0;-7.55;1.24;0;;0
201:601:200:210;0;0;0;0;-8.51;1.38;0;;0
201:601:200:310;0;0;0;0;-7.7;1.24;0;;0
201:601:200:410;0;0;0;0;-9.46;1.52;0;;0
201:601:200:510;0;0;0;0;-9.48;1.52;0;;0
201:601:200:610;0;0;0;0;-9.52;1.59;0;;0
201:601:200:710;0;20.14;0.49;5.11;-8.75;1.72;0;;0.02063
201:601:200:810;0;53.83;1.23;12.11;-7.27;1.66;0;;0.05506
201:601:200:910;37.05;129.72;3.04;17.38;-6.34;1.72;0;;0.16981
201:601:201:010;0;76.26;1.74;20.46;-5.83;1.79;0;;0.078
201:601:201:110;0;77.16;1.76;21.03;-5.32;1.93;0;;0.07892
201:601:201:210;0;82.55;1.88;19.04;-5.14;2;0;;0.08443
201:601:201:310;0;43.07;0.98;14.69;-4.88;2.14;0;;0.04405
201:601:201:410;0;28.71;0.65;8.4;-4.8;2.07;0;;0.02936
201:601:201:510;0;0;0;0;-5.19;1.59;0;;0
201:601:201:610;0;0;0;0;-6.4;1.38;0;;0
201:601:201:710;0;0;0;0;-6.98;1.24;0;;0
201:601:201:810;0;0;0;0;-6.27;1.1;0;;0
201:601:201:910;0;0;0;0;-5.57;1.03;0;;0
201:601:202:010;0;0;0;0;-5.7;0.97;0;;0
201:601:202:110;0;0;0;0;-5.69;0.9;0;;0
201:601:202:210;0;0;0;0;-5.66;0.9;0;;0
201:601:202:310;0;0;0;0;-6.7;1.17;0;;0
201:601:210:010;0;0;0;0;-6.66;1.17;0;;0
201:601:210:110;0;0;0;0;-6.32;1.1;0;;0
201:601:210:210;0;0;0;0;-5.83;1.03;0;;0
201:601:210:310;0;0;0;0;-5.64;0.83;0;;0
201:601:210:410;0;0;0;0;-5.63;0.9;0;;0
201:601:210:510;0;0;0;0;-5.85;1.03;0;;0
201:601:210:610;0;0;0;0;-7.27;1.31;0;;0
201:601:210:710;0;27.69;0.67;5.26;-8.85;1.72;0;;0.02836
201:601:210:810;149.86;123.02;2.92;12.28;-9.42;2.34;0;;0.2758
201:601:210:910;244.02;179.3;4.7;17.56;-8;2.41;0;;0.42802
201:601:211:010;26.4;145.72;3.41;20.66;-5.94;2.69;0;;0.17553
201:601:211:110;53.27;167.55;4;21.25;-5.27;3.1;0;;0.22482
201:601:211:210;126.07;176.52;4.43;19.27;-4.75;3.59;0;;0.30702
201:601:211:310;85.02;128.59;3.17;14.92;-4.63;3.59;0;;0.21678
201:601:211:410;115.63;80.2;2;8.63;-4.97;2.83;0;;0.19783
201:601:211:510;0;0;0;0;-5.74;2.34;0;;0
201:601:211:610;0;0;0;0;-7.23;2.21;0;;0
201:601:211:710;0;0;0;0;-8.95;2.14;0;;0
201:601:211:810;0;0;0;0;-10.41;1.93;0;;0
201:601:211:910;0;0;0;0;-9.83;1.72;0;;0
201:601:212:010;0;0;0;0;-8.6;1.59;0;;0
201:601:212:110;0;0;0;0;-8.25;1.52;0;;0
201:601:212:210;0;0;0;0;-8.45;1.45;0;;0
201:601:212:310;0;0;0;0;-8.75;1.38;0;;0
201:601:220:010;0;0;0;0;-9.05;1.31;0;;0
201:601:220:110;0;0;0;0;-9.74;1.38;0;;0
201:601:220:210;0;0;0;0;-10.06;1.38;0;;0
201:601:220:310;0;0;0;0;-10.25;1.38;0;;0
201:601:220:410;0;0;0;0;-10.73;1.45;0;;0
201:601:220:510;0;0;0;0;-11.07;1.38;0;;0
201:601:220:610;0;0;0;0;-11.32;1.38;0;;0
201:601:220:710;0;26.85;0.65;5.41;-12.76;1.45;0;;0.0275
201:601:220:810;551.29;85.77;4.35;12.45;-11.42;1.24;0;;0.64141
201:601:220:910;418.78;176.25;5.56;17.76;-9.4;0.9;0;;0.60059
201:601:221:010;802.68;93.75;7.87;20.88;-6.57;0.83;0;;0.9043
201:601:221:110;731;120.3;7.85;21.48;-6;0.69;0;;0.85915
201:601:221:210;523.16;155.65;6.56;19.5;-4.47;0.55;0;;0.68537
201:601:221:310;432.68;119.37;5.01;15.16;-4.34;0.41;0;;0.55706
201:601:221:410;333.65;59.3;2.82;8.86;-4.06;0.41;0;;0.39577
201:601:221:510;0;0;0;0;-4.46;0.28;0;;0
201:601:221:610;0;0;0;0;-5.61;0.48;0;;0
201:601:221:710;0;0;0;0;-6.52;0.41;0;;0
201:601:221:810;0;0;0;0;-7.38;0.55;0;;0
201:601:221:910;0;0;0;0;-7.98;0.62;0;;0
201:601:222:010;0;0;0;0;-8.69;0.69;0;;0
201:601:222:110;0;0;0;0;-9.22;0.69;0;;0
201:601:222:210;0;0;0;0;-9.7;0.76;0;;0
201:601:222:310;0;0;0;0;-10.01;0.76;0;;0
201:601:230:010;0;0;0;0;-10.24;0.76;0;;0
201:601:230:110;0;0;0;0;-11.22;0.83;0;;0
201:601:230:210;0;0;0;0;-11.43;0.83;0;;0
201:601:230:310;0;0;0;0;-11.53;0.76;0;;0
201:601:230:410;0;0;0;0;-11.56;0.83;0;;0
201:601:230:510;0;0;0;0;-11.61;0.83;0;;0
201:601:230:610;0;0;0;0;-11.65;0.83;0;;0
201:601:230:710;0;28.53;0.69;5.57;-12.17;0.97;0;;0.02922
201:601:230:810;535.22;85.63;4.31;12.63;-10.51;0.9;0;;0.62516
201:601:230:910;703.84;92.69;6.52;17.96;-8.95;0.97;0;;0.80305
201:601:231:010;789.41;94.23;7.83;21.1;-8.69;1.24;0;;0.89147
201:601:231:110;711.72;121.57;7.76;21.72;-6.1;1.52;0;;0.84105
201:601:231:210;169.83;184.59;4.82;19.74;-5.58;1.72;0;;0.35924
201:601:231:310;14.67;98.94;2.31;15.39;-5.46;1.79;0;;0.11592
201:601:231:410;9;51.95;1.21;9.09;-5.62;0;0;;0.06216
201:601:231:510;0;0;0;0;-6.11;0;0;;0
201:601:231:610;0;0;0;0;-6.76;1.24;0;;0
201:601:231:710;0;0;0;0;-7.38;1.17;0;;0
201:601:231:810;0;0;0;0;-7.54;1.24;0;;0
201:601:231:910;0;0;0;0;-7.89;0.97;0;;0
201:601:232:010;0;0;0;0;-7.71;0.9;0;;0
201:601:232:110;0;0;0;0;-7.61;0.83;0;;0
201:601:232:210;0;0;0;0;-7.4;0.76;0;;0
201:601:232:310;0;0;0;0;-7.19;0.62;0;;0
201:601:240:010;0;0;0;0;-7.32;0.69;0;;0
201:601:240:110;0;0;0;0;-6.84;0.69;0;;0
201:601:240:210;0;0;0;0;-6.53;0.62;0;;0
201:601:240:310;0;0;0;0;-6.37;0.76;0;;0
201:601:240:410;0;0;0;0;-5.98;0.83;0;;0
201:601:240:510;0;0;0;0;-5.71;0.83;0;;0
201:601:240:610;0;0;0;0;-5.62;0.83;0;;0
201:601:240:710;0;29.37;0.72;5.73;-5.97;0.76;0;;0.03009
201:601:240:810;3.07;67.85;1.55;12.82;-5.45;0.62;0;;0.07247
201:601:240:910;145.64;167.72;4.19;18.17;-4.3;0.69;0;;0.31755
201:601:241:010;7.04;124.21;2.86;21.33;-3.07;0.76;0;;0.13411
201:601:241:110;0;89.72;2.04;21.96;-1.81;0.97;0;;0.09176
201:601:241:210;2.28;101.75;2.33;19.99;-0.98;0.97;0;;0.10636
201:601:241:310;0;52.94;1.21;15.64;-0.5;1.1;0;;0.05415
201:601:241:410;8.81;53.72;1.25;9.33;-0.48;1.17;0;;0.06378
201:601:241:510;0;0;0;0;-0.88;0.97;0;;0
201:601:241:610;0;0;0;0;-1.26;1.03;0;;0
201:601:241:710;0;0;0;0;-1.55;1.03;0;;0
201:601:241:810;0;0;0;0;-1.89;1.03;0;;0
201:601:241:910;0;0;0;0;-2.61;0.9;0;;0
201:601:242:010;0;0;0;0;-2.75;0.62;0;;0
201:601:242:110;0;0;0;0;-2.94;0.62;0;;0
201:601:242:210;0;0;0;0;-3.06;0.69;0;;0
201:601:242:310;0;0;0;0;-2.98;0.62;0;;0
201:601:250:010;0;0;0;0;-2.89;0.62;0;;0
201:601:250:110;0;0;0;0;-3.29;0.69;0;;0
201:601:250:210;0;0;0;0;-3.1;0.62;0;;0
201:601:250:310;0;0;0;0;-3.17;0.62;0;;0
201:601:250:410;0;0;0;0;-3.25;0.62;0;;0
201:601:250:510;0;0;0;0;-3.41;0.69;0;;0
201:601:250:610;0;0;0;0;-3.33;0.69;0;;0
201:601:250:710;0;31.89;0.78;5.9;-3.65;0.76;0;;0.03267
201:601:250:810;0;28.71;0.65;13.01;-3.15;0.83;0;;0.02936
201:601:250:910;0;84.34;1.92;18.38;-2.53;1.31;0;;0.08626
201:601:251:010;0;69.09;1.57;21.56;-2.09;1.24;0;;0.07066
201:601:251:110;0;73.57;1.68;22.2;-1.98;1.24;0;;0.07525
201:601:251:210;0;80.75;1.84;20.24;-1.81;1.17;0;;0.08259
201:601:251:310;0;43.07;0.98;15.89;-1.64;1.03;0;;0.04405
201:601:251:410;2.88;44.41;1.02;9.57;-1.63;0.97;0;;0.04831
201:601:251:510;0;1.68;0.04;1.76;-1.67;0.97;0;;0.00172
201:601:251:610;0;0;0;0;-1.76;1.03;0;;0
201:601:251:710;0;0;0;0;-1.71;1.17;0;;0
201:601:251:810;0;0;0;0;-1.61;1.31;0;;0
201:601:251:910;0;0;0;0;-2.33;1.24;0;;0
201:601:252:010;0;0;0;0;-2.17;1.31;0;;0
201:601:252:110;0;0;0;0;-1.96;1.31;0;;0
201:601:252:210;0;0;0;0;-1.71;1.31;0;;0
201:601:252:310;0;0;0;0;-1.49;1.38;0;;0
201:601:260:010;0;0;0;0;-1.18;1.38;0;;0
201:601:260:110;0;0;0;0;-0.67;1.38;0;;0
201:601:260:210;0;0;0;0;-0.33;1.31;0;;0
201:601:260:310;0;0;0;0;-0.09;1.31;0;;0
201:601:260:410;0;0;0;0;0.16;1.24;0;;0
201:601:260:510;0;0;0;0;0.35;1.24;0;;0
201:601:260:610;0;0;0;0;0.43;1.1;0;;0
201:601:260:710;0;33.56;0.82;6.08;0.56;0.9;0;;0.03438
201:601:260:810;110.84;116.87;2.82;13.21;1.64;0.41;0;;0.23053
201:601:260:910;107.86;158.99;3.92;18.6;2.32;0.21;0;;0.27077
201:601:261:010;0;103.18;2.35;21.8;2.36;0.55;0;;0.10553
201:601:261:110;0;82.55;1.88;22.46;2.06;0.76;0;;0.08443
201:601:261:210;0;68.19;1.55;20.49;2.32;0.69;0;;0.06974
201:601:261:310;0;52.94;1.21;16.14;2.18;0.69;0;;0.05415
201:601:261:410;2.82;45.3;1.04;9.81;1.66;0.83;0;;0.04916
201:601:261:510;0;1.68;0.04;1.99;1.5;0.97;0;;0.00172
201:601:261:610;0;0;0;0;1.27;0.97;0;;0
201:601:261:710;0;0;0;0;0.99;0.9;0;;0
201:601:261:810;0;0;0;0;0.92;0.76;0;;0
201:601:261:910;0;0;0;0;0.77;0.21;0;;0
201:601:262:010;0;0;0;0;0.45;0.41;0;;0
201:601:262:110;0;0;0;0;0.13;0.55;0;;0
201:601:262:210;0;0;0;0;0.06;0.41;0;;0
201:601:262:310;0;0;0;0;0.09;0.28;0;;0
201:601:270:010;0;0;0;0;0.06;0.21;0;;0
201:601:270:110;0;0;0;0;0.38;0.55;0;;0
201:601:270:210;0;0;0;0;0.3;0.69;0;;0
201:601:270:310;0;0;0;0;0.33;0.83;0;;0
201:601:270:410;0;0;0;0;0.42;0.9;0;;0
201:601:270:510;0;0;0;0;0.38;0.97;0;;0
201:601:270:610;0;0;0;0;0.37;0.9;0;;0
201:601:270:710;0;34.4;0.84;6.26;0.03;1.03;0;;0.03524
201:601:270:810;502.69;89.37;4.37;13.41;0.77;0;0;;0.59643
201:601:270:910;2.48;99.12;2.27;18.83;1.42;0;0;;0.10387
201:601:271:010;0;87.03;1.98;22.05;2.29;1.24;0;;0.08901
201:601:271:110;106.09;191.13;4.78;22.71;2.72;1.31;0;;0.302
201:601:271:210;181.67;186.98;5.03;20.76;3.31;1.31;0;;0.37368
201:601:271:310;368.87;127.96;4.94;16.4;3.32;1.31;0;;0.50177
201:601:271:410;226.98;81.61;2.74;10.06;2.93;1.24;0;;0.31133
201:601:271:510;0;6.71;0.16;2.23;1.98;1.24;0;;0.00687
201:601:271:610;0;0;0;0;1.97;1.1;0;;0
201:601:271:710;0;0;0;0;2.21;1.03;0;;0
201:601:271:810;0;0;0;0;2.09;1.03;0;;0
201:601:271:910;0;0;0;0;-0.8;1.1;0;;0
201:601:272:010;0;0;0;0;-1.07;1.03;0;;0
201:601:272:110;0;0;0;0;-1.16;0.97;0;;0
201:601:272:210;0;0;0;0;-0.95;0.9;0;;0
201:601:272:310;0;0;0;0;-0.87;0.97;0;;0
201:601:280:010;0;0;0;0;-0.13;0.9;0;;0
201:601:280:110;0;0;0;0;0.98;0.76;0;;0
201:601:280:210;0;0;0;0;0.77;0.83;0;;0
201:601:280:310;0;0;0;0;0.93;0.76;0;;0
201:601:280:410;0;0;0;0;1.47;0.55;0;;0
201:601:280:510;0;0;0;0;2.41;0.41;0;;0
201:601:280:610;0;0;0;0;3.69;0;0;;0
201:601:280:710;0;5.87;0.14;6.45;2.39;0;0;;0.00601
201:601:280:810;0;35.89;0.82;13.62;3.41;1.17;0;;0.03671
201:601:280:910;140.31;168.91;4.27;19.06;5.53;0.76;0;;0.31349
201:601:281:010;6.81;125.01;2.88;22.3;6.55;0.83;0;;0.1347
201:601:281:110;0;101.39;2.31;22.98;4.99;1.38;0;;0.1037
201:601:281:210;0;30.51;0.69;21.02;4.9;1.72;0;;0.0312
201:601:281:310;0;58.32;1.33;16.66;4.57;1.79;0;;0.05965
201:601:281:410;0;11.66;0.27;10.31;4.59;1.59;0;;0.01193
201:601:281:510;0;2.52;0.06;2.47;4.08;1.59;0;;0.00258
201:601:281:610;0;0;0;0;3.45;1.59;0;;0
201:601:281:710;0;0;0;0;3.15;1.52;0;;0
201:601:281:810;0;0;0;0;3.22;1.52;0;;0
201:601:281:910;0;0;0;0;2.38;1.59;0;;0
201:601:282:010;0;0;0;0;1.91;1.66;0;;0
201:601:282:110;0;0;0;0;1.05;1.72;0;;0
201:601:282:210;0;0;0;0;-0.36;1.66;0;;0
201:601:282:310;0;0;0;0;-1.4;1.66;0;;0
201:601:290:010;0;0;0;0;-1.6;1.52;0;;0
201:601:290:110;0;0;0;0;-2.45;1.38;0;;0
201:601:290:210;0;0;0;0;-2.38;1.24;0;;0
201:601:290:310;0;0;0;0;-2.51;1.17;0;;0
201:601:290:410;0;0;0;0;-1.21;0.83;0;;0
201:601:290:510;0;0;0;0;-0.97;0.76;0;;0
201:601:290:610;0;0;0;0;-0.4;0.62;0;;0
201:601:290:710;0;11.75;0.29;6.65;0.59;0.76;0;;0.01204
201:601:290:810;40.32;100.63;2.37;13.84;0.56;0.76;0;;0.14332
201:601:290:910;187.73;181.52;4.72;19.3;1.05;0.97;0;;0.37397
201:601:291:010;781.29;96.94;8.17;22.55;1.74;1.31;0;;0.8864
201:601:291:110;782.85;94.67;8.44;23.25;2.74;1.59;0;;0.88596
201:601:291:210;289.42;196.82;5.88;21.29;3.25;1.93;0;;0.49212
201:601:291:310;545.26;83.07;5.84;16.92;3.05;1.66;0;;0.63417
201:601:291:410;330.24;66.82;3.29;10.56;2.83;1.52;0;;0.40035
201:601:291:510;0;8.39;0.2;2.72;2.08;1.38;0;;0.00859
201:601:291:610;0;0;0;0;1.21;1.31;0;;0
201:601:291:710;0;0;0;0;0.19;1.31;0;;0
201:601:291:810;0;0;0;0;-0.5;1.24;0;;0
201:601:291:910;0;0;0;0;0;1.1;0;;0
201:601:292:010;0;0;0;0;0.43;0.97;0;;0
201:601:292:110;0;0;0;0;0.19;0.97;0;;0
201:601:292:210;0;0;0;0;-0.1;0.9;0;;0
201:601:292:310;0;0;0;0;-0.26;0.97;0;;0
201:601:300:010;0;0;0;0;-0.66;1.03;0;;0
201:601:300:110;0;0;0;0;-0.63;0.9;0;;0
201:601:300:210;0;0;0;0;-0.69;0.69;0;;0
201:601:300:310;0;0;0;0;-0.86;0.62;0;;0
201:601:300:410;0;0;0;0;-0.63;0.48;0;;0
201:601:300:510;0;0;0;0;-0.29;0.48;0;;0
201:601:300:610;0;0;0;0;0.16;0.48;0;;0
201:601:300:710;0;37.76;0.92;6.85;0.65;0.62;0;;0.03868
201:601:300:810;39.79;102.3;2.41;14.06;0.9;0.9;0;;0.1445
201:601:300:910;48.29;148.21;3.53;19.54;2.3;1.17;0;;0.20003
201:601:301:010;0;74.47;1.7;22.82;2.82;1.52;0;;0.07617
201:601:301:110;0;70.88;1.61;23.52;3.04;1.72;0;;0.07249
201:601:301:210;0;48.45;1.1;21.57;3.25;1.72;0;;0.04955
201:601:301:310;0;53.83;1.23;17.19;3.03;1.86;0;;0.05506
201:601:301:410;0;14.36;0.33;10.82;2.89;2;0;;0.01469
201:601:301:510;0;4.2;0.1;2.96;2.18;1.79;0;;0.0043
201:601:301:610;0;0;0;0;1.58;1.45;0;;0
201:601:301:710;0;0;0;0;1.16;1.45;0;;0
201:601:301:810;0;0;0;0;1.01;1.38;0;;0
201:601:301:910;0;0;0;0;0.72;1.24;0;;0
201:601:302:010;0;0;0;0;0.66;1.31;0;;0
201:601:302:110;0;0;0;0;0.59;1.24;0;;0
201:601:302:210;0;0;0;0;0.6;1.1;0;;0
201:601:302:310;0;0;0;0;0.42;1.1;0;;0
201:601:310:010;0;0;0;0;0.41;0.97;0;;0
201:601:310:110;0;0;0;0;1.28;0.69;0;;0
201:601:310:210;0;0;0;0;1.68;0.62;0;;0
201:601:310:310;0;0;0;0;1.29;0.9;0;;0
201:601:310:410;0;0;0;0;1.01;1.24;0;;0
201:601:310:510;0;0;0;0;1.41;1.86;0;;0
201:601:310:610;0;0;0;0;2.34;3.1;0;;0
201:601:310:710;0;22.66;0.55;7.06;2.26;3.79;0;;0.02321
201:601:310:810;72.91;117.86;2.82;14.29;2.06;3.52;0;;0.19359
201:601:310:910;619.33;124.03;6.72;19.79;2.12;3.24;0;;0.75008
201:601:311:010;0;78.96;1.8;23.08;2.68;3.24;0;;0.08076
201:601:311:110;0;58.32;1.33;23.8;3.24;3.31;0;;0.05965
201:601:311:210;613.33;127.88;7.46;21.85;2.84;3.03;0;;0.74867
201:601:311:310;296.53;152.71;5.01;17.46;2.42;2.62;0;;0.45425
201:601:311:410;284.69;80.23;3.27;11.08;2.18;2.41;0;;0.36819
201:601:311:510;0;10.91;0.27;3.21;1.3;1.86;0;;0.01118
201:601:311:610;0;0;0;0;0.11;1.45;0;;0
201:601:311:710;0;0;0;0;-1.42;1.38;0;;0
201:601:311:810;0;0;0;0;-1.94;1.45;0;;0
201:601:311:910;0;0;0;0;-1.42;1.52;0;;0
201:601:312:010;0;0;0;0;-1.29;1.52;0;;0
201:601:312:110;0;0;0;0;-0.79;1.38;0;;0
201:601:312:210;0;0;0;0;-0.87;1.38;0;;0
201:601:312:310;0;0;0;0;-1.16;1.72;0;;0
201:602:010:010;0;0;0;0;-0.23;1.38;0;;0
201:602:010:110;0;0;0;0;-0.29;1.38;0;;0
201:602:010:210;0;0;0;0;0;1.52;0;;0
201:602:010:310;0;0;0;0;0.08;1.45;0;;0
201:602:010:410;0;0;0;0;0.12;1.45;0;;0
201:602:010:510;0;0;0;0;0.16;1.31;0;;0
201:602:010:610;0;0;0;0;0.14;1.1;0;;0
201:602:010:710;20.73;44.69;1.02;7.27;0.26;1.03;0;;0.06644
201:602:010:810;19.37;93.76;2.19;14.52;0.81;1.45;0;;0.11532
201:602:010:910;52.09;150.64;3.62;20.05;1.66;1.66;0;;0.20635
201:602:011:010;461.02;200.02;7.13;23.36;2.6;1.86;0;;0.66817
201:602:011:110;180.32;216.07;5.74;24.08;3.29;2.14;0;;0.40213
201:602:011:210;620.49;125.88;7.56;22.13;3.7;2.34;0;;0.75393
201:602:011:310;418.79;127.4;5.58;17.74;3.75;2;0;;0.55177
201:602:011:410;10.07;66.46;1.55;11.35;3.54;1.72;0;;0.07808
201:602:011:510;0;3.36;0.08;3.46;3.33;1.24;0;;0.00344
201:602:011:610;0;0;0;0;2.4;1.24;0;;0
201:602:011:710;0;0;0;0;1.86;1.03;0;;0
201:602:011:810;0;0;0;0;1.81;0.97;0;;0
201:602:011:910;0;0;0;0;1.8;0.83;0;;0
201:602:012:010;0;0;0;0;1.83;0.9;0;;0
201:602:012:110;0;0;0;0;1.78;1.1;0;;0
201:602:012:210;0;0;0;0;1.84;1.31;0;;0
201:602:012:310;0;0;0;0;2.27;1.72;0;;0
201:602:020:010;0;0;0;0;3.85;2.62;0;;0
201:602:020:110;0;0;0;0;4.6;2.97;0;;0
201:602:020:210;0;0;0;0;4.7;2.83;0;;0
201:602:020:310;0;0;0;0;4.18;2.48;0;;0
201:602:020:410;0;0;0;0;3.69;2.28;0;;0
201:602:020:510;0;0;0;0;2.91;2;0;;0
201:602:020:610;0;0;0;0;2.22;1.93;0;;0
201:602:020:710;4.04;36.61;0.84;7.49;2.84;1.93;0;;0.04149
201:602:020:810;5.46;78.12;1.8;14.76;4.03;2;0;;0.08538
201:602:020:910;0;88.83;2.02;20.31;5.12;2.48;0;;0.09085
201:602:021:010;39.18;170.75;4.07;23.64;6.18;2.55;0;;0.214
201:602:021:110;48.39;181.76;4.37;24.37;6.66;2.41;0;;0.23452
201:602:021:210;115.42;190.84;4.88;22.42;6.89;2.41;0;;0.31114
201:602:021:310;17.43;115.48;2.72;18.02;6.32;1.52;0;;0.13563
201:602:021:410;29.67;80.59;1.94;11.61;6.63;1.45;0;;0.1122
201:602:021:510;0;16.78;0.41;3.71;5.43;1.31;0;;0.01719
201:602:021:610;0;0;0;0;3.1;1.38;0;;0
201:602:021:710;0;0;0;0;1.77;1.38;0;;0
201:602:021:810;0;0;0;0;1.09;1.45;0;;0
201:602:021:910;0;0;0;0;1.27;1.31;0;;0
201:602:022:010;0;0;0;0;2.19;1.03;0;;0
201:602:022:110;0;0;0;0;2.09;0.97;0;;0
201:602:022:210;0;0;0;0;1.41;0.83;0;;0
201:602:022:310;0;0;0;0;1.57;0.97;0;;0
201:602:030:010;0;0;0;0;1.37;1.24;0;;0
201:602:030:110;0;0;0;0;2;1.31;0;;0
201:602:030:210;0;0;0;0;1.77;1.31;0;;0
201:602:030:310;0;0;0;0;1.62;1.38;0;;0
201:602:030:410;0;0;0;0;1.52;1.52;0;;0
201:602:030:510;0;0;0;0;0.98;1.45;0;;0
201:602:030:610;0;0;0;0;0.47;1.24;0;;0
201:602:030:710;102.17;70.88;1.61;7.71;1.4;1.03;0;;0.17466
201:602:030:810;59.25;117.82;2.82;15.01;2.86;0.69;0;;0.17989
201:602:030:910;53.4;156.36;3.76;20.58;4.62;0.69;0;;0.21352
201:602:031:010;2.16;121.46;2.78;23.92;6.14;1.72;0;;0.1264
201:602:031:110;0;102.28;2.33;24.66;6.35;1.86;0;;0.10461
201:602:031:210;0;68.19;1.55;22.71;6.32;2;0;;0.06974
201:602:031:310;0;61.91;1.41;18.3;5.82;1.86;0;;0.06332
201:602:031:410;0;45.76;1.04;11.88;5.02;1.59;0;;0.0468
201:602:031:510;0;10.07;0.25;3.97;3.77;1.24;0;;0.01032
201:602:031:610;0;0;0;0;2.36;1.52;0;;0
201:602:031:710;0;0;0;0;1.25;1.52;0;;0
201:602:031:810;0;0;0;0;0.47;1.52;0;;0
201:602:031:910;0;0;0;0;0.27;1.72;0;;0
201:602:032:010;0;0;0;0;-0.02;1.66;0;;0
201:602:032:110;0;0;0;0;-0.41;1.66;0;;0
201:602:032:210;0;0;0;0;-0.75;1.66;0;;0
201:602:032:310;0;0;0;0;-1.09;1.72;0;;0
201:602:040:010;0;0;0;0;-1.35;1.72;0;;0
201:602:040:110;0;0;0;0;-1.55;1.72;0;;0
201:602:040:210;0;0;0;0;-1.81;1.79;0;;0
201:602:040:310;0;0;0;0;-1.26;2.21;0;;0
201:602:040:410;0;0;0;0;-0.7;2.41;0;;0
201:602:040:510;0;0;0;0;-0.8;2.48;0;;0
201:602:040:610;0;0;0;0;-0.85;2.69;0;;0
201:602:040:710;0;33.2;0.76;7.94;-0.63;2.55;0;;0.03396
201:602:040:810;37.2;111.56;2.64;15.26;-0.14;3.1;0;;0.1514
201:602:040:910;280.44;201.72;5.72;20.85;0.83;3.45;0;;0.48788
201:602:041:010;308.11;230.53;6.72;24.21;1.82;3.79;0;;0.54536
201:602:041:110;117.93;216.39;5.48;24.96;2.19;3.93;0;;0.3398
201:602:041:210;0;58.32;1.33;23.01;2.43;4;0;;0.05965
201:602:041:310;83.07;154.86;3.9;18.58;2.42;3.79;0;;0.24183
201:602:041:410;93.04;103.67;2.7;12.15;2.06;3.24;0;;0.19941
201:602:041:510;0;5.03;0.12;4.23;1.32;2.28;0;;0.00515
201:602:041:610;0;0;0;0;-0.19;1.59;0;;0
201:602:041:710;0;0;0;0;-1.4;1.17;0;;0
201:602:041:810;0;0;0;0;-1.57;1.1;0;;0
201:602:041:910;0;0;0;0;-0.95;1.17;0;;0
201:602:042:010;0;0;0;0;-1.16;1.17;0;;0
201:602:042:110;0;0;0;0;-1.41;1.1;0;;0
201:602:042:210;0;0;0;0;-1.51;1.03;0;;0
201:602:042:310;0;0;0;0;-1.51;1.03;0;;0
201:602:050:010;0;0;0;0;-1.7;1.1;0;;0
201:602:050:110;0;0;0;0;-1.65;1.17;0;;0
201:602:050:210;0;0;0;0;-1.51;1.17;0;;0
201:602:050:310;0;0;0;0;-1.41;1.1;0;;0
201:602:050:410;0;0;0;0;-1.55;1.1;0;;0
201:602:050:510;0;0;0;0;-1.93;1.31;0;;0
201:602:050:610;0;0;0;0;-2.42;1.38;0;;0
201:602:050:710;190.17;84.61;2.08;8.18;-3.31;1.86;0;;0.27686
201:602:050:810;186.11;150.35;3.9;15.51;-2.5;2.14;0;;0.34036
201:602:050:910;716.92;109.02;7.66;21.13;0.7;2.41;0;;0.8336
201:602:051:010;757.29;129.92;8.85;24.51;1.57;2.76;0;;0.89606
201:602:051:110;771.41;124.55;9.19;25.26;2.1;3.24;0;;0.90515
201:602:051:210;647.29;133.87;8.17;23.31;2.3;3.17;0;;0.78933
201:602:051:310;480.21;126.77;6.31;18.87;2.37;2.97;0;;0.61329
201:602:051:410;295.38;93.39;3.8;12.43;2;2.48;0;;0.39257
201:602:051:510;0;21.82;0.53;4.49;1.19;1.72;0;;0.02235
201:602:051:610;0;0;0;0;-0.66;1.38;0;;0
201:602:051:710;0;0;0;0;-1.52;1.17;0;;0
201:602:051:810;0;0;0;0;-1.09;0.97;0;;0
201:602:051:910;0;0;0;0;-0.63;0.69;0;;0
201:602:052:010;0;0;0;0;-0.88;0.55;0;;0
201:602:052:110;0;0;0;0;-1.03;0.69;0;;0
201:602:052:210;0;0;0;0;-1.07;0.69;0;;0
201:602:052:310;0;0;0;0;-1.1;0.69;0;;0
201:602:060:010;0;0;0;0;-0.86;0.69;0;;0
201:602:060:110;0;0;0;0;-1.85;0.76;0;;0
201:602:060:210;0;0;0;0;-2.2;0.76;0;;0
201:602:060:310;0;0;0;0;-1.77;0.62;0;;0
201:602:060:410;0;0;0;0;-1.55;0.55;0;;0
201:602:060:510;0;0;0;0;-1.55;0.55;0;;0
201:602:060:610;0;0;0;0;-1.47;0.62;0;;0
201:602:060:710;32.71;59.4;1.37;8.42;-1.21;0.55;0;;0.09348
201:602:060:810;2.59;77.58;1.78;15.78;-0.38;0.55;0;;0.08195
201:602:060:910;54.08;163.66;3.94;21.41;1.09;0.69;0;;0.22168
201:602:061:010;14.72;156.21;3.64;24.8;2.47;0.9;0;;0.17457
201:602:061:110;16.28;162.77;3.8;25.57;3.46;1.1;0;;0.18285
201:602:061:210;30.35;164.9;3.92;23.61;4.3;1.31;0;;0.19917
201:602:061:310;18.74;125.61;2.96;19.17;5;1.45;0;;0.14731
201:602:061:410;23.04;84.38;2.02;12.71;4.59;1.45;0;;0.10944
201:602:061:510;0;23.49;0.57;4.75;3.08;1.52;0;;0.02406
201:602:061:610;0;0;0;0;1.23;1.66;0;;0
201:602:061:710;0;0;0;0;-0.32;1.59;0;;0
201:602:061:810;0;0;0;0;-0.74;1.45;0;;0
201:602:061:910;0;0;0;0;-1.45;1.52;0;;0
201:602:062:010;0;0;0;0;-2.11;1.52;0;;0
201:602:062:110;0;0;0;0;-2.04;1.52;0;;0
201:602:062:210;0;0;0;0;-1.94;1.59;0;;0
201:602:062:310;0;0;0;0;-1.98;1.66;0;;0
201:602:070:010;0;0;0;0;-2.07;1.72;0;;0
201:602:070:110;0;0;0;0;-2.08;1.86;0;;0
201:602:070:210;0;0;0;0;-1.83;2;0;;0
201:602:070:310;0;0;0;0;-1.6;2.14;0;;0
201:602:070:410;0;0;0;0;-1.81;2.21;0;;0
201:602:070:510;0;0;0;0;-1.91;2.21;0;;0
201:602:070:610;0;0;0;0;-2.12;2.28;0;;0
201:602:070:710;0;29.61;0.67;8.66;-1.53;2.48;0;;0.03028
201:602:070:810;0;70.88;1.61;16.04;-0.86;2.55;0;;0.07249
201:602:070:910;2.23;109.81;2.51;21.7;0.19;2.69;0;;0.11455
201:602:071:010;0;76.26;1.74;25.11;1.25;2.9;0;;0.078
201:602:071:110;36.31;185.13;4.41;25.88;2.44;2.97;0;;0.22585
201:602:071:210;0;67.29;1.53;23.92;3.72;3.59;0;;0.06882
201:602:071:310;4.12;108.35;2.49;19.46;4.37;3.72;0;;0.11496
201:602:071:410;0;46.66;1.06;12.98;4.63;3.17;0;;0.04772
201:602:071:510;0;20.98;0.51;5.01;4.05;2.97;0;;0.02149
201:602:071:610;0;0;0;0;2.64;2.62;0;;0
201:602:071:710;0;0;0;0;1.36;2.28;0;;0
201:602:071:810;0;0;0;0;0.72;2.07;0;;0
201:602:071:910;0;0;0;0;0.02;1.86;0;;0
201:602:072:010;0;0;0;0;-0.84;1.79;0;;0
201:602:072:110;0;0;0;0;-1.31;1.66;0;;0
201:602:072:210;0;0;0;0;-2.01;1.59;0;;0
201:602:072:310;0;0;0;0;-2.5;1.59;0;;0
201:602:080:010;0;0;0;0;-2.52;1.52;0;;0
201:602:080:110;0;0;0;0;-1.48;1.45;0;;0
201:602:080:210;0;0;0;0;-0.94;1.38;0;;0
201:602:080:310;0;0;0;0;-0.96;1.38;0;;0
201:602:080:410;0;0;0;0;-0.28;1.31;0;;0
201:602:080:510;0;0;0;0;0.13;1.31;0;;0
201:602:080:610;0;0;0;0;0.22;1.31;0;;0
201:602:080:710;0;19.74;0.45;8.91;-0.13;1.17;0;;0.02019
201:602:080:810;2.52;81.16;1.86;16.31;1.56;1.31;0;;0.08554
201:602:080:910;0;74.47;1.7;21.99;2.42;1.52;0;;0.07617
201:602:081:010;0;92.42;2.1;25.42;3.38;1.79;0;;0.09452
201:602:081:110;0;60.11;1.37;26.2;3.53;2.28;0;;0.06148
201:602:081:210;0;39.48;0.9;24.23;3.21;2.28;0;;0.04038
201:602:081:310;0;79.85;1.82;19.76;3.33;2.62;0;;0.08167
201:602:081:410;0;42.17;0.96;13.26;3.52;2.48;0;;0.04313
201:602:081:510;0;14.26;0.35;5.28;3.61;2.34;0;;0.01461
201:602:081:610;0;0;0;0;3.35;1.79;0;;0
201:602:081:710;0;0;0;0;3.09;1.66;0;;0
201:602:081:810;0;0;0;0;2.96;1.72;0;;0
201:602:081:910;0;0;0;0;3.09;1.79;0;;0
201:602:082:010;0;0;0;0;2.99;1.79;0;;0
201:602:082:110;0;0;0;0;2.96;1.86;0;;0
201:602:082:210;0;0;0;0;3.09;1.79;0;;0
201:602:082:310;0;0;0;0;3.27;1.72;0;;0
201:602:090:010;0;0;0;0;3.34;1.59;0;;0
201:602:090:110;0;0;0;0;3.32;1.38;0;;0
201:602:090:210;0;0;0;0;3.08;1.31;0;;0
201:602:090:310;0;0;0;0;2.85;1.31;0;;0
201:602:090:410;0;0;0;0;2.86;1.31;0;;0
201:602:090:510;0;0;0;0;2.69;1.31;0;;0
201:602:090:610;0;0;0;0;2.54;1.31;0;;0
201:602:090:710;0;28.71;0.65;9.17;1.93;0.9;0;;0.02936
201:602:090:810;99.34;141.49;3.51;16.59;3.66;0.76;0;;0.24434
201:602:090:910;6.56;124.95;2.88;22.29;5.76;1.24;0;;0.13439
201:602:091:010;102.45;214.11;5.37;25.73;6.91;2.07;0;;0.32193
201:602:091:110;0;105.87;2.41;26.52;7.95;2.83;0;;0.10828
201:602:091:210;133.89;210.33;5.52;24.54;8.68;3.52;0;;0.34974
201:602:091:310;0;91.52;2.08;20.06;8.71;3.31;0;;0.0936
201:602:091:410;0;19.74;0.45;13.55;7.95;3.66;0;;0.02019
201:602:091:510;0;11.66;0.27;5.54;7.26;3.59;0;;0.01193
201:602:091:610;0;0;0;0;6.76;3.59;0;;0
201:602:091:710;0;0;0;0;6.62;3.86;0;;0
201:602:091:810;0;0;0;0;6.61;4.14;0;;0
201:602:091:910;0;0;0;0;6.34;3.72;0;;0
201:602:092:010;0;0;0;0;6.37;3.86;0;;0
201:602:092:110;0;0;0;0;6.32;3.86;0;;0
201:602:092:210;0;0;0;0;6.26;3.86;0;;0
201:602:092:310;0;0;0;0;5.87;3.79;0;;0
201:602:100:010;0;0;0;0;5.8;3.79;0;;0
201:602:100:110;0;0;0;0;5.6;3.72;0;;0
201:602:100:210;0;0;0;0;5.33;3.86;0;;0
201:602:100:310;0;0;0;0;5.09;3.45;0;;0
201:602:100:410;0;0;0;0;4.7;2.9;0;;0
201:602:100:510;0;0;0;0;4.18;2.07;0;;0
201:602:100:610;0;0;0;0;3.51;1.79;0;;0
201:602:100:710;0;26.92;0.61;9.43;3.41;1.59;0;;0.02753
201:602:100:810;0;44.86;1.02;16.87;3.34;1.79;0;;0.04588
201:602:100:910;0;61.91;1.41;22.59;3.26;1.79;0;;0.06332
201:602:101:010;0;72.68;1.65;26.05;3.33;1.45;0;;0.07433
201:602:101:110;0;63.7;1.45;26.84;3.23;1.24;0;;0.06515
201:602:101:210;0;33.2;0.76;24.86;3.09;1.79;0;;0.03396
201:602:101:310;0;40.38;0.92;20.36;2.93;1.38;0;;0.0413
201:602:101:410;0;36.79;0.84;13.83;2.39;1.93;0;;0.03763
201:602:101:510;0;11.66;0.27;5.81;1.49;2.76;0;;0.01193
201:602:101:610;0;0;0;0;0.88;3.72;0;;0
201:602:101:710;0;0;0;0;0.57;3.86;0;;0
201:602:101:810;0;0;0;0;0.38;4.07;0;;0
201:602:101:910;0;0;0;0;0;3.93;0;;0
201:602:102:010;0;0;0;0;0.07;3.1;0;;0
201:602:102:110;0;0;0;0;0.14;2.34;0;;0
201:602:102:210;0;0;0;0;0.1;2.34;0;;0
201:602:102:310;0;0;0;0;-0.1;2.21;0;;0
201:602:110:010;0;0;0;0;-0.25;2.28;0;;0
201:602:110:110;0;0;0;0;-0.03;2.14;0;;0
201:602:110:210;0;0;0;0;-0.08;2;0;;0
201:602:110:310;0;0;0;0;-0.17;1.93;0;;0
201:602:110:410;0;0;0;0;-0.26;1.93;0;;0
201:602:110:510;0;0;0;0;-0.21;1.86;0;;0
201:602:110:610;0;0;0;0;-0.29;1.86;0;;0
201:602:110:710;6.42;52.34;1.21;9.7;-0.6;1.45;0;;0.05997
201:602:110:810;38.69;125.11;2.98;17.16;0;1.93;0;;0.16678
201:602:110:910;107.18;196.05;4.92;22.9;0.68;2.62;0;;0.30815
201:602:111:010;18.12;172.16;4.02;26.37;1.37;2.76;0;;0.1943
201:602:111:110;0;79.85;1.82;27.17;1.85;2.62;0;;0.08167
201:602:111:210;0;124.72;2.84;25.18;2.35;2.69;0;;0.12756
201:602:111:310;0;72.68;1.65;20.67;2.34;2.83;0;;0.07433
201:602:111:410;91.21;117.86;3.13;14.12;2.19;2.07;0;;0.2122
201:602:111:510;65.32;46.48;1.25;6.08;1.65;2.48;0;;0.11305
201:602:111:610;0;0;0;0;0.55;1.52;0;;0
201:602:111:710;0;0;0;0;-0.83;1.24;0;;0
201:602:111:810;0;0;0;0;-0.79;1.1;0;;0
201:602:111:910;0;0;0;0;-1.93;1.38;0;;0
201:602:112:010;0;0;0;0;-0.81;1.17;0;;0
201:602:112:110;0;0;0;0;-1.23;1.03;0;;0
201:602:112:210;0;0;0;0;-1.87;0.9;0;;0
201:602:112:310;0;0;0;0;-2.38;0.76;0;;0
201:602:120:010;0;0;0;0;-2.55;0.48;0;;0
201:602:120:110;0;0;0;0;-2.46;0.41;0;;0
201:602:120:210;0;0;0;0;-3.19;0;0;;0
201:602:120:310;0;0;0;0;-3.99;0;0;;0
201:602:120:410;0;0;0;0;-5.69;0.69;0;;0
201:602:120:510;0;0;0;0;-6.52;0.83;0;;0
201:602:120:610;0;0;0;0;-6.9;0.97;0;;0
201:602:120:710;90.89;87.61;2.1;9.97;-3.48;0.97;0;;0.1806
201:602:120:810;150.31;160.22;4.15;17.45;-0.94;0.97;0;;0.31468
201:602:120:910;668.54;134.35;8.09;23.21;-0.29;1.38;0;;0.81098
201:602:121:010;3.99;146.9;3.37;26.7;2.27;2.21;0;;0.15426
201:602:121:110;0;73.57;1.68;27.5;2.95;2.76;0;;0.07525
201:602:121:210;0;104.98;2.39;25.5;3.21;2.83;0;;0.10737
201:602:121:310;0;77.16;1.76;20.98;3.12;2.28;0;;0.07892
201:602:121:410;0;61.01;1.39;14.41;2.52;2;0;;0.0624
201:602:121:510;0;25.12;0.57;6.35;2.04;2.21;0;;0.02569
201:602:121:610;0;0;0;0;1.58;2.14;0;;0
201:602:121:710;0;0;0;0;1.03;1.93;0;;0
201:602:121:810;0;0;0;0;0.62;1.79;0;;0
201:602:121:910;0;0;0;0;0.2;1.52;0;;0
201:602:122:010;0;0;0;0;0.01;1.38;0;;0
201:602:122:110;0;0;0;0;0.23;1.31;0;;0
201:602:122:210;0;0;0;0;0.32;1.31;0;;0
201:602:122:310;0;0;0;0;0.35;1.24;0;;0
201:602:130:010;0;0;0;0;0.32;1.17;0;;0
201:602:130:110;0;0;0;0;-0.04;1.24;0;;0
201:602:130:210;0;0;0;0;-0.03;1.31;0;;0
201:602:130:310;0;0;0;0;-0.02;1.31;0;;0
201:602:130:410;0;0;0;0;0.05;1.31;0;;0
201:602:130:510;0;0;0;0;0.05;1.24;0;;0
201:602:130:610;0;0;0;0;0.03;1.31;0;;0
201:602:130:710;73.48;84.1;2.02;10.25;0.46;2;0;;0.1596
201:602:130:810;0;78.06;1.78;17.75;0.78;1.93;0;;0.07984
201:602:130:910;0;52.94;1.21;23.53;1.13;1.93;0;;0.05415
201:602:131:010;0;71.78;1.63;27.03;1.3;1.79;0;;0.07341
201:602:131:110;0;72.68;1.65;27.83;1.54;1.86;0;;0.07433
201:602:131:210;0;77.16;1.76;25.83;1.83;1.79;0;;0.07892
201:602:131:310;0;97.8;2.23;21.28;2.02;1.59;0;;0.10003
201:602:131:410;0;38.58;0.88;14.7;2;1.31;0;;0.03946
201:602:131:510;0;8.97;0.2;6.62;1.53;0.9;0;;0.00917
201:602:131:610;0;0;0;0;1.03;0.83;0;;0
201:602:131:710;0;0;0;0;1.34;0.48;0;;0
201:602:131:810;0;0;0;0;1.03;0.48;0;;0
201:602:131:910;0;0;0;0;0.45;0.83;0;;0
201:602:132:010;0;0;0;0;0.22;0.9;0;;0
201:602:132:110;0;0;0;0;0.37;0.83;0;;0
201:602:132:210;0;0;0;0;0.19;1.03;0;;0
201:602:132:310;0;0;0;0;0.33;0.9;0;;0
201:602:140:010;0;0;0;0;0.34;0.9;0;;0
201:602:140:110;0;0;0;0;0.14;1.03;0;;0
201:602:140:210;0;0;0;0;0.13;1.1;0;;0
201:602:140:310;0;0;0;0;-0.07;1.59;0;;0
201:602:140:410;0;0;0;0;-0.13;1.45;0;;0
201:602:140:510;0;0;0;0;-0.13;1.24;0;;0
201:602:140:610;0;2.52;0.06;1.81;-0.24;1.24;0;;0.00258
201:602:140:710;14.96;63.07;1.47;10.53;0.3;1.17;0;;0.0795
201:602:140:810;0;49.35;1.12;18.05;0.6;1.31;0;;0.05047
201:602:140:910;62.42;185.01;4.52;23.85;1.19;1.45;0;;0.25195
201:602:141:010;0;98.7;2.25;27.36;1.88;1.59;0;;0.10095
201:602:141:110;1.9;142.94;3.27;28.17;2.52;1.86;0;;0.14811
201:602:141:210;20.71;172.53;4.07;26.16;2.95;2.14;0;;0.19731
201:602:141:310;1.91;112.44;2.57;21.6;3.16;2.28;0;;0.11692
201:602:141:410;0;55.63;1.27;14.99;3.22;2.41;0;;0.0569
201:602:141:510;0;20.64;0.47;6.89;2.69;1.72;0;;0.02111
201:602:141:610;0;0;0;0;2.19;1.66;0;;0
201:602:141:710;0;0;0;0;1.89;1.59;0;;0
201:602:141:810;0;0;0;0;1.74;1.52;0;;0
201:602:141:910;0;0;0;0;1.64;1.45;0;;0
201:602:142:010;0;0;0;0;1.66;1.45;0;;0
201:602:142:110;0;0;0;0;1.75;1.52;0;;0
201:602:142:210;0;0;0;0;1.83;1.52;0;;0
201:602:142:310;0;0;0;0;1.99;1.66;0;;0
201:602:150:010;0;0;0;0;2.11;1.59;0;;0
201:602:150:110;0;0;0;0;2.1;1.52;0;;0
201:602:150:210;0;0;0;0;2.14;1.24;0;;0
201:602:150:310;0;0;0;0;2.39;1.03;0;;0
201:602:150:410;0;0;0;0;2.51;0.97;0;;0
201:602:150:510;0;0;0;0;2.33;0.9;0;;0
201:602:150:610;0;1.68;0.04;2.08;2.35;0.9;0;;0.00172
201:602:150:710;0;26.02;0.59;10.81;3.49;0.62;0;;0.02661
201:602:150:810;0;52.94;1.21;18.35;3.47;0.9;0;;0.05415
201:602:150:910;0;94.21;2.15;24.17;3.25;1.1;0;;0.09636
201:602:151:010;0;85.24;1.94;27.7;2.97;1.59;0;;0.08718
201:602:151:110;0;120.23;2.74;28.51;3.29;1.17;0;;0.12297
201:602:151:210;13.06;164.7;3.84;26.49;5.19;0.69;0;;0.1816
201:602:151:310;0;77.16;1.76;21.91;4.93;0.83;0;;0.07892
201:602:151:410;0;59.22;1.35;15.28;3.72;1.17;0;;0.06057
201:602:151:510;0;7.18;0.16;7.17;3.07;1.31;0;;0.00734
201:602:151:610;0;0;0;0;2.66;1.31;0;;0
201:602:151:710;0;0;0;0;2.3;1.31;0;;0
201:602:151:810;0;0;0;0;2.03;1.45;0;;0
201:602:151:910;0;0;0;0;2;1.45;0;;0
201:602:152:010;0;0;0;0;1.81;1.38;0;;0
201:602:152:110;0;0;0;0;1.64;1.38;0;;0
201:602:152:210;0;0;0;0;1.55;1.38;0;;0
201:602:152:310;0;0;0;0;1.3;1.38;0;;0
201:602:160:010;0;0;0;0;1.15;1.38;0;;0
201:602:160:110;0;0;0;0;1.09;1.38;0;;0
201:602:160:210;0;0;0;0;1.07;1.38;0;;0
201:602:160:310;0;0;0;0;1.16;1.31;0;;0
201:602:160:410;0;0;0;0;1.08;1.38;0;;0
201:602:160:510;0;0;0;0;1.03;1.38;0;;0
201:602:160:610;0;5.03;0.12;2.35;0.96;1.31;0;;0.00515
201:602:160:710;0;23.33;0.53;11.1;1.01;1.38;0;;0.02386
201:602:160:810;0;80.75;1.84;18.66;1.44;1.79;0;;0.08259
201:602:160:910;0;94.21;2.15;24.5;1.81;1.79;0;;0.09636
201:602:161:010;0;109.46;2.49;28.04;2.14;1.72;0;;0.11195
201:602:161:110;0;92.42;2.1;28.86;3.23;1.79;0;;0.09452
201:602:161:210;0;63.7;1.45;26.83;3.28;1.72;0;;0.06515
201:602:161:310;0;51.14;1.16;22.23;4.22;1.86;0;;0.0523
201:602:161:410;0;58.32;1.33;15.57;3.65;1.86;0;;0.05965
201:602:161:510;4.77;38.45;0.9;7.44;3;1.45;0;;0.04412
201:602:161:610;0;0;0;0;2.37;1.52;0;;0
201:602:161:710;0;0;0;0;1.42;1.52;0;;0
201:602:161:810;0;0;0;0;0.59;1.59;0;;0
201:602:161:910;0;0;0;0;0.27;1.38;0;;0
201:602:162:010;0;0;0;0;-0.07;1.52;0;;0
201:602:162:110;0;0;0;0;0.05;1.45;0;;0
201:602:162:210;0;0;0;0;-0.02;1.66;0;;0
201:602:162:310;0;0;0;0;-0.15;1.72;0;;0
201:602:170:010;0;0;0;0;-0.98;1.66;0;;0
201:602:170:110;0;0;0;0;-1.69;1.79;0;;0
201:602:170:210;0;0;0;0;-1.99;1.86;0;;0
201:602:170:310;0;0;0;0;-1.95;2;0;;0
201:602:170:410;0;0;0;0;-2.67;1.93;0;;0
201:602:170:510;0;0;0;0;-2.16;2;0;;0
201:602:170:610;0;5.87;0.14;2.63;-3.47;2;0;;0.00601
201:602:170:710;47.56;85.01;2.04;11.4;-2.15;1.86;0;;0.13461
201:602:170:810;35.76;134.91;3.23;18.98;-1;2.07;0;;0.1739
201:602:170:910;282.84;222.32;6.64;24.83;3.08;2.21;0;;0.5118
201:602:171:010;38.25;200.53;4.8;28.39;4.55;2.48;0;;0.24358
201:602:171:110;0;69.98;1.59;29.21;5.9;3.03;0;;0.07157
201:602:171:210;0;46.66;1.06;27.16;6.45;3.1;0;;0.04772
201:602:171:310;0;48.45;1.1;22.54;6.26;3.03;0;;0.04955
201:602:171:410;0;48.45;1.1;15.87;6.33;2.48;0;;0.04955
201:602:171:510;2.31;37.13;0.86;7.71;6.07;2.34;0;;0.0403
201:602:171:610;0;0;0;0;5.28;2.28;0;;0
201:602:171:710;0;0;0;0;4.85;2.14;0;;0
201:602:171:810;0;0;0;0;4.66;2.07;0;;0
201:602:171:910;0;0;0;0;4.3;1.59;0;;0
201:602:172:010;0;0;0;0;4.01;1.38;0;;0
201:602:172:110;0;0;0;0;3.72;1.45;0;;0
201:602:172:210;0;0;0;0;3.43;1.38;0;;0
201:602:172:310;0;0;0;0;3.1;1.45;0;;0
201:602:180:010;0;0;0;0;2.98;1.31;0;;0
201:602:180:110;0;0;0;0;2.67;1.45;0;;0
201:602:180:210;0;0;0;0;2.02;1.59;0;;0
201:602:180:310;0;0;0;0;2.13;1.66;0;;0
201:602:180:410;0;0;0;0;1.88;1.59;0;;0
201:602:180:510;0;0;0;0;1.72;1.59;0;;0
201:602:180:610;0;6.71;0.16;2.91;1.47;1.79;0;;0.00687
201:602:180:710;0;44.86;1.02;11.69;3.12;1.59;0;;0.04588
201:602:180:810;0;77.16;1.76;19.29;5.26;2.07;0;;0.07892
201:602:180:910;118.04;210.72;5.41;25.17;6.29;2.14;0;;0.33417
201:602:181:010;3.79;156.72;3.6;28.74;7.12;2.21;0;;0.16411
201:602:181:110;373.59;249.87;8.34;29.56;8.15;2.9;0;;0.6318
201:602:181:210;143.56;230.63;6.19;27.5;9.01;3.45;0;;0.38038
201:602:181:310;0;93.31;2.12;22.86;9.48;3.79;0;;0.09543
201:602:181:410;11.44;98.86;2.33;16.17;8.97;2.97;0;;0.11263
201:602:181:510;0;26.02;0.59;7.99;8.74;2.41;0;;0.02661
201:602:181:610;0;0;0;0;7.65;1.86;0;;0
201:602:181:710;0;0;0;0;6.51;1.72;0;;0
201:602:181:810;0;0;0;0;5.61;1.66;0;;0
201:602:181:910;0;0;0;0;4.81;1.38;0;;0
201:602:182:010;0;0;0;0;4.53;1.31;0;;0
201:602:182:110;0;0;0;0;4.27;1.24;0;;0
201:602:182:210;0;0;0;0;4.12;1.17;0;;0
201:602:182:310;0;0;0;0;3.9;1.17;0;;0
201:602:190:010;0;0;0;0;3.83;1.17;0;;0
201:602:190:110;0;0;0;0;4.63;1.03;0;;0
201:602:190:210;0;0;0;0;4.74;0.97;0;;0
201:602:190:310;0;0;0;0;4.99;0.83;0;;0
201:602:190:410;0;0;0;0;5.3;0.62;0;;0
201:602:190:510;0;0;0;0;5.37;0.48;0;;0
201:602:190:610;0;13.43;0.33;3.2;5.36;0.41;0;;0.01376
201:602:190:710;0;29.61;0.67;12;5.22;0.76;0;;0.03028
201:602:190:810;0;68.19;1.55;19.62;5.51;0.62;0;;0.06974
201:602:190:910;0;89.72;2.04;25.51;5.33;0.69;0;;0.09176
201:602:191:010;0;113.05;2.57;29.09;5.31;0.55;0;;0.11562
201:602:191:110;0;95.11;2.17;29.91;5;0.48;0;;0.09728
201:602:191:210;0;119.33;2.72;27.85;4.68;0.55;0;;0.12205
201:602:191:310;1.81;116.9;2.68;23.18;4.05;0.83;0;;0.12139
201:602:191:410;1.88;82.81;1.9;16.46;3.17;1.17;0;;0.08659
201:602:191:510;0;27.81;0.63;8.27;2.68;1.52;0;;0.02844
201:602:191:610;0;0;0;0;2.12;1.72;0;;0
201:602:191:710;0;0;0;0;1.37;2.48;0;;0
201:602:191:810;0;0;0;0;0.93;2.62;0;;0
201:602:191:910;0;0;0;0;0.36;2.69;0;;0
201:602:192:010;0;0;0;0;0.12;2.48;0;;0
201:602:192:110;0;0;0;0;-0.06;2.28;0;;0
201:602:192:210;0;0;0;0;-0.2;1.93;0;;0
201:602:192:310;0;0;0;0;-0.36;1.93;0;;0
201:602:200:010;0;0;0;0;-0.63;1.86;0;;0
201:602:200:110;0;0;0;0;-0.59;1.72;0;;0
201:602:200:210;0;0;0;0;-0.9;1.52;0;;0
201:602:200:310;0;0;0;0;-1.09;1.45;0;;0
201:602:200:410;0;0;0;0;-1.2;1.31;0;;0
201:602:200:510;0;0;0;0;-1.32;1.24;0;;0
201:602:200:610;0;12.59;0.31;3.49;-1.33;1.45;0;;0.0129
201:602:200:710;7.88;71.47;1.65;12.3;-0.24;1.66;0;;0.081
201:602:200:810;32.28;141.29;3.37;19.94;0.91;2.07;0;;0.17694
201:602:200:910;186.44;231.82;6.29;25.85;1.92;2.21;0;;0.42455
201:602:201:010;688.01;180.46;10.03;29.45;2.48;2.21;0;;0.8785
201:602:201:110;7.24;177.06;4.09;30.27;2.26;2.14;0;;0.18839
201:602:201:210;0;53.83;1.23;28.19;2.7;2.48;0;;0.05506
201:602:201:310;313.54;195.93;6.84;23.5;3.23;2.76;0;;0.51631
201:602:201:410;166.72;140.89;4.35;16.76;3.14;2.48;0;;0.31196
201:602:201:510;42.38;62.87;1.65;8.54;2.78;2;0;;0.1069
201:602:201:610;0;0;0;0;1.97;1.52;0;;0
201:602:201:710;0;0;0;0;0.14;1.45;0;;0
201:602:201:810;0;0;0;0;-1.11;1.38;0;;0
201:602:201:910;0;0;0;0;-1.55;1.72;0;;0
201:602:202:010;0;0;0;0;-1.33;1.93;0;;0
201:602:202:110;0;0;0;0;-0.74;2.07;0;;0
201:602:202:210;0;0;0;0;-0.91;2;0;;0
201:602:202:310;0;0;0;0;-0.21;1.59;0;;0
201:602:210:010;0;0;0;0;0.43;1.93;0;;0
201:602:210:110;0;0;0;0;0.34;1.52;0;;0
201:602:210:210;0;0;0;0;0.45;1.38;0;;0
201:602:210:310;0;0;0;0;0.47;1.45;0;;0
201:602:210:410;0;0;0;0;0.5;1.31;0;;0
201:602:210:510;0;0;0;0;0.52;1.31;0;;0
201:602:210:610;0;10.07;0.25;3.78;0.62;1.31;0;;0.01032
201:602:210:710;0;47.55;1.08;12.61;0.95;1.31;0;;0.04863
201:602:210:810;0;62.81;1.43;20.27;1.21;1.38;0;;0.06424
201:602:210:910;0;92.42;2.1;26.2;1.58;1.45;0;;0.09452
201:602:211:010;0;130.1;2.96;29.81;1.85;1.38;0;;0.13306
201:602:211:110;0;144.45;3.29;30.63;2.2;1.38;0;;0.14774
201:602:211:210;0;55.63;1.27;28.54;2.52;1.52;0;;0.0569
201:602:211:310;0;45.76;1.04;23.83;3.37;1.59;0;;0.0468
201:602:211:410;0;35.89;0.82;17.06;3.87;1.52;0;;0.03671
201:602:211:510;0;22.43;0.51;8.82;4.37;1.38;0;;0.02294
201:602:211:610;0;0;0;0;4.46;1.86;0;;0
201:602:211:710;0;0;0;0;5.67;1.93;0;;0
201:602:211:810;0;0;0;0;5.92;2.14;0;;0
201:602:211:910;0;0;0;0;5.72;1.79;0;;0
201:602:212:010;0;0;0;0;5.65;1.79;0;;0
201:602:212:110;0;0;0;0;5.55;1.86;0;;0
201:602:212:210;0;0;0;0;5.61;1.93;0;;0
201:602:212:310;0;0;0;0;5.84;2.14;0;;0
201:602:220:010;0;0;0;0;5.94;2.21;0;;0
201:602:220:110;0;0;0;0;6.18;2.21;0;;0
201:602:220:210;0;0;0;0;6.13;2.28;0;;0
201:602:220:310;0;0;0;0;6.08;2.41;0;;0
201:602:220:410;0;0;0;0;5.76;2.21;0;;0
201:602:220:510;0;0;0;0;4.57;2;0;;0
201:602:220:610;0;16.78;0.41;4.08;3.74;2.07;0;;0.01719
201:602:220:710;342.85;94.73;3.94;12.93;4.62;2.21;0;;0.44152
201:602:220:810;564.72;116.49;6.97;20.6;6.77;2.48;0;;0.68818
201:602:220:910;625.77;164.41;8.89;26.55;8.88;2.76;0;;0.79907
201:602:221:010;282.37;267.21;7.95;30.17;10.1;0;0;;0.55753
201:602:221:110;545.1;228.87;9.77;30.99;10.43;0;0;;0.78374
201:602:221:210;656.54;153.64;9.83;28.88;11.2;4.14;0;;0.82001
201:602:221:310;623.29;97.05;8.58;24.15;11.59;3.66;0;;0.72892
201:602:221:410;381.9;93.66;5.68;17.36;12.08;3.17;0;;0.48124
201:602:221:510;160.59;58.1;2.51;9.1;11.41;2.62;0;;0.2212
201:602:221:610;0;0;0;0;9.78;2.21;0;;0
201:602:221:710;0;0;0;0;7.52;1.86;0;;0
201:602:221:810;0;0;0;0;5.29;1.93;0;;0
201:602:221:910;0;0;0;0;4.31;1.86;0;;0
201:602:222:010;0;0;0;0;4.22;1.59;0;;0
201:602:222:110;0;0;0;0;4.65;1.31;0;;0
201:602:222:210;0;0;0;0;4.58;1.24;0;;0
201:602:222:310;0;0;0;0;3.84;1.31;0;;0
201:602:230:010;0;0;0;0;4;1.24;0;;0
201:602:230:110;0;0;0;0;5.05;1.1;0;;0
201:602:230:210;0;0;0;0;5.14;0.9;0;;0
201:602:230:310;0;0;0;0;4.86;0.9;0;;0
201:602:230:410;0;0;0;0;3.7;1.1;0;;0
201:602:230:510;0;0;0;0;3.32;1.1;0;;0
201:602:230:610;0;7.55;0.18;4.39;3.24;1.03;0;;0.00773
201:602:230:710;12.36;79.5;1.86;13.24;5.54;0.9;0;;0.09372
201:602:230:810;85.03;169.25;4.27;20.94;7.03;0.97;0;;0.25855
201:602:230:910;17.17;170.91;4;26.91;9.09;1.38;0;;0.19208
201:602:231:010;36.37;214.34;5.13;30.54;9.19;1.66;0;;0.25584
201:602:231:110;8.84;181.78;4.21;31.36;10.08;2.48;0;;0.19483
201:602:231:210;1.74;142;3.25;29.23;10.17;2.76;0;;0.14699
201:602:231:310;126.89;203.75;5.56;24.48;9.54;2.34;0;;0.3362
201:602:231:410;3.55;92.02;2.12;17.66;8.91;2.07;0;;0.09769
201:602:231:510;5.87;52.06;1.23;9.37;8.17;1.93;0;;0.05916
201:602:231:610;0;0;0;0;7.49;1.66;0;;0
201:602:231:710;0;0;0;0;6.99;1.59;0;;0
201:602:231:810;0;0;0;0;6.65;1.66;0;;0
201:602:231:910;0;0;0;0;6.33;2.14;0;;0
201:602:232:010;0;0;0;0;6.01;2.14;0;;0
201:602:232:110;0;0;0;0;5.95;1.93;0;;0
201:602:232:210;0;0;0;0;5.75;1.86;0;;0
201:602:232:310;0;0;0;0;5.17;2;0;;0
201:602:240:010;0;0;0;0;3.47;2.83;0;;0
201:602:240:110;0;0;0;0;1.7;3.03;0;;0
201:602:240:210;0;0;0;0;0.9;2.83;0;;0
201:602:240:310;0;0;0;0;0.51;2.83;0;;0
201:602:240:410;0;0;0;0;0.21;2.69;0;;0
201:602:240:510;0;0;0;0;-0.37;2.55;0;;0
201:602:240:610;0;18.46;0.45;4.69;-0.95;2.21;0;;0.01891
201:602:240:710;58.18;107.23;2.64;13.57;0.21;2.76;0;;0.16805
201:602:240:810;540.93;135.71;7.17;21.28;1.44;3.72;0;;0.68381
201:602:240:910;621.67;179.33;9.21;27.27;2.58;3.72;0;;0.81021
201:602:241:010;369.72;273.52;8.85;30.91;3.59;3.31;0;;0.65209
201:602:241:110;91.16;256.93;6.48;31.72;3.79;2.9;0;;0.35457
201:602:241:210;0;47.55;1.08;29.58;4;3.17;0;;0.04863
201:602:241:310;29.26;175.93;4.23;24.8;3.71;3.1;0;;0.20942
201:602:241:410;194.59;149.34;4.9;17.96;3.42;2.9;0;;0.34883
201:602:241:510;20.98;63.82;1.59;9.65;2.92;2.55;0;;0.08639
201:602:241:610;0;0;0;0;2.03;1.72;0;;0
201:602:241:710;0;0;0;0;0.48;1.24;0;;0
201:602:241:810;0;0;0;0;-0.51;0.97;0;;0
201:602:241:910;0;0;0;0;0.27;0.69;0;;0
201:602:242:010;0;0;0;0;-0.29;0.69;0;;0
201:602:242:110;0;0;0;0;-0.75;0.55;0;;0
201:602:242:210;0;0;0;0;-0.97;0.48;0;;0
201:602:242:310;0;0;0;0;-1.12;0.48;0;;0
201:602:250:010;0;0;0;0;-1.25;0.34;0;;0
201:602:250:110;0;0;0;0;-1.18;0.21;0;;0
201:602:250:210;0;0;0;0;-1.29;0.14;0;;0
201:602:250:310;0;0;0;0;-1.38;0.34;0;;0
201:602:250:410;0;0;0;0;-1.46;0.55;0;;0
201:602:250:510;0;0;0;0;-1.4;0.83;0;;0
201:602:250:610;0;18.46;0.45;5;-1.44;0.97;0;;0.01891
201:602:250:710;2.38;67.66;1.55;13.89;-0.97;1.59;0;;0.07159
201:602:250:810;0;98.7;2.25;21.62;1.26;2.14;0;;0.10095
201:602:250:910;54.29;208.64;5.09;27.63;2.34;2.97;0;;0.26802
201:602:251:010;110.9;258.75;6.62;31.28;2.98;3.59;0;;0.37627
201:602:251:110;45.22;235.01;5.68;32.09;3.47;3.93;0;;0.28591
201:602:251:210;41.08;217.86;5.27;29.94;3.57;4;0;;0.26421
201:602:251:310;0;108.57;2.47;25.13;3.31;4;0;;0.11104
201:602:251:410;0;71.78;1.63;18.26;2.49;3.45;0;;0.07341
201:602:251:510;0;43.96;1;9.93;1.91;2.9;0;;0.04496
201:602:251:610;0;0;0;0;1.34;1.93;0;;0
201:602:251:710;0;0;0;0;0.99;1.38;0;;0
201:602:251:810;0;0;0;0;0.67;1.31;0;;0
201:602:251:910;0;0;0;0;0.31;0.97;0;;0
201:602:252:010;0;0;0;0;0.14;0.9;0;;0
201:602:252:110;0;0;0;0;0.02;0.97;0;;0
201:602:252:210;0;0;0;0;0.1;0.9;0;;0
201:602:252:310;0;0;0;0;0.11;0.9;0;;0
201:602:260:010;0;0;0;0;0.01;1.03;0;;0
201:602:260:110;0;0;0;0;-0.03;1.03;0;;0
201:602:260:210;0;0;0;0;-0.56;1.17;0;;0
201:602:260:310;0;0;0;0;-1.26;1.31;0;;0
201:602:260:410;0;0;0;0;-2.15;1.38;0;;0
201:602:260:510;0;0;0;0;-2.61;1.45;0;;0
201:602:260:610;0;26.01;0.63;5.31;-2.99;1.45;0;;0.02664
201:602:260:710;175.1;130.87;3.68;14.22;-1.17;1.59;0;;0.30965
201:602:260:810;362.16;190.25;6.62;21.97;0.29;1.59;0;;0.55903
201:602:260:910;771.63;127.01;10.15;27.99;1.29;1.72;0;;0.90879
201:602:261:010;841;137.42;11.52;31.66;2.5;1.72;0;;0.98994
201:602:261:110;747.16;177.06;11.36;32.46;3.37;1.86;0;;0.93558
201:602:261:210;538.03;219.91;9.89;30.29;3.9;1.93;0;;0.76783
201:602:261:310;577.2;132.67;8.91;25.46;4.04;1.93;0;;0.71878
201:602:261:410;409.73;96.47;6.31;18.56;3.77;1.86;0;;0.51251
201:602:261:510;130.86;74.98;2.74;10.21;3.31;1.66;0;;0.20858
201:602:261:610;0;0;0;0;1.93;1.45;0;;0
201:602:261:710;0;0;0;0;-0.71;1.45;0;;0
201:602:261:810;0;0;0;0;-1.68;1.24;0;;0
201:602:261:910;0;0;0;0;-0.93;1.1;0;;0
201:602:262:010;0;0;0;0;-1.16;1.1;0;;0
201:602:262:110;0;0;0;0;-1.49;1.17;0;;0
201:602:262:210;0;0;0;0;-1.76;1.17;0;;0
201:602:262:310;0;0;0;0;-1.69;1.1;0;;0
201:602:270:010;0;0;0;0;-1.36;1.03;0;;0
201:602:270:110;0;0;0;0;-1.7;0.97;0;;0
201:602:270:210;0;0;0;0;-1.67;0.9;0;;0
201:602:270:310;0;0;0;0;-1.96;0.97;0;;0
201:602:270:410;0;0;0;0;-2.15;1.03;0;;0
201:602:270:510;0;0;0;0;-1.98;1.03;0;;0
201:602:270:610;0;30.21;0.74;5.63;-1.96;1.03;0;;0.03095
201:602:270:710;100.86;124.6;3.23;14.55;-0.26;1.38;0;;0.22869
201:602:270:810;45.49;168.39;4.09;22.32;0.66;2.14;0;;0.21797
201:602:270:910;68.01;221.54;5.48;28.36;1.95;2.28;0;;0.29503
201:602:271:010;19.36;210.8;4.94;32.03;2.91;2.28;0;;0.2351
201:602:271:110;20.54;215.42;5.07;32.84;3.55;2.28;0;;0.24103
201:602:271:210;0;0;0;0;4.01;2.41;0;;0
201:602:271:310;332.62;209.92;7.64;25.79;3.92;2.48;0;;0.55018
201:602:271:410;75.83;151.82;4.05;18.86;3.41;2.41;0;;0.2317
201:602:271:510;55.04;78.89;2.21;10.48;2.76;2.21;0;;0.13614
201:602:271:610;0;0;0;0;1.42;2;0;;0
201:602:271:710;0;0;0;0;0.27;1.86;0;;0
201:602:271:810;0;0;0;0;-0.51;1.72;0;;0
201:602:271:910;0;0;0;0;-0.69;1.86;0;;0
201:602:272:010;0;0;0;0;-1.11;1.79;0;;0
201:602:272:110;0;0;0;0;-1.26;1.66;0;;0
201:602:272:210;0;0;0;0;-1.75;1.45;0;;0
201:602:272:310;0;0;0;0;-1.51;1.38;0;;0
201:602:280:010;0;0;0;0;-1.64;1.31;0;;0
201:602:280:110;0;0;0;0;-1.11;1.31;0;;0
201:602:280:210;0;0;0;0;-0.49;1.38;0;;0
201:602:280:310;0;0;0;0;-0.37;1.38;0;;0
201:602:280:410;0;0;0;0;-0.19;1.45;0;;0
201:602:280:510;0;0;0;0;-0.04;1.45;0;;0
201:602:280:610;0;18.46;0.45;5.95;-0.2;1.52;0;;0.01891
201:602:280:710;0;40.38;0.92;14.88;1.06;1.59;0;;0.0413
201:602:280:810;0;82.55;1.88;22.67;2.37;1.79;0;;0.08443
201:602:280:910;0;125.61;2.86;28.73;3.3;2.07;0;;0.12847
201:602:281:010;0;157.02;3.58;32.41;4.59;2.28;0;;0.1606
201:602:281:110;0;127.41;2.9;33.21;5.89;2.48;0;;0.13031
201:602:281:210;0;0;0;0;6.76;2.69;0;;0
201:602:281:310;48.01;192.89;4.78;26.11;7.19;2.76;0;;0.24568
201:602:281:410;14.97;121.77;2.9;19.16;7.14;2.69;0;;0.13964
201:602:281:510;1.74;51.36;1.18;10.76;6.63;1.86;0;;0.05428
201:602:281:610;0;0;0;0;5.48;1.59;0;;0
201:602:281:710;0;0;0;0;4.26;1.59;0;;0
201:602:281:810;0;0;0;0;3.26;1.59;0;;0
201:602:281:910;0;0;0;0;2.63;1.52;0;;0
201:602:282:010;0;0;0;0;1.99;1.52;0;;0
201:602:282:110;0;0;0;0;1.22;1.52;0;;0
201:602:282:210;0;0;0;0;0.72;1.52;0;;0
201:602:282:310;0;0;0;0;0.62;1.52;0;;0
201:602:290:010;0;0;0;0;0.7;1.52;0;;0
201:602:290:110;0;0;0;0;1.12;1.52;0;;0
201:602:290:210;0;0;0;0;1.17;1.45;0;;0
201:602:290:310;0;0;0;0;0.75;1.66;0;;0
201:602:290:410;0;0;0;0;0.72;1.66;0;;0
201:602:290:510;0;0;0;0;1.01;1.72;0;;0
201:602:290:610;0;21.82;0.53;5.95;1.31;1.66;0;;0.02235
201:602:290:710;0;39.48;0.9;14.88;2.84;1.45;0;;0.04038
201:602:290:810;0;52.94;1.21;22.67;4.39;1.66;0;;0.05415
201:602:290:910;0;54.73;1.25;28.73;5.25;1.66;0;;0.05598
201:602:291:010;0;96;2.19;32.41;6.15;1.72;0;;0.09819
201:602:291:110;0;69.09;1.57;33.21;6.65;1.86;0;;0.07066
201:602:291:210;0;0;0;0;6.99;2;0;;0
201:602:291:310;0;50.25;1.14;26.11;7.19;1.93;0;;0.05139
201:602:291:410;0;51.14;1.16;19.16;7.26;2.28;0;;0.0523
201:602:291:510;0;45.76;1.04;10.76;6.95;2.34;0;;0.0468
201:602:291:610;0;0.84;0.02;1.46;6.46;2.07;0;;0.00086
201:602:291:710;0;0;0;0;5.63;1.72;0;;0
201:602:291:810;0;0;0;0;4.81;1.59;0;;0
201:602:291:910;0;0;0;0;4.59;1.38;0;;0
201:602:292:010;0;0;0;0;4.02;1.31;0;;0
201:602:292:110;0;0;0;0;3.81;1.24;0;;0
201:602:292:210;0;0;0;0;3.73;1.31;0;;0
201:602:292:310;0;0;0;0;3.65;1.24;0;;0
201:603:010:010;0;0;0;0;3.53;1.24;0;;0
201:603:010:110;0;0;0;0;3.31;1.17;0;;0
201:603:010:210;0;0;0;0;3.26;1.24;0;;0
201:603:010:310;0;0;0;0;3.27;1.31;0;;0
201:603:010:410;0;0;0;0;3.23;1.31;0;;0
201:603:010:510;0;0;0;0;3.09;1.17;0;;0
201:603:010:610;0;16.78;0.41;6.27;2.92;1.17;0;;0.01719
201:603:010:710;0;54.73;1.25;15.22;2.58;1.38;0;;0.05598
201:603:010:810;0;69.09;1.57;23.02;2.23;1.93;0;;0.07066
201:603:010:910;0;78.96;1.8;29.1;2.14;1.79;0;;0.08076
201:603:011:010;0;58.32;1.33;32.79;2.05;1.93;0;;0.05965
201:603:011:110;0;83.44;1.9;33.59;1.66;2.14;0;;0.08534
201:603:011:210;0;138.17;3.15;31.36;1.64;2.76;0;;0.14132
201:603:011:310;0;67.29;1.53;26.44;1.91;3.03;0;;0.06882
201:603:011:410;0;49.35;1.12;19.46;1.79;2.76;0;;0.05047
201:603:011:510;95.07;83.49;2.7;11.04;1.57;3.1;0;;0.18126
201:603:011:610;0;5.87;0.14;1.72;0.83;3.24;0;;0.00601
201:603:011:710;0;0;0;0;0.17;2.9;0;;0
201:603:011:810;0;0;0;0;-0.21;2.9;0;;0
201:603:011:910;0;0;0;0;-1.04;2.55;0;;0
201:603:012:010;0;0;0;0;-1.14;2.34;0;;0
201:603:012:110;0;0;0;0;-1.43;2.21;0;;0
201:603:012:210;0;0;0;0;-1.61;1.93;0;;0
201:603:012:310;0;0;0;0;-1.83;1.79;0;;0
201:603:020:010;0;0;0;0;-1.93;1.72;0;;0
201:603:020:110;0;0;0;0;-1.95;1.66;0;;0
201:603:020:210;0;0;0;0;-1.95;1.79;0;;0
201:603:020:310;0;0;0;0;-1.88;1.52;0;;0
201:603:020:410;0;0;0;0;-1.99;1.52;0;;0
201:603:020:510;0;0;0;0;-2.07;1.52;0;;0
201:603:020:610;15.95;40.91;0.96;6.6;-2.42;1.1;0;;0.05782
201:603:020:710;84.8;128.87;3.31;15.56;-0.79;0.83;0;;0.21698
201:603:020:810;540.83;147.87;7.83;23.38;0.73;0.62;0;;0.69653
201:603:020:910;508.08;223.67;9.26;29.47;2.92;1.24;0;;0.74101
201:603:021:010;488.01;262.55;10.07;33.18;3.58;1.59;0;;0.76063
201:603:021:110;736.03;180.49;11.63;33.97;4.49;1.86;0;;0.92815
201:603:021:210;499.32;231.19;9.95;31.72;5.08;2.14;0;;0.74046
201:603:021:310;87.72;214.29;5.6;26.77;5.42;2.28;0;;0.30761
201:603:021:410;0;76.26;1.74;19.76;5.62;2.41;0;;0.078
201:603:021:510;0;21.53;0.49;11.32;4.48;2.07;0;;0.02202
201:603:021:610;0;7.55;0.18;1.98;3.78;1.52;0;;0.00773
201:603:021:710;0;0;0;0;3.1;1.24;0;;0
201:603:021:810;0;0;0;0;2.62;1.31;0;;0
201:603:021:910;0;0;0;0;1.95;1.31;0;;0
201:603:022:010;0;0;0;0;1.88;1.38;0;;0
201:603:022:110;0;0;0;0;1.74;1.45;0;;0
201:603:022:210;0;0;0;0;1.67;1.52;0;;0
201:603:022:310;0;0;0;0;1.48;1.45;0;;0
201:603:030:010;0;0;0;0;1.14;1.45;0;;0
201:603:030:110;0;0;0;0;1.05;1.38;0;;0
201:603:030:210;0;0;0;0;0.57;0;0;;0
201:603:030:310;0;0;0;0;0.1;0;0;;0
201:603:030:410;0;0;0;0;0.15;1.24;0;;0
201:603:030:510;0;0;0;0;0.34;1.24;0;;0
201:603:030:610;3.06;32.8;0.76;6.93;0.48;1.24;0;;0.03662
201:603:030:710;0;52.94;1.21;15.9;1.25;1.93;0;;0.05415
201:603:030:810;0;92.42;2.1;23.74;2.06;1.72;0;;0.09452
201:603:030:910;0;126.51;2.88;29.85;3.03;1.66;0;;0.12939
201:603:031:010;0;148.94;3.39;33.56;3.96;1.66;0;;0.15233
201:603:031:110;29.88;232.39;5.54;34.35;4.66;1.31;0;;0.26781
201:603:031:210;6.52;184.03;4.25;32.08;5.35;1.1;0;;0.1948
201:603:031:310;1.61;139.29;3.19;27.1;6.01;1.24;0;;0.14409
201:603:031:410;8.01;119.64;2.8;20.06;6.4;1.45;0;;0.13045
201:603:031:510;8.13;66.67;1.59;11.59;6.46;1.17;0;;0.07639
201:603:031:610;0;7.55;0.18;2.24;5.75;0.62;0;;0.00773
201:603:031:710;0;0;0;0;5.51;0.62;0;;0
201:603:031:810;0;0;0;0;4.77;0.55;0;;0
201:603:031:910;0;0;0;0;2.29;1.31;0;;0
201:603:032:010;0;0;0;0;1.17;1.45;0;;0
201:603:032:110;0;0;0;0;0.1;1.59;0;;0
201:603:032:210;0;0;0;0;-0.64;1.66;0;;0
201:603:032:310;0;0;0;0;-1.18;1.72;0;;0
201:603:040:010;0;0;0;0;-1.4;1.79;0;;0
201:603:040:110;0;0;0;0;-1.15;1.86;0;;0
201:603:040:210;0;0;0;0;-0.53;1.79;0;;0
201:603:040:310;0;0;0;0;-0.03;1.86;0;;0
201:603:040:410;0;0;0;0;0.23;1.93;0;;0
201:603:040:510;0;0;0;0;0.53;2.07;0;;0
201:603:040:610;47.04;56.01;1.37;7.26;1.03;2.14;0;;0.10442
201:603:040:710;166.1;143.25;4.11;16.25;2.39;2.28;0;;0.31346
201:603:040:810;46.73;179.04;4.37;24.1;4.18;2.69;0;;0.23014
201:603:040:910;219.73;264.46;7.56;30.23;5.69;2.55;0;;0.49175
201:603:041:010;174.24;288.81;7.87;33.95;7.24;2.28;0;;0.47092
201:603:041:110;472.85;273.47;10.44;34.73;8.51;1.86;0;;0.75676
201:603:041:210;38.79;230.5;5.58;32.43;9.45;1.45;0;;0.27487
201:603:041:310;341.24;215.76;8.11;27.43;9.76;0.9;0;;0.56511
201:603:041:410;291.24;144.17;6.19;20.36;9.36;0.48;0;;0.4416
201:603:041:510;70.1;90.56;2.7;11.87;8.65;0.34;0;;0.16336
201:603:041:610;0;10.07;0.25;2.5;7.63;0.48;0;;0.01032
201:603:041:710;0;0;0;0;6.89;0.62;0;;0
201:603:041:810;0;0;0;0;5.51;0.97;0;;0
201:603:041:910;0;0;0;0;3.88;1.24;0;;0
201:603:042:010;0;0;0;0;2.07;1.52;0;;0
201:603:042:110;0;0;0;0;1.44;1.45;0;;0
201:603:042:210;0;0;0;0;1.14;1.31;0;;0
201:603:042:310;0;0;0;0;0.9;1.31;0;;0
201:603:050:010;0;0;0;0;0.85;1.31;0;;0
201:603:050:110;0;0;0;0;0.08;1.38;0;;0
201:603:050:210;0;0;0;0;-0.26;1.38;0;;0
201:603:050:310;0;0;0;0;-0.74;1.45;0;;0
201:603:050:410;0;0;0;0;-0.69;1.52;0;;0
201:603:050:510;0;0;0;0;-0.44;1.59;0;;0
201:603:050:610;5.66;37.72;0.88;7.59;-0.22;1.66;0;;0.04426
201:603:050:710;0;68.19;1.55;16.59;1.78;2;0;;0.06974
201:603:050:810;0;104.08;2.37;24.47;2.51;2.34;0;;0.10645
201:603:050:910;6.97;175.17;4.05;30.61;3.16;2.76;0;;0.18619
201:603:051:010;0;161.5;3.68;34.34;4.21;3.1;0;;0.16518
201:603:051:110;3.27;180.8;4.15;35.11;5.32;3.79;0;;0.18822
201:603:051:210;54.52;241.64;5.97;32.8;6.2;4.76;0;;0.30213
201:603:051:310;71.1;215.13;5.52;27.76;7.16;4.48;0;;0.29175
201:603:051:410;0;94.21;2.15;20.66;7.48;4.97;0;;0.09636
201:603:051:510;0;32.3;0.74;12.14;7.1;4.14;0;;0.03304
201:603:051:610;0;9.23;0.22;2.76;6.28;3.38;0;;0.00945
201:603:051:710;0;0;0;0;5.21;2.9;0;;0
201:603:051:810;0;0;0;0;4.86;2.76;0;;0
201:603:051:910;0;0;0;0;3.99;2.69;0;;0
201:603:052:010;0;0;0;0;3.42;2.34;0;;0
201:603:052:110;0;0;0;0;3.03;2;0;;0
201:603:052:210;0;0;0;0;2.45;1.79;0;;0
201:603:052:310;0;0;0;0;2.05;1.66;0;;0
201:603:060:010;0;0;0;0;1.51;1.59;0;;0
201:603:060:110;0;0;0;0;1.14;1.66;0;;0
201:603:060:210;0;0;0;0;1.21;1.72;0;;0
201:603:060:310;0;0;0;0;1.11;1.59;0;;0
201:603:060:410;0;0;0;0;1.56;2.07;0;;0
201:603:060:510;0;0;0;0;1.91;2.28;0;;0
201:603:060:610;0;11.66;0.27;7.92;1.94;1.72;0;;0.01193
201:603:060:710;0;20.64;0.47;16.94;2.67;1.59;0;;0.02111
201:603:060:810;0;75.37;1.72;24.84;2.75;1.79;0;;0.07709
201:603:060:910;0;94.21;2.15;30.99;2.79;2.21;0;;0.09636
201:603:061:010;0;122.92;2.8;34.73;3.29;2.28;0;;0.12572
201:603:061:110;0;120.23;2.74;35.5;3.84;2.07;0;;0.12297
201:603:061:210;0;43.96;1;33.16;4.61;1.86;0;;0.04496
201:603:061:310;0;57.42;1.31;28.09;5.51;1.45;0;;0.05873
201:603:061:410;0;37.68;0.86;20.96;6.1;1.24;0;;0.03854
201:603:061:510;0;14.36;0.33;12.42;6.47;0.97;0;;0.01469
201:603:061:610;0;8.39;0.2;3.02;5.79;0.97;0;;0.00859
201:603:061:710;0;0;0;0;4.44;1.03;0;;0
201:603:061:810;0;0;0;0;3.41;0.9;0;;0
201:603:061:910;0;0;0;0;2.89;1.03;0;;0
201:603:062:010;0;0;0;0;2;1.24;0;;0
201:603:062:110;0;0;0;0;2.06;1.17;0;;0
201:603:062:210;0;0;0;0;1.41;1.17;0;;0
201:603:062:310;0;0;0;0;1.78;0.97;0;;0
201:603:070:010;0;0;0;0;1.57;1.1;0;;0
201:603:070:110;0;0;0;0;1.76;1.03;0;;0
201:603:070:210;0;0;0;0;1.99;0.97;0;;0
201:603:070:310;0;0;0;0;2.12;0.97;0;;0
201:603:070:410;0;0;0;0;2.14;0.97;0;;0
201:603:070:510;0;0;0;0;1.82;0.97;0;;0
201:603:070:610;0;34.99;0.8;8.26;2.16;0.9;0;;0.03579
201:603:070:710;0;40.38;0.92;17.29;3.67;1.52;0;;0.0413
201:603:070:810;0;73.57;1.68;25.2;4.36;1.45;0;;0.07525
201:603:070:910;6.85;179.63;4.15;31.38;5.11;1.03;0;;0.19063
201:603:071:010;0;95.11;2.17;35.12;5.42;0.69;0;;0.09728
201:603:071:110;0;80.75;1.84;35.88;5.36;0.62;0;;0.08259
201:603:071:210;0;84.34;1.92;33.52;5.88;0.41;0;;0.08626
201:603:071:310;34.14;199.7;4.86;28.42;6.18;0.34;0;;0.2387
201:603:071:410;135.92;173.16;5.23;21.26;6.03;0.48;0;;0.31431
201:603:071:510;133.61;89.39;3.45;12.69;5.86;0.55;0;;0.22645
201:603:071:610;0;15.1;0.37;3.28;5.04;0.69;0;;0.01547
201:603:071:710;0;0;0;0;4.17;0.55;0;;0
201:603:071:810;0;0;0;0;3.51;0.48;0;;0
201:603:071:910;0;0;0;0;1.96;1.1;0;;0
201:603:072:010;0;0;0;0;0.97;1.17;0;;0
201:603:072:110;0;0;0;0;0.29;1.24;0;;0
201:603:072:210;0;0;0;0;0.39;1.1;0;;0
201:603:072:310;0;0;0;0;-0.07;1.24;0;;0
201:603:080:010;0;0;0;0;0.49;1.03;0;;0
201:603:080:110;0;0;0;0;0.06;1.24;0;;0
201:603:080:210;0;0;0;0;0.6;1.1;0;;0
201:603:080:310;0;0;0;0;0.52;1.24;0;;0
201:603:080:410;0;0;0;0;0.96;1.1;0;;0
201:603:080:510;0;0;0;0;0.71;1.17;0;;0
201:603:080:610;10.2;48.48;1.14;8.6;1.23;0.97;0;;0.05982
201:603:080:710;0;0;0;0;3.25;0.48;0;;0
201:603:080:810;46.57;188.64;4.62;25.57;5.17;0.48;0;;0.23983
201:603:080:910;3.4;168.28;3.86;31.77;5.36;0.9;0;;0.17554
201:603:081:010;0;106.77;2.43;35.52;5.89;0.76;0;;0.1092
201:603:081:110;19.19;229.3;5.39;36.27;6.29;0.69;0;;0.25388
201:603:081:210;7.83;194.07;4.49;33.88;6.31;0.69;0;;0.20639
201:603:081:310;4.61;158.55;3.66;28.75;5.96;0.83;0;;0.16682
201:603:081:410;57.36;164.28;4.29;21.56;5.68;0.83;0;;0.22593
201:603:081:510;30.93;91.88;2.41;12.97;4.9;0.9;0;;0.12522
201:603:081:610;0;7.55;0.18;3.54;4.35;0.83;0;;0.00773
201:603:081:710;0;0;0;0;3.6;0.9;0;;0
201:603:081:810;0;0;0;0;2.88;0.83;0;;0
201:603:081:910;0;0;0;0;2.44;0.83;0;;0
201:603:082:010;0;0;0;0;2.08;0.9;0;;0
201:603:082:110;0;0;0;0;1.65;0.97;0;;0
201:603:082:210;0;0;0;0;1.21;1.1;0;;0
201:603:082:310;0;0;0;0;0.98;1.03;0;;0
201:603:090:010;0;0;0;0;0.63;1.03;0;;0
201:603:090:110;0;0;0;0;0.25;1.03;0;;0
201:603:090:210;0;0;0;0;0.35;0.97;0;;0
201:603:090:310;0;0;0;0;0.27;0.9;0;;0
201:603:090:410;0;0;0;0;-0.24;1.1;0;;0
201:603:090:510;0;0;0;0;-0.55;1.03;0;;0
201:603:090:610;0;39.48;0.9;8.94;-0.13;0.9;0;;0.04038
201:603:090:710;0;0;0;0;2.16;0.97;0;;0
201:603:090:810;14.18;162.15;3.8;25.95;4.76;1.17;0;;0.18013
201:603:090:910;603.09;213.06;10.56;32.15;5.91;1.66;0;;0.82671
201:603:091:010;700.27;212.7;12.01;35.92;7.04;2.21;0;;0.92498
201:603:091:110;447.72;290.75;10.79;36.65;7.73;2.07;0;;0.74926
201:603:091:210;471.01;254.59;10.5;34.24;8.4;2.14;0;;0.7361
201:603:091:310;353.64;223.29;8.66;29.08;8.97;2.07;0;;0.58559
201:603:091:410;59.69;169.23;4.43;21.85;8.9;1.79;0;;0.23335
201:603:091:510;111.32;97.17;3.43;13.24;8.6;1.45;0;;0.21192
201:603:091:610;0;17.62;0.43;3.8;7.52;0.97;0;;0.01805
201:603:091:710;0;0;0;0;5.89;0.97;0;;0
201:603:091:810;0;0;0;0;5.19;1.03;0;;0
201:603:091:910;0;0;0;0;4.34;1.17;0;;0
201:603:092:010;0;0;0;0;3.01;1.24;0;;0
201:603:092:110;0;0;0;0;1.33;1.52;0;;0
201:603:092:210;0;0;0;0;0.13;1.59;0;;0
201:603:092:310;0;0;0;0;-0.77;1.59;0;;0
201:603:100:010;0;0;0;0;-1.09;1.59;0;;0
201:603:100:110;0;0;0;0;-1.42;1.66;0;;0
201:603:100:210;0;0;0;0;-1.66;1.66;0;;0
201:603:100:310;0;0;0;0;-1.7;1.66;0;;0
201:603:100:410;0;0;0;0;-1.64;1.72;0;;0
201:603:100:510;0;0;0;0;-1.06;1.66;0;;0
201:603:100:610;186.79;73.49;2.62;9.29;0.25;1.59;0;;0.2629
201:603:100:710;375.46;127.19;5.84;18.36;2.58;1.59;0;;0.50849
201:603:100:810;496.6;179.77;8.5;26.32;5.22;1.66;0;;0.68487
201:603:100:910;432.72;260.25;9.66;32.54;7.65;1.72;0;;0.70263
201:603:101:010;564.16;259.61;11.34;36.31;9.17;1.86;0;;0.83511
201:603:101:110;693.54;212.11;12.28;37.04;10.3;2.07;0;;0.91793
201:603:101:210;663.35;183.77;11.65;34.6;10.86;2.34;0;;0.85877
201:603:101:310;569.66;146.91;10.01;29.41;11.06;2.69;0;;0.72658
201:603:101:410;241.96;166.53;6.37;22.15;10.65;2.76;0;;0.41486
201:603:101:510;26.97;94.69;2.45;13.51;9.51;2.55;0;;0.12411
201:603:101:610;0;19.3;0.47;4.06;7.96;2.41;0;;0.01977
201:603:101:710;0;0;0;0;6.4;2.21;0;;0
201:603:101:810;0;0;0;0;5.36;2.07;0;;0
201:603:101:910;0;0;0;0;4.49;2.14;0;;0
201:603:102:010;0;0;0;0;3.67;2.07;0;;0
201:603:102:110;0;0;0;0;3.11;2.07;0;;0
201:603:102:210;0;0;0;0;2.69;2;0;;0
201:603:102:310;0;0;0;0;2.44;1.93;0;;0
201:603:110:010;0;0;0;0;2.42;1.86;0;;0
201:603:110:110;0;0;0;0;2.47;1.79;0;;0
201:603:110:210;0;0;0;0;2.26;1.86;0;;0
201:603:110:310;0;0;0;0;1.8;1.86;0;;0
201:603:110:410;0;0;0;0;1.32;1.93;0;;0
201:603:110:510;0;0;0;0;1.29;1.93;0;;0
201:603:110:610;0;42.17;0.96;9.63;1.91;1.79;0;;0.04313
201:603:110:710;43.43;137.81;3.41;18.72;3.89;1.93;0;;0.18465
201:603:110:810;182.41;228.12;6.52;26.7;6.09;2.14;0;;0.41705
201:603:110:910;510.4;240.14;10.17;32.94;7.79;2.14;0;;0.76071
201:603:111:010;678.77;217.88;12.01;36.71;9.11;2.34;0;;0.90866
201:603:111:110;643.21;231.15;12.07;37.43;10.37;2.41;0;;0.88643
201:603:111:210;445.54;259.97;10.44;34.97;11.11;2.55;0;;0.71595
201:603:111:310;528.78;163.55;9.85;29.74;11.07;2.34;0;;0.70218
201:603:111:410;170.69;178.49;5.84;22.45;10.64;2.28;0;;0.35502
201:603:111:510;64.13;102.86;3.06;13.78;9.81;2.21;0;;0.17005
201:603:111:610;0;20.98;0.51;4.31;8.52;2;0;;0.02149
201:603:111:710;0;0;0;0;7.15;1.86;0;;0
201:603:111:810;0;0;0;0;6.19;1.79;0;;0
201:603:111:910;0;0;0;0;5.14;1.66;0;;0
201:603:112:010;0;0;0;0;3.64;1.66;0;;0
201:603:112:110;0;0;0;0;2.54;1.59;0;;0
201:603:112:210;0;0;0;0;1.65;1.59;0;;0
201:603:112:310;0;0;0;0;1.33;1.52;0;;0
201:603:120:010;0;0;0;0;1.3;0;0;;0
201:603:120:110;0;0;0;0;1.8;0;0;;0
201:603:120:210;0;0;0;0;2.46;1.31;0;;0
201:603:120:310;0;0;0;0;2.8;1.38;0;;0
201:603:120:410;0;0;0;0;2.67;1.38;0;;0
201:603:120:510;0;0;0;0;2.78;1.38;0;;0
201:603:120:610;4.52;50.96;1.18;9.98;3.64;1.79;0;;0.05666
201:603:120:710;16.75;122.32;2.9;19.08;4.79;1.86;0;;0.14197
201:603:120:810;18.92;174.67;4.13;27.07;6;1.93;0;;0.19772
201:603:120:910;4.93;183.77;4.23;33.33;7.15;2.28;0;;0.19293
201:603:121:010;0;161.5;3.68;37.11;8.18;2.9;0;;0.16518
201:603:121:110;0;107.67;2.45;37.82;8.7;3.03;0;;0.11012
201:603:121:210;0;86.13;1.96;35.33;9.09;2.97;0;;0.08809
201:603:121:310;1.49;142.83;3.27;30.06;8.97;2.69;0;;0.14759
201:603:121:410;0;96;2.19;22.74;8.6;2.34;0;;0.09819
201:603:121:510;0;52.04;1.18;14.06;7.89;1.86;0;;0.05322
201:603:121:610;1.06;19.64;0.47;4.57;7.16;1.59;0;;0.02117
201:603:121:710;0;0;0;0;6.24;1.59;0;;0
201:603:121:810;0;0;0;0;5.46;1.59;0;;0
201:603:121:910;0;0;0;0;4.78;1.52;0;;0
201:603:122:010;0;0;0;0;3.88;1.59;0;;0
201:603:122:110;0;0;0;0;2.82;1.66;0;;0
201:603:122:210;0;0;0;0;1.89;1.72;0;;0
201:603:122:310;0;0;0;0;1.15;1.79;0;;0
201:603:130:010;0;0;0;0;0.48;1.79;0;;0
201:603:130:110;0;0;0;0;0;1.72;0;;0
201:603:130:210;0;0;0;0;-0.5;1.72;0;;0
201:603:130:310;0;0;0;0;-1.03;1.72;0;;0
201:603:130:410;0;0;0;0;-1.32;1.79;0;;0
201:603:130:510;0;0;0;0;-1.41;1.79;0;;0
201:603:130:610;156.14;85.35;2.78;10.33;-0.37;1.59;0;;0.24427
201:603:130:710;381.85;133.87;6.23;19.44;3.97;1.79;0;;0.52195
201:603:130:810;570.63;163.18;9.26;27.45;6;3.66;0;;0.74307
201:603:130:910;66.86;256.14;6.37;33.72;7.05;3.66;0;;0.32937
201:603:131:010;3.16;200.53;4.6;37.51;7.85;3.31;0;;0.20829
201:603:131:110;0;157.91;3.6;38.21;7.76;3.1;0;;0.16151
201:603:131:210;0;92.42;2.1;35.69;7.85;3.24;0;;0.09452
201:603:131:310;14.73;190.64;4.49;30.39;7.96;3.38;0;;0.20986
201:603:131:410;24.26;158.08;3.86;23.04;7.36;3.03;0;;0.1862
201:603:131:510;24.23;100.39;2.57;14.33;7.17;2.97;0;;0.12719
201:603:131:610;23.09;22.01;1.04;4.82;6.08;2.62;0;;0.04614
201:603:131:710;0;0;0;0;4.39;2.28;0;;0
201:603:131:810;0;0;0;0;2.96;2.14;0;;0
201:603:131:910;0;0;0;0;1.9;2.14;0;;0
201:603:132:010;0;0;0;0;0.45;2.07;0;;0
201:603:132:110;0;0;0;0;-0.98;2;0;;0
201:603:132:210;0;0;0;0;-2.1;1.93;0;;0
201:603:132:310;0;0;0;0;-2.79;1.79;0;;0
201:603:140:010;0;0;0;0;-3.16;1.72;0;;0
201:603:140:110;0;0;0;0;-3.54;1.66;0;;0
201:603:140:210;0;0;0;0;-3.74;1.66;0;;0
201:603:140:310;0;0;0;0;-3.86;1.72;0;;0
201:603:140:410;0;0;0;0;-3.98;1.72;0;;0
201:603:140:510;0;0;0;0;-4.09;1.72;0;;0
201:603:140:610;205.64;82.15;3.15;10.68;-2.97;1.59;0;;0.29094
201:603:140:710;432.82;123.99;6.66;19.8;0.66;1.86;0;;0.56347
201:603:140:810;627.57;150.02;9.77;27.83;2.5;1.79;0;;0.78736
201:603:140:910;750.7;171.11;11.99;34.12;4.19;1.66;0;;0.9338
201:603:141:010;833.83;172.51;13.4;37.91;5.51;1.59;0;;1.01974
201:603:141:110;830.47;169.79;13.63;38.6;6.44;1.45;0;;1.01389
201:603:141:210;750.16;162.16;12.73;36.05;7.08;1.24;0;;0.92505
201:603:141:310;629.31;135.55;10.93;30.72;7.49;1.38;0;;0.77579
201:603:141:410;405.14;122.91;7.91;23.33;7.43;1.59;0;;0.53596
201:603:141:510;197.21;82.99;4.54;14.6;6.82;1.79;0;;0.28474
201:603:141:610;23.91;23.27;1.12;5.08;5.6;1.66;0;;0.0483
201:603:141:710;0;0;0;0;3.7;1.79;0;;0
201:603:141:810;0;0;0;0;2.07;1.66;0;;0
201:603:141:910;0;0;0;0;0.84;1.59;0;;0
201:603:142:010;0;0;0;0;-0.39;1.45;0;;0
201:603:142:110;0;0;0;0;-0.64;1.24;0;;0
201:603:142:210;0;0;0;0;-0.53;1.17;0;;0
201:603:142:310;0;0;0;0;-0.3;1.03;0;;0
201:603:150:010;0;0;0;0;-0.13;0.97;0;;0
201:603:150:110;0;0;0;0;0.06;1.03;0;;0
201:603:150:210;0;0;0;0;-0.03;1.1;0;;0
201:603:150:310;0;0;0;0;-0.06;1.1;0;;0
201:603:150:410;0;0;0;0;-0.07;1.17;0;;0
201:603:150:510;0;2.52;0.06;1.31;-0.12;1.24;0;;0.00258
201:603:150:610;16.71;70.37;1.7;11.03;0.21;1.52;0;;0.08878
201:603:150:710;89.35;165.27;4.37;20.16;1.38;1.93;0;;0.25899
201:603:150:810;192.17;243.1;7.03;28.21;2.64;2.28;0;;0.4423
201:603:150:910;0;84.34;1.92;34.51;3.71;2.34;0;;0.08626
201:603:151:010;0;98.7;2.25;38.31;3.91;2.62;0;;0.10095
201:603:151:110;0;117.54;2.68;38.99;4.46;2.41;0;;0.12022
201:603:151:210;0;81.65;1.86;36.41;4.41;2.21;0;;0.08351
201:603:151:310;0;44.86;1.02;31.04;3.82;2.14;0;;0.04588
201:603:151:410;0;61.01;1.39;23.62;3.41;2.14;0;;0.0624
201:603:151:510;13.02;95.9;2.35;14.86;3.46;2.41;0;;0.11127
201:603:151:610;11.87;28.36;0.96;5.33;2.93;1.72;0;;0.04119
201:603:151:710;0;0;0;0;2.17;1.31;0;;0
201:603:151:810;0;0;0;0;1.29;1.24;0;;0
201:603:151:910;0;0;0;0;0.67;1.45;0;;0
201:603:152:010;0;0;0;0;-0.03;1.31;0;;0
201:603:152:110;0;0;0;0;-0.81;1.31;0;;0
201:603:152:210;0;0;0;0;-0.71;1.38;0;;0
201:603:152:310;0;0;0;0;-0.17;1.72;0;;0
201:603:160:010;0;0;0;0;0.67;2.07;0;;0
201:603:160:110;0;0;0;0;0.82;2.21;0;;0
201:603:160:210;0;0;0;0;0.89;2.21;0;;0
201:603:160:310;0;0;0;0;1.08;2.07;0;;0
201:603:160:410;0;0;0;0;1.14;1.93;0;;0
201:603:160:510;0;2.52;0.06;1.66;1.11;1.86;0;;0.00258
201:603:160:610;0;36.79;0.84;11.38;1.35;1.45;0;;0.03763
201:603:160:710;86.42;167.24;4.41;20.53;2.63;2.48;0;;0.25807
201:603:160:810;36.42;203.22;4.92;28.59;4.01;2.55;0;;0.24456
201:603:160:910;74.87;266.5;6.7;34.91;5.09;2.28;0;;0.34807
201:603:161:010;205.93;323.03;9.17;38.71;6;1.79;0;;0.53813
201:603:161:110;0;108.57;2.47;39.38;6.53;1.38;0;;0.11104
201:603:161:210;0;78.06;1.78;36.77;7.18;1.03;0;;0.07984
201:603:161:310;34.46;220.06;5.37;31.37;7.44;0.62;0;;0.25989
201:603:161:410;212.8;183.37;6.64;23.91;7.21;0.14;0;;0.40281
201:603:161:510;51.22;113.02;3.23;15.13;7.34;0.14;0;;0.16747
201:603:161:610;14.86;29.31;1.08;5.59;6.91;0.69;0;;0.04525
201:603:161:710;0;0;0;0;5.42;0.97;0;;0
201:603:161:810;0;0;0;0;4.94;0.83;0;;0
201:603:161:910;0;0;0;0;4.41;0.55;0;;0
201:603:162:010;0;0;0;0;3.45;0.69;0;;0
201:603:162:110;0;0;0;0;2.18;0.97;0;;0
201:603:162:210;0;0;0;0;0.49;1.17;0;;0
201:603:162:310;0;0;0;0;-0.59;1.17;0;;0
201:603:170:010;0;0;0;0;-0.86;1.1;0;;0
201:603:170:110;0;0;0;0;-1.62;0.97;0;;0
201:603:170:210;0;0;0;0;-1.81;0.97;0;;0
201:603:170:310;0;0;0;0;-1.98;0.97;0;;0
201:603:170:410;0;0;0;0;-2.12;1.03;0;;0
201:603:170:510;0;9.23;0.22;2.01;-2.25;1.03;0;;0.00945
201:603:170:610;214.97;85.04;3.47;11.73;-0.53;0.76;0;;0.30348
201:603:170:710;421.37;131.82;6.91;20.89;1.93;0.55;0;;0.5601
201:603:170:810;659.37;140.66;10.26;28.97;4.48;0.55;0;;0.81029
201:603:170:910;784.06;159.22;12.48;35.3;6.01;0.69;0;;0.95576
201:603:171:010;881.05;153.12;13.97;39.12;7.22;0.9;0;;1.04814
201:603:171:110;863.07;156.79;14.12;39.77;8.14;1.24;0;;1.03398
201:603:171:210;811.7;134.87;13.38;37.13;8.7;1.45;0;;0.95995
201:603:171:310;636.64;132.31;11.24;31.69;8.85;1.66;0;;0.78019
201:603:171:410;406.12;123.03;8.15;24.2;8.63;1.72;0;;0.5373
201:603:171:510;204.1;83.69;4.84;15.4;7.92;1.52;0;;0.29263
201:603:171:610;34.37;28.64;1.47;5.84;6.64;1.59;0;;0.06448
201:603:171:710;0;0;0;0;4.81;1.59;0;;0
201:603:171:810;0;0;0;0;2.48;1.52;0;;0
201:603:171:910;0;0;0;0;1.46;1.45;0;;0
201:603:172:010;0;0;0;0;0.44;1.45;0;;0
201:603:172:110;0;0;0;0;-0.43;1.45;0;;0
201:603:172:210;0;0;0;0;-1.14;1.45;0;;0
201:603:172:310;0;0;0;0;-1.6;1.38;0;;0
201:603:180:010;0;0;0;0;-1.98;1.38;0;;0
201:603:180:110;0;0;0;0;-2.26;1.45;0;;0
201:603:180:210;0;0;0;0;-2.4;1.45;0;;0
201:603:180:310;0;0;0;0;-2.47;1.45;0;;0
201:603:180:410;0;0;0;0;-2.49;1.38;0;;0
201:603:180:510;43.75;11.09;0.45;2.35;-2.57;1.38;0;;0.05529
201:603:180:610;198.45;90.95;3.49;12.08;-0.85;1.03;0;;0.29289
201:603:180:710;438.46;126.79;7.09;21.26;3.07;0.9;0;;0.57234
201:603:180:810;629.01;151.45;10.15;29.35;5.91;1.31;0;;0.79061
201:603:180:910;737.37;175.78;12.26;35.7;7.3;1.86;0;;0.92541
201:603:181:010;829.2;172.69;13.71;39.52;8.23;2.28;0;;1.0156
201:603:181:110;784.21;188.79;13.69;40.16;8.96;2.55;0;;0.98669
201:603:181:210;680.84;191.89;12.65;37.49;9.37;2.76;0;;0.88538
201:603:181:310;623.01;137.24;11.22;32.01;9.42;2.9;0;;0.77147
201:603:181:410;401.93;124.4;8.19;24.49;9.11;2.83;0;;0.53452
201:603:181:510;153.76;101.76;4.49;15.66;8.37;2.34;0;;0.26001
201:603:181:610;31.4;31.06;1.49;6.09;6.74;2.14;0;;0.06395
201:603:181:710;0;0;0;0;5.03;2;0;;0
201:603:181:810;0;0;0;0;3.94;2.07;0;;0
201:603:181:910;0;0;0;0;3.73;2.41;0;;0
201:603:182:010;0;0;0;0;3.21;2.48;0;;0
201:603:182:110;0;0;0;0;2.72;2.34;0;;0
201:603:182:210;0;0;0;0;1.83;2.07;0;;0
201:603:182:310;0;0;0;0;1.11;1.86;0;;0
201:603:190:010;0;0;0;0;0.4;1.66;0;;0
201:603:190:110;0;0;0;0;-0.21;1.52;0;;0
201:603:190:210;0;0;0;0;-0.63;1.45;0;;0
201:603:190:310;0;0;0;0;-0.66;1.38;0;;0
201:603:190:410;0;0;0;0;-0.41;1.52;0;;0
201:603:190:510;0;6.28;0.14;2.7;0.14;1.66;0;;0.00642
201:603:190:610;22.84;84.06;2.06;12.44;1.02;1.93;0;;0.10896
201:603:190:710;142.66;183.77;5.27;21.62;2.25;2.62;0;;0.3317
201:603:190:810;430.09;223.87;9.17;29.73;2.74;2.55;0;;0.66313
201:603:190:910;569.93;246.91;11.5;36.1;3.72;2.55;0;;0.82834
201:603:191:010;609.72;267.34;12.63;39.92;4.68;2.55;0;;0.88969
201:603:191:110;479.83;305.02;11.99;40.55;5.41;2.55;0;;0.79684
201:603:191:210;524.38;256.91;11.83;37.85;5.67;2.41;0;;0.79312
201:603:191:310;458.25;208.71;10.3;32.33;5.88;2.28;0;;0.67726
201:603:191:410;294.69;167.85;7.56;24.78;5.79;2.21;0;;0.4701
201:603:191:510;123.3;112.68;4.31;15.93;5.25;2.14;0;;0.24029
201:603:191:610;17.82;37.93;1.33;6.34;4.33;1.72;0;;0.05708
201:603:191:710;0;0;0;0;2.72;1.72;0;;0
201:603:191:810;0;0;0;0;1.01;1.66;0;;0
201:603:191:910;0;0;0;0;-0.19;1.38;0;;0
201:603:192:010;0;0;0;0;-0.84;1.24;0;;0
201:603:192:110;0;0;0;0;-0.91;1.17;0;;0
201:603:192:210;0;0;0;0;-0.21;0.97;0;;0
201:603:192:310;0;0;0;0;-0.15;0.69;0;;0
201:603:200:010;0;0;0;0;-0.27;0.55;0;;0
201:603:200:110;0;0;0;0;-0.55;0.62;0;;0
201:603:200:210;0;0;0;0;-0.68;0.62;0;;0
201:603:200:310;0;0;0;0;-0.77;0.55;0;;0
201:603:200:410;0;0;0;0;-0.84;0.55;0;;0
201:603:200:510;31.71;16.49;0.55;3.05;-0.82;0.62;0;;0.04875
201:603:200:610;39.13;94.58;2.41;12.79;-0.21;0.41;0;;0.13612
201:603:200:710;125.85;184.08;5.17;21.99;1.16;0.97;0;;0.3151
201:603:200:810;12.77;185.98;4.35;30.11;2.51;1.24;0;;0.2031
201:603:200:910;1.55;183.24;4.19;36.49;3.6;1.59;0;;0.18898
201:603:201:010;0;157.02;3.58;40.32;4.45;2.48;0;;0.1606
201:603:201:110;5.88;226.93;5.23;40.94;5.24;2.69;0;;0.23804
201:603:201:210;111.89;302.83;8.03;38.21;5.24;2.69;0;;0.42275
201:603:201:310;357.29;241.4;9.66;32.65;5.48;2.76;0;;0.60835
201:603:201:410;153.82;199.73;6.39;25.07;5.19;2.34;0;;0.35994
201:603:201:510;70.93;121.1;3.76;16.19;4.65;1.52;0;;0.19579
201:603:201:610;8.21;39.52;1.12;6.59;4.21;1.31;0;;0.04885
201:603:201:710;0;0;0;0;3.4;1.03;0;;0
201:603:201:810;0;0;0;0;2.54;0.76;0;;0
201:603:201:910;0;0;0;0;1.03;1.03;0;;0
201:603:202:010;0;0;0;0;0.41;1.1;0;;0
201:603:202:110;0;0;0;0;-0.17;1.1;0;;0
201:603:202:210;0;0;0;0;-0.37;1.1;0;;0
201:603:202:310;0;0;0;0;-0.71;1.1;0;;0
201:603:210:010;0;0;0;0;-0.79;1.03;0;;0
201:603:210:110;0;0;0;0;-0.71;0.97;0;;0
201:603:210:210;0;0;0;0;-1.11;1.03;0;;0
201:603:210:310;0;0;0;0;-1.01;0.97;0;;0
201:603:210:410;0;0;0;0;-1.46;1.1;0;;0
201:603:210:510;5.78;16.38;0.41;3.4;-1.31;1.03;0;;0.02257
201:603:210:610;41.98;97.74;2.51;13.14;0.43;0.69;0;;0.14223
201:603:210:710;3.32;122.5;2.82;22.35;2.63;1.03;0;;0.12864
201:603:210:810;23.74;203.24;4.84;30.5;4.26;2.55;0;;0.23182
201:603:210:910;0;119.33;2.72;36.89;5.42;2.97;0;;0.12205
201:603:211:010;59.86;296.14;7.31;40.73;6.23;3.1;0;;0.36331
201:603:211:110;0;176.75;4.02;41.32;7;3.31;0;;0.18077
201:603:211:210;0;171.37;3.9;38.57;7.43;3.38;0;;0.17527
201:603:211:310;0;95.11;2.17;32.97;7.51;3.31;0;;0.09728
201:603:211:410;0;56.53;1.29;25.35;7.28;3.24;0;;0.05782
201:603:211:510;0;50.25;1.14;16.45;6.68;2.9;0;;0.05139
201:603:211:610;5.76;39.45;1.06;6.84;5.9;2.14;0;;0.04627
201:603:211:710;0;0;0;0;4.57;1.66;0;;0
201:603:211:810;0;0;0;0;2.8;1.31;0;;0
201:603:211:910;0;0;0;0;2.4;1.1;0;;0
201:603:212:010;0;0;0;0;2.79;1.03;0;;0
201:603:212:110;0;0;0;0;1.89;1.1;0;;0
201:603:212:210;0;0;0;0;1;1.24;0;;0
201:603:212:310;0;0;0;0;0.42;1.38;0;;0
201:603:220:010;0;0;0;0;0.13;1.31;0;;0
201:603:220:110;0;0;0;0;-0.18;1.31;0;;0
201:603:220:210;0;0;0;0;-0.45;1.24;0;;0
201:603:220:310;0;0;0;0;-0.76;1.17;0;;0
201:603:220:410;0;0;0;0;-0.63;1.17;0;;0
201:603:220:510;2.66;17.15;0.41;3.74;-0.63;1.17;0;;0.02022
201:603:220:610;98.41;108.8;3.19;13.5;0.42;1.24;0;;0.2104
201:603:220:710;195.04;189.99;5.97;22.72;3.33;1.86;0;;0.391
201:603:220:810;29.81;212.46;5.11;30.88;4.61;0;0;;0.24738
201:603:220:910;0;111.26;2.53;37.29;5.49;0;0;;0.11379
201:603:221:010;1.49;202.07;4.62;41.13;6.37;2.41;0;;0.20818
201:603:221:110;0;160.6;3.66;41.71;6.81;2.76;0;;0.16426
201:603:221:210;116.02;307.78;8.21;38.92;7.23;2.9;0;;0.43201
201:603:221:310;405.09;229.52;10.17;33.29;7.54;2.97;0;;0.64478
201:603:221:410;295.07;170.03;7.78;25.64;7.26;2.76;0;;0.47288
201:603:221:510;156.33;105.84;4.82;16.71;7.06;2.69;0;;0.26699
201:603:221:610;34.08;34.42;1.8;7.09;6.18;2.14;0;;0.0703
201:603:221:710;0;0;0;0;4.67;1.59;0;;0
201:603:221:810;0;0;0;0;2.7;1.24;0;;0
201:603:221:910;0;0;0;0;1.9;1.24;0;;0
201:603:222:010;0;0;0;0;1.18;1.24;0;;0
201:603:222:110;0;0;0;0;0.17;1.24;0;;0
201:603:222:210;0;0;0;0;-0.89;1.31;0;;0
201:603:222:310;0;0;0;0;-0.97;1.17;0;;0
201:603:230:010;0;0;0;0;-0.66;1.03;0;;0
201:603:230:110;0;0;0;0;-1.19;1.1;0;;0
201:603:230:210;0;0;0;0;-1.89;1.31;0;;0
201:603:230:310;0;0;0;0;-2.2;1.38;0;;0
201:603:230:410;0;0;0;0;-2.26;1.38;0;;0
201:603:230:510;51.99;22.94;0.9;4.09;-2.29;1.38;0;;0.07583
201:603:230:610;70.21;110.28;3.02;13.85;0.18;1.03;0;;0.18351
201:603:230:710;157.19;194.29;5.74;23.08;3.64;1.1;0;;0.35722
201:603:230:810;625.48;161.05;10.69;31.26;5.29;1.52;0;;0.79722
201:603:230:910;580.84;251.18;11.99;37.69;6.16;1.31;0;;0.84401
201:603:231:010;199.39;341.33;9.68;41.53;6.72;1.1;0;;0.5504
201:603:231:110;8.66;241.7;5.6;42.1;6.71;0.83;0;;0.25596
201:603:231:210;7.03;222.57;5.15;39.28;6.62;0.69;0;;0.23475
201:603:231:310;13.58;210.07;4.94;33.61;7.45;1.17;0;;0.22859
201:603:231:410;0;52.94;1.21;25.92;7.43;1.31;0;;0.05415
201:603:231:510;0;69.98;1.59;16.97;7.17;0.97;0;;0.07157
201:603:231:610;0.67;34.08;0.8;7.34;6.64;0.83;0;;0.03555
201:603:231:710;0;0;0;0;5.16;1.1;0;;0
201:603:231:810;0;0;0;0;2.61;1.59;0;;0
201:603:231:910;0;0;0;0;0.61;1.66;0;;0
201:603:232:010;0;0;0;0;-0.41;1.52;0;;0
201:603:232:110;0;0;0;0;-1.3;1.52;0;;0
201:603:232:210;0;0;0;0;-1.51;1.45;0;;0
201:603:232:310;0;0;0;0;-1.73;1.45;0;;0
201:603:240:010;0;0;0;0;-2.12;1.52;0;;0
201:603:240:110;0;0;0;0;-2.5;1.59;0;;0
201:603:240:210;0;0;0;0;-2.79;1.66;0;;0
201:603:240:310;0;0;0;0;-3.01;1.66;0;;0
201:603:240:410;0;0;0;0;-3.31;1.79;0;;0
201:603:240:510;55.6;24.95;1;4.44;-3.39;1.79;0;;0.08155
201:603:240:610;260.13;91.44;4.49;14.21;-1.55;1.59;0;;0.35606
201:603:240:710;483.94;126.82;8.09;23.45;2.43;2.83;0;;0.61885
201:603:240:810;627.99;168.2;10.91;31.64;3.66;3.31;0;;0.8071
201:603:240:910;787.04;170.65;13.32;38.08;4.77;3.66;0;;0.97101
201:603:241:010;877.52;166.19;14.77;41.93;5.59;3.72;0;;1.05848
201:603:241:110;857.31;169.54;14.87;42.49;6.16;3.86;0;;1.04172
201:603:241:210;622.56;231.59;13.01;39.63;6.46;3.93;0;;0.86716
201:603:241:310;571.39;171.66;11.56;33.92;6.43;4.07;0;;0.75461
201:603:241:410;423.23;123.64;8.95;26.2;5.98;4;0;;0.55582
201:603:241:510;223.25;83.62;5.62;17.23;5.27;3.72;0;;0.31249
201:603:241:610;42.34;32.7;2.1;7.58;4.29;3.03;0;;0.07714
201:603:241:710;0;0;0;0;2.84;2.62;0;;0
201:603:241:810;0;0;0;0;1.48;2.21;0;;0
201:603:241:910;0;0;0;0;0.73;2.14;0;;0
201:603:242:010;0;0;0;0;-1.2;1.86;0;;0
201:603:242:110;0;0;0;0;-1.97;1.59;0;;0
201:603:242:210;0;0;0;0;-1.87;1.38;0;;0
201:603:242:310;0;0;0;0;-1.46;1.17;0;;0
201:603:250:010;0;0;0;0;-0.89;1.03;0;;0
201:603:250:110;0;0;0;0;-0.52;0.97;0;;0
201:603:250:210;0;0;0;0;-0.64;0.9;0;;0
201:603:250:310;0;0;0;0;-0.77;0.9;0;;0
201:603:250:410;0;0;0;0;-0.88;0.83;0;;0
201:603:250:510;17.44;27.83;0.78;4.79;-0.96;0.69;0;;0.04605
201:603:250:610;187.79;109.18;4.13;14.56;0.44;0.34;0;;0.3011
201:603:250:710;223.49;196.66;6.5;23.81;2.92;0.21;0;;0.42665
201:603:250:810;494.3;217.57;10.19;32.02;4.94;0.48;0;;0.72206
201:603:250:910;621.98;238.34;12.42;38.48;6.1;1.1;0;;0.87274
201:603:251:010;419.92;330.9;11.93;42.33;6.65;1.66;0;;0.76275
201:603:251:110;180.92;345.8;9.73;42.87;6.57;1.86;0;;0.53645
201:603:251:210;16.64;250.09;5.88;39.98;6.64;1.86;0;;0.27261
201:603:251:310;438.67;223.63;10.71;34.24;6.89;1.79;0;;0.67301
201:603:251:410;20.2;177.66;4.31;26.48;6.77;1.72;0;;0.20217
201:603:251:510;11.17;110.6;2.7;17.49;6.74;1.52;0;;0.12447
201:603:251:610;0;25.12;0.57;7.83;5.98;1.1;0;;0.02569
201:603:251:710;0;0;0;0;4.74;1.03;0;;0
201:603:251:810;0;0;0;0;3.86;0.97;0;;0
201:603:251:910;0;0;0;0;5.05;0.62;0;;0
201:603:252:010;0;0;0;0;4.68;0.62;0;;0
201:603:252:110;0;0;0;0;4.36;0.55;0;;0
201:603:252:210;0;0;0;0;4.09;0.69;0;;0
201:603:252:310;0;0;0;0;3.73;0.76;0;;0
201:603:260:010;0;0;0;0;3.47;0.69;0;;0
201:603:260:110;0;0;0;0;2.99;0.55;0;;0
201:603:260:210;0;0;0;0;2.64;0.62;0;;0
201:603:260:310;0;0;0;0;2.25;0.69;0;;0
201:603:260:410;0;0;0;0;1.66;0.83;0;;0
201:603:260:510;0;15.25;0.35;5.14;0.82;0.97;0;;0.0156
201:603:260:610;8.31;86.49;2.04;14.91;2.74;0.55;0;;0.09684
201:603:260:710;189.74;198.92;6.25;24.18;4.72;0.97;0;;0.39491
201:603:260:810;300.56;261.94;8.89;32.4;6.53;1.72;0;;0.57139
201:603:260:910;31.11;259.08;6.21;38.88;7.85;1.86;0;;0.2964
201:603:261:010;2.9;221.1;5.07;42.73;8.79;2;0;;0.22907
201:603:261:110;2.83;219.28;5.03;43.26;8.95;2.28;0;;0.22714
201:603:261:210;0;104.98;2.39;40.34;8.87;2.76;0;;0.10737
201:603:261:310;0;148.94;3.39;34.55;8.85;3.38;0;;0.15233
201:603:261:410;37.52;191.86;4.86;26.76;8.07;2.62;0;;0.23424
201:603:261:510;14.32;115.41;2.86;17.74;7.37;2.48;0;;0.13259
201:603:261:610;38.58;36.65;2.17;8.07;6.49;2.41;0;;0.0774
201:603:261:710;0;0;0;0;5.32;1.93;0;;0
201:603:261:810;0;0;0;0;3.82;1.86;0;;0
201:603:261:910;0;0;0;0;2.67;1.72;0;;0
201:603:262:010;0;0;0;0;1.01;1.66;0;;0
201:603:262:110;0;0;0;0;-0.32;1.52;0;;0
201:603:262:210;0;0;0;0;-0.78;1.38;0;;0
201:603:262:310;0;0;0;0;-0.79;1.24;0;;0
201:603:270:010;0;0;0;0;-0.68;1.17;0;;0
201:603:270:110;0;0;0;0;-0.62;1.1;0;;0
201:603:270:210;0;0;0;0;-0.66;1.1;0;;0
201:603:270:310;0;0;0;0;-0.52;1.03;0;;0
201:603:270:410;0;0;0;0;-0.35;0.97;0;;0
201:603:270:510;23.53;34.53;1;5.48;0.19;0.76;0;;0.05906
201:603:270:610;179.79;115.53;4.27;15.26;2.09;0.34;0;;0.29959
201:603:270:710;80.69;195.34;5.17;24.54;3.21;0.34;0;;0.2812
201:603:270:810;168.66;272.55;7.78;32.78;5.49;0.28;0;;0.44899
201:603:270:910;475.23;289.63;11.69;39.27;6.85;0.83;0;;0.77655
201:603:271:010;336.92;345.92;11.38;43.13;8.06;1.03;0;;0.69422
201:603:271:110;91.45;329.28;8.46;43.64;8.99;1.31;0;;0.42919
201:603:271:210;0;180.34;4.11;40.69;9.21;1.52;0;;0.18445
201:603:271:310;0;117.54;2.68;34.86;9;1.79;0;;0.12022
201:603:271:410;17.35;179;4.31;27.04;8.69;1.93;0;;0.20066
201:603:271:510;6.52;108.27;2.57;18;8.03;1.72;0;;0.11736
201:603:271:610;5.35;49.9;1.33;8.32;7.46;1.52;0;;0.05658
201:603:271:710;0;0;0;0;6.53;1.38;0;;0
201:603:271:810;0;0;0;0;5.5;1.24;0;;0
201:603:271:910;0;0;0;0;4.67;1.17;0;;0
201:603:272:010;0;0;0;0;4.14;1.1;0;;0
201:603:272:110;0;0;0;0;4.23;1.03;0;;0
201:603:272:210;0;0;0;0;4.01;1.03;0;;0
201:603:272:310;0;0;0;0;3.69;0.97;0;;0
201:603:280:010;0;0;0;0;3.21;0.9;0;;0
201:603:280:110;0;0;0;0;2.95;0.9;0;;0
201:603:280:210;0;0;0;0;2.46;1.03;0;;0
201:603:280:310;0;0;0;0;2.35;1.03;0;;0
201:603:280:410;0;0;0;0;2.35;0.9;0;;0
201:603:280:510;0;7.18;0.16;5.83;2.35;0.83;0;;0.00734
201:603:280:610;1.61;71.97;1.65;15.62;3.25;0.41;0;;0.07523
201:603:280:710;172;206.14;6.29;24.9;5.64;0.76;0;;0.38443
201:603:280:810;245.03;273.97;8.62;33.16;7.06;1.66;0;;0.52762
201:603:280:910;185.6;323.79;9.19;39.66;7.95;2;0;;0.51858
201:603:281:010;188.88;350.01;9.89;43.53;8.26;2.07;0;;0.54878
201:603:281:110;152.43;347.41;9.52;44.03;8.53;2;0;;0.50936
201:603:281:210;157.72;326.54;9.19;41.04;8.55;1.86;0;;0.49345
201:603:281:310;281.2;269.95;9.64;35.17;8.48;1.86;0;;0.56079
201:603:281:410;28.24;190.39;4.72;27.32;8.66;1.79;0;;0.22335
201:603:281:510;22.52;126.11;3.25;18.25;8.35;1.59;0;;0.15188
201:603:281:610;9.25;53.11;1.55;8.56;7.95;1.24;0;;0.06391
201:603:281:710;0;0;0;0;6.78;1.31;0;;0
201:603:281:810;0;0;0;0;5.36;1.31;0;;0
201:603:281:910;0;0;0;0;3.87;1.52;0;;0
201:603:282:010;0;0;0;0;3.88;1.31;0;;0
201:603:282:110;0;0;0;0;3.45;1.31;0;;0
201:603:282:210;0;0;0;0;3.3;1.17;0;;0
201:603:282:310;0;0;0;0;3.05;1.17;0;;0
201:603:290:010;0;0;0;0;3.01;1.17;0;;0
201:603:290:110;0;0;0;0;3.07;1.03;0;;0
201:603:290:210;0;0;0;0;3.02;0.9;0;;0
201:603:290:310;0;0;0;0;3.25;0.83;0;;0
201:603:290:410;0;0;0;0;3.21;0.83;0;;0
201:603:290:510;8.96;35.46;0.88;6.18;3.87;0.62;0;;0.0453
201:603:290:610;37.97;116.06;2.98;15.97;4.93;0.21;0;;0.15701
201:603:290:710;478.87;129.51;8.48;25.26;7.09;1.24;0;;0.61686
201:603:290:810;133.43;271.17;7.46;33.54;9.39;1.66;0;;0.41206
201:603:290:910;744.77;183.4;13.4;40.06;11.29;3.52;0;;0.94157
201:603:291:010;59.73;311.7;7.72;43.93;12.06;3.66;0;;0.37915
201:603:291:110;0;126.51;2.88;44.41;12.83;4.07;0;;0.12939
201:603:291:210;663.34;204.96;13.5;41.38;12.63;3.72;0;;0.8818
201:603:291:310;197.36;280.16;8.81;35.48;12.43;3.45;0;;0.48633
201:603:291:410;395.39;132.46;9.05;27.59;11.81;3.52;0;;0.5369
201:603:291:510;30.68;130.49;3.49;18.5;11.1;2.97;0;;0.16466
201:603:291:610;7.87;54.04;1.53;8.8;10.29;2.41;0;;0.06344
201:603:291:710;0;0;0;0;8.33;2.34;0;;0
201:603:291:810;0;0;0;0;6.68;1.59;0;;0
201:603:291:910;0;0;0;0;5.9;1.66;0;;0
201:603:292:010;0;0;0;0;4.73;1.45;0;;0
201:603:292:110;0;0;0;0;3.29;1.72;0;;0
201:603:292:210;0;0;0;0;2.44;1.66;0;;0
201:603:292:310;0;0;0;0;2.34;1.38;0;;0
201:603:300:010;0;0;0;0;2.3;1.24;0;;0
201:603:300:110;0;0;0;0;2.28;1.24;0;;0
201:603:300:210;0;0;0;0;2.49;1.17;0;;0
201:603:300:310;0;0;0;0;3.58;0.9;0;;0
201:603:300:410;0;0;0;0;3.9;0.62;0;;0
201:603:300:510;46.44;44.84;1.41;6.52;3.81;0.55;0;;0.09269
201:603:300:610;42.06;118.43;3.09;16.31;4.45;0.83;0;;0.16358
201:603:300:710;407.91;155.54;8.11;25.63;7.72;1.1;0;;0.57156
201:603:300:810;509.04;212.78;10.64;33.91;9.59;1.59;0;;0.73246
201:603:300:910;225;325.66;9.7;40.45;11.26;1.93;0;;0.56036
201:603:301:010;296.85;348.97;11.11;44.33;12.55;2.62;0;;0.65693
201:603:301:110;41.45;301.83;7.33;44.79;13.2;3.03;0;;0.35061
201:603:301:210;191.97;328.43;9.68;41.73;12.44;2.83;0;;0.53008
201:603:301:310;0;123.82;2.82;35.78;12.71;3.17;0;;0.12664
201:603:301:410;0;79.85;1.82;27.86;13.01;2.76;0;;0.08167
201:603:301:510;14.62;122.47;3.04;18.76;12.69;2.34;0;;0.14013
201:603:301:610;0.55;38.54;0.9;9.04;11.97;1.93;0;;0.03999
201:603:301:710;0;0;0;0;11.11;1.72;0;;0
201:603:301:810;0;0;0;0;10.13;1.45;0;;0
201:603:301:910;0;0;0;0;8.84;1.31;0;;0
201:603:302:010;0;0;0;0;8.11;1.24;0;;0
201:603:302:110;0;0;0;0;7.77;1.24;0;;0
201:603:302:210;0;0;0;0;7.76;1.17;0;;0
201:603:302:310;0;0;0;0;7.96;1.1;0;;0
201:603:310:010;0;0;0;0;7.99;1.03;0;;0
201:603:310:110;0;0;0;0;8.03;0.76;0;;0
201:603:310:210;0;0;0;0;7.54;0.41;0;;0
201:603:310:310;0;0;0;0;7.08;0.55;0;;0
201:603:310:410;0;0;0;0;6.56;0.9;0;;0
201:603:310:510;71.22;44.33;1.68;6.86;5.37;1.1;0;;0.11723
201:603:310:610;193.36;118.34;4.68;16.66;7.24;0.62;0;;0.31638
201:603:310:710;332.41;181.39;7.72;25.98;10.47;0.76;0;;0.52152
201:603:310:810;204.43;277.63;8.38;34.29;12.36;0.97;0;;0.49044
201:603:310:910;763.8;171.37;13.63;40.84;14.05;1.1;0;;0.9488
201:603:311:010;850.1;166.17;15.02;44.72;15.44;1.45;0;;1.03129
201:603:311:110;850.16;159.08;15.22;45.17;16.23;2.28;0;;1.02446
201:603:311:210;785.75;142.51;14.38;42.07;16.48;2.69;0;;0.94264
201:603:311:310;510.68;189.37;11.52;36.09;16.54;2.83;0;;0.71157
201:603:311:410;409.87;124.07;9.28;28.13;15.98;2.69;0;;0.54322
201:603:311:510;193.79;95.99;5.78;19.01;15.92;2.69;0;;0.29556
201:603:311:610;32.53;45.29;2.35;9.28;15.13;1.86;0;;0.08017
201:603:311:710;0;0;0;0;13.66;1.59;0;;0
201:603:311:810;0;0;0;0;11.8;1.66;0;;0
201:603:311:910;0;0;0;0;10.16;1.72;0;;0
201:603:312:010;0;0;0;0;8.21;1.79;0;;0
201:603:312:110;0;0;0;0;7.03;1.72;0;;0
201:603:312:210;0;0;0;0;6.02;1.86;0;;0
201:603:312:310;0;0;0;0;5.56;1.79;0;;0
201:604:010:010;0;0;0;0;5.27;1.79;0;;0
201:604:010:110;0;0;0;0;4.32;1.72;0;;0
201:604:010:210;0;0;0;0;4.13;1.59;0;;0
201:604:010:310;0;0;0;0;3.95;1.45;0;;0
201:604:010:410;0;0;0;0;3.94;1.31;0;;0
201:604:010:510;3.2;33.57;0.8;7.21;4.55;1.1;0;;0.03757
201:604:010:610;7.56;97.05;2.29;17.01;7.15;0.34;0;;0.1069
201:604:010:710;112.21;209.88;5.88;26.34;10.55;0.62;0;;0.32797
201:604:010:810;98.56;267.78;7.09;34.66;12.67;1.24;0;;0.37343
201:604:010:910;37.02;276.07;6.68;41.23;14.22;1.72;0;;0.31977
201:604:011:010;194.16;354.13;10.13;45.12;15.81;2;0;;0.55842
201:604:011:110;599.41;277.59;13.83;45.55;16.42;2.69;0;;0.89083
201:604:011:210;258.53;329.77;10.58;42.41;15.75;3.03;0;;0.59888
201:604:011:310;129.63;282.62;8.07;36.39;14.11;3.1;0;;0.42032
201:604:011:410;151.61;215.68;7.09;28.4;11.98;3.17;0;;0.37438
201:604:011:510;157.75;114.65;5.54;19.25;10.23;3.31;0;;0.27794
201:604:011:610;31.72;47.7;2.41;9.52;8.33;3.03;0;;0.08183
201:604:011:710;0;0;0;0;6.6;2.62;0;;0
201:604:011:810;0;0;0;0;5.16;2.28;0;;0
201:604:011:910;0;0;0;0;4.28;2.14;0;;0
201:604:012:010;0;0;0;0;3.16;2.07;0;;0
201:604:012:110;0;0;0;0;2.17;2;0;;0
201:604:012:210;0;0;0;0;1.2;1.93;0;;0
201:604:012:310;0;0;0;0;0.08;1.72;0;;0
201:604:020:010;0;0;0;0;-1.07;1.59;0;;0
201:604:020:110;0;0;0;0;-1.51;1.59;0;;0
201:604:020:210;0;0;0;0;-1.67;1.45;0;;0
201:604:020:310;0;0;0;0;-1.62;1.31;0;;0
201:604:020:410;0;0;0;0;-1.78;1.31;0;;0
201:604:020:510;71.14;51.83;1.9;7.55;-1.44;1.17;0;;0.12487
201:604:020:610;262.4;110.18;5.46;17.35;0.79;0.9;0;;0.37804
201:604:020:710;456.35;154.49;8.91;26.7;4.85;0.83;0;;0.61975
201:604:020:810;631.65;181.85;11.91;35.03;6.86;0.9;0;;0.82541
201:604:020:910;701.82;224.9;13.83;41.62;8.4;1.03;0;;0.94055
201:604:021:010;788.76;219.32;15.2;45.51;9.67;1.24;0;;1.02328
201:604:021:110;733.04;238.93;15.06;45.92;10.7;1.66;0;;0.98703
201:604:021:210;578.45;260.12;13.57;42.76;11.31;1.93;0;;0.85214
201:604:021:310;420.26;243.45;11.32;36.69;11.6;1.93;0;;0.67503
201:604:021:410;275.94;194.86;8.6;28.67;11.45;2;0;;0.4794
201:604:021:510;97.5;141.13;5.01;19.5;10.96;2.07;0;;0.24364
201:604:021:610;3.04;56.16;1.41;9.76;9.88;1.79;0;;0.06061
201:604:021:710;0;0;0;0;8.13;1.72;0;;0
201:604:021:810;0;0;0;0;6.31;0;0;;0
201:604:021:910;0;0;0;0;5.19;0;0;;0
201:604:022:010;0;0;0;0;3.86;1.52;0;;0
201:604:022:110;0;0;0;0;3.01;1.45;0;;0
201:604:022:210;0;0;0;0;2.25;1.45;0;;0
201:604:022:310;0;0;0;0;1.66;1.45;0;;0
201:604:030:010;0;0;0;0;1.03;1.45;0;;0
201:604:030:110;0;0;0;0;-0.18;1.45;0;;0
201:604:030:210;0;0;0;0;-0.49;1.38;0;;0
201:604:030:310;0;0;0;0;-0.76;1.38;0;;0
201:604:030:410;0;0;0;0;-0.9;1.38;0;;0
201:604:030:510;34.47;54.5;1.59;7.89;-0.77;1.31;0;;0.09056
201:604:030:610;149.98;137.7;4.7;17.7;2.52;0.83;0;;0.29238
201:604:030:710;317.39;198.76;8.03;27.05;6.99;1.1;0;;0.52418
201:604:030:810;525.69;222.69;11.3;35.4;8.83;1.59;0;;0.75968
201:604:030:910;690.43;224.38;13.75;42;10.36;1.93;0;;0.92856
201:604:031:010;791.1;212.42;15.2;45.9;11.74;2.14;0;;1.01872
201:604:031:110;794.97;201.67;15.38;46.3;12.88;2.34;0;;1.01202
201:604:031:210;725.55;185.52;14.47;43.09;13.64;2.41;0;;0.92554
201:604:031:310;597.85;162.17;12.59;36.99;14.06;2.41;0;;0.77261
201:604:031:410;376.03;150.21;9.42;28.94;14.03;2.34;0;;0.53566
201:604:031:510;179.7;109.8;5.97;19.75;13.51;2.14;0;;0.29547
201:604:031:610;36.66;46.64;2.68;10;12.32;1.72;0;;0.08598
201:604:031:710;0;0;0;0;10.4;1.66;0;;0
201:604:031:810;0;0;0;0;8.34;1.59;0;;0
201:604:031:910;0;0;0;0;7.15;1.52;0;;0
201:604:032:010;0;0;0;0;5.82;1.59;0;;0
201:604:032:110;0;0;0;0;4.89;1.59;0;;0
201:604:032:210;0;0;0;0;4.24;1.59;0;;0
201:604:032:310;0;0;0;0;3.55;1.66;0;;0
201:604:040:010;0;0;0;0;3.07;1.66;0;;0
201:604:040:110;0;0;0;0;3.33;1.72;0;;0
201:604:040:210;0;0;0;0;2.87;1.72;0;;0
201:604:040:310;0;0;0;0;2.48;1.72;0;;0
201:604:040:410;0;0;0;0;2.21;1.72;0;;0
201:604:040:510;0;30.51;0.69;8.22;2.64;1.59;0;;0.0312
201:604:040:610;190.05;130.4;5.07;18.04;6.41;1.1;0;;0.32552
201:604:040:710;212.57;218.49;7.23;27.4;11.58;1.38;0;;0.43829
201:604:040:810;565.95;202.34;11.54;35.77;14.09;1.86;0;;0.77983
201:604:040:910;719.74;205.81;13.91;42.39;15.67;2.34;0;;0.93946
201:604:041:010;805.8;198.82;15.26;46.29;16.88;2.69;0;;1.01988
201:604:041:110;794.49;197.22;15.38;46.67;17.7;3.1;0;;1.00709
201:604:041:210;712.09;187.73;14.38;43.43;18.09;3.31;0;;0.9142
201:604:041:310;540.25;183.81;12.16;37.29;18.07;3.31;0;;0.73622
201:604:041:410;311.68;176.5;8.93;29.2;17.81;3.17;0;;0.49711
201:604:041:510;26.48;138.56;3.66;19.99;17.35;2.83;0;;0.1687
201:604:041:610;22.26;58.59;2.35;10.23;16.43;2.07;0;;0.0832
201:604:041:710;0;0;0;0;14.77;1.72;0;;0
201:604:041:810;0;0;0;0;12.86;1.72;0;;0
201:604:041:910;0;0;0;0;11.28;1.59;0;;0
201:604:042:010;0;0;0;0;10.18;1.52;0;;0
201:604:042:110;0;0;0;0;9.5;1.52;0;;0
201:604:042:210;0;0;0;0;9.41;1.38;0;;0
201:604:042:310;0;0;0;0;9.38;1.31;0;;0
201:604:050:010;0;0;0;0;9.41;1.24;0;;0
201:604:050:110;0;0;0;0;9.39;1.24;0;;0
201:604:050:210;0;0;0;0;8.91;1.24;0;;0
201:604:050:310;0;0;0;0;8.61;1.24;0;;0
201:604:050:410;0;0;0;0;8.38;1.17;0;;0
201:604:050:510;49.54;58.81;1.9;8.56;7.68;1.24;0;;0.11025
201:604:050:610;214.79;124.71;5.31;18.38;10.1;0.55;0;;0.34481
201:604:050:710;391.49;175;8.64;27.75;14.48;0.48;0;;0.57513
201:604:050:810;574.68;198.51;11.67;36.14;17.08;0.97;0;;0.78486
201:604:050:910;702.89;212.49;13.87;42.77;18.7;1.31;0;;0.92925
201:604:051:010;773.96;213.52;15.14;46.68;19.75;1.72;0;;1.00262
201:604:051:110;748.66;217;15.14;47.04;20.35;2.21;0;;0.9808
201:604:051:210;670.33;206.08;14.16;43.77;20.57;2.41;0;;0.89057
201:604:051:310;526.73;189.14;12.12;37.58;20.47;2.41;0;;0.72799
201:604:051:410;334.26;165.77;9.15;29.47;20.07;2.48;0;;0.50918
201:604:051:510;153.15;121.27;5.78;20.23;19.36;2.34;0;;0.2802
201:604:051:610;26.03;56.99;2.51;10.47;18.38;1.59;0;;0.08553
201:604:051:710;0;0;0;0;16.86;1.45;0;;0
201:604:051:810;0;0;0;0;14.46;1.31;0;;0
201:604:051:910;0;0;0;0;15.84;0.97;0;;0
201:604:052:010;0;0;0;0;14.95;0.97;0;;0
201:604:052:110;0;0;0;0;14.02;0.9;0;;0
201:604:052:210;0;0;0;0;13.3;0.97;0;;0
201:604:052:310;0;0;0;0;12.43;1.1;0;;0
201:604:060:010;0;0;0;0;11.09;1.24;0;;0
201:604:060:110;0;0;0;0;9.63;1.31;0;;0
201:604:060:210;0;0;0;0;9;1.31;0;;0
201:604:060:310;0;0;0;0;8.88;1.31;0;;0
201:604:060:410;0;0;0;0;7.63;1.52;0;;0
201:604:060:510;20.68;58.47;1.57;8.89;7.34;1.45;0;;0.08072
201:604:060:610;117.34;143.53;4.56;18.72;10.83;0.62;0;;0.26543
201:604:060:710;328.83;195.25;8.27;28.1;15.98;0.14;0;;0.53235
201:604:060:810;532.97;214.66;11.46;36.5;18.99;0.55;0;;0.75909
201:604:060:910;603.42;253.27;13.3;43.15;20.12;1.03;0;;0.86999
201:604:061:010;754.71;220.11;15.06;47.06;20.72;1.31;0;;0.98988
201:604:061:110;715.31;230.92;14.98;47.41;21.02;1.59;0;;0.96121
201:604:061:210;627.8;223.71;13.91;44.1;19.83;1.93;0;;0.86542
201:604:061:310;513.4;193.28;12.05;37.87;19.09;2.34;0;;0.71873
201:604:061:410;295.18;181.38;8.87;29.73;18.77;2.97;0;;0.48543
201:604:061:510;125.5;132.84;5.52;20.48;17.93;2.9;0;;0.26386
201:604:061:610;34.26;50.5;2.78;10.7;16.72;2.55;0;;0.08754
201:604:061:710;0;0;0;0;14.92;1.86;0;;0
201:604:061:810;0;0;0;0;13.16;1.72;0;;0
201:604:061:910;0;0;0;0;11.53;1.66;0;;0
201:604:062:010;0;0;0;0;9.71;1.52;0;;0
201:604:062:110;0;0;0;0;8.49;1.45;0;;0
201:604:062:210;0;0;0;0;8;1.31;0;;0
201:604:062:310;0;0;0;0;7.88;1.24;0;;0
201:604:070:010;0;0;0;0;7.6;1.24;0;;0
201:604:070:110;0;0;0;0;7.08;1.24;0;;0
201:604:070:210;0;0;0;0;6.9;1.24;0;;0
201:604:070:310;0;0;0;0;6.48;1.31;0;;0
201:604:070:410;0;0;0;0;6.13;1.31;0;;0
201:604:070:510;30.93;62.49;1.8;9.23;6.49;1.03;0;;0.09522
201:604:070:610;168.96;138.58;5.11;19.05;10.07;0.41;0;;0.31265
201:604:070:710;341.43;192.44;8.44;28.45;13.37;0.28;0;;0.54231
201:604:070:810;537.71;213.03;11.56;36.86;15.48;0.69;0;;0.7623
201:604:070:910;683.6;218.09;13.85;43.53;16.88;1.59;0;;0.91554
201:604:071:010;395.52;347.67;12.61;47.45;17.77;2.14;0;;0.7558
201:604:071:110;147.82;359.85;9.93;47.78;17.73;2.21;0;;0.5176
201:604:071:210;374.75;315.89;12.07;44.43;17.45;1.93;0;;0.70271
201:604:071:310;180.58;291.65;9.09;38.16;17.29;1.72;0;;0.48132
201:604:071:410;69.82;222.04;6.13;29.99;17.42;1.86;0;;0.29799
201:604:071:510;37.88;145.48;4.07;20.72;17.2;1.72;0;;0.18743
201:604:071:610;16.32;66.07;2.31;10.93;16.76;1.31;0;;0.0847
201:604:071:710;0;0;0;0;15.82;0.76;0;;0
201:604:071:810;0;0;0;0;15.11;0.55;0;;0
201:604:071:910;0;0;0;0;14.1;1.1;0;;0
201:604:072:010;0;0;0;0;13;1.17;0;;0
201:604:072:110;0;0;0;0;12.06;1.17;0;;0
201:604:072:210;0;0;0;0;9.61;1.52;0;;0
201:604:072:310;0;0;0;0;7.92;1.66;0;;0
201:604:080:010;0;0;0;0;7.01;1.72;0;;0
201:604:080:110;0;0;0;0;6.36;1.72;0;;0
201:604:080:210;0;0;0;0;5.83;1.72;0;;0
201:604:080:310;0;0;0;0;5.42;1.72;0;;0
201:604:080:410;0;0;0;0;5.19;1.86;0;;0
201:604:080:510;0;32.3;0.74;9.55;6.19;1.72;0;;0.03304
201:604:080:610;1.38;89.87;2.06;19.38;9.34;1.38;0;;0.09331
201:604:080:710;87.42;219.84;5.97;28.79;14.07;1.52;0;;0.31323
201:604:080:810;12.42;219.75;5.15;37.22;15.86;1.72;0;;0.23732
201:604:080:910;1.36;208.31;4.76;43.9;17.3;1.72;0;;0.21443
201:604:081:010;0;211.75;4.82;47.83;18.68;1.79;0;;0.21657
201:604:081:110;0;109.46;2.49;48.14;19.59;1.59;0;;0.11195
201:604:081:210;0;127.41;2.9;44.76;19.66;1.66;0;;0.13031
201:604:081:310;0;87.93;2;38.45;18.77;1.52;0;;0.08993
201:604:081:410;0;57.42;1.31;30.25;16.46;0.97;0;;0.05873
201:604:081:510;0;61.01;1.39;20.95;15.83;1.93;0;;0.0624
201:604:081:610;0;37.68;0.86;11.16;14.84;1.52;0;;0.03854
201:604:081:710;0;0;0;0;13.55;1.59;0;;0
201:604:081:810;0;0;0;0;12.37;1.86;0;;0
201:604:081:910;0;0;0;0;12.15;1.38;0;;0
201:604:082:010;0;0;0;0;11.25;1.59;0;;0
201:604:082:110;0;0;0;0;10.6;1.72;0;;0
201:604:082:210;0;0;0;0;10.16;1.72;0;;0
201:604:082:310;0;0;0;0;9.92;1.66;0;;0
201:604:090:010;0;0;0;0;9.67;1.59;0;;0
201:604:090:110;0;0;0;0;9.33;1.52;0;;0
201:604:090:210;0;0;0;0;9.23;1.52;0;;0
201:604:090:310;0;0;0;0;9.17;1.45;0;;0
201:604:090:410;0;0;0;0;9.15;1.38;0;;0
201:604:090:510;0;16.15;0.37;9.88;9.36;1.31;0;;0.01652
201:604:090:610;0;29.61;0.67;19.71;10.02;1.1;0;;0.03028
201:604:090:710;0;49.35;1.12;29.13;10.74;0.55;0;;0.05047
201:604:090:810;0;109.46;2.49;37.58;11.11;0.55;0;;0.11195
201:604:090:910;0;161.5;3.68;44.28;12.27;0.28;0;;0.16518
201:604:091:010;0;142.66;3.25;48.21;12.91;0.14;0;;0.14591
201:604:091:110;0;131.89;3;48.5;12.9;0.41;0;;0.13489
201:604:091:210;0;90.62;2.06;45.08;12.75;0.83;0;;0.09268
201:604:091:310;0;110.36;2.51;38.74;12.79;1.1;0;;0.11287
201:604:091:410;0;64.6;1.47;30.5;12.41;0.97;0;;0.06607
201:604:091:510;0;51.14;1.16;21.19;12.16;0.9;0;;0.0523
201:604:091:610;0;26.02;0.59;11.39;11.71;1.17;0;;0.02661
201:604:091:710;0;1.68;0.04;1.54;10.96;1.31;0;;0.00172
201:604:091:810;0;0;0;0;10.47;1.24;0;;0
201:604:091:910;0;0;0;0;10.3;1.03;0;;0
201:604:092:010;0;0;0;0;9.52;1.03;0;;0
201:604:092:110;0;0;0;0;9.03;1.03;0;;0
201:604:092:210;0;0;0;0;8.51;1.1;0;;0
201:604:092:310;0;0;0;0;8.52;1.1;0;;0
201:604:100:010;0;0;0;0;8.53;1.03;0;;0
201:604:100:110;0;0;0;0;8.44;1.03;0;;0
201:604:100:210;0;0;0;0;8.35;1.03;0;;0
201:604:100:310;0;0;0;0;8.29;1.03;0;;0
201:604:100:410;0;0;0;0;8.22;1.03;0;;0
201:604:100:510;0;22.43;0.51;10.21;8.44;0.97;0;;0.02294
201:604:100:610;0;63.7;1.45;20.04;8.98;1.1;0;;0.06515
201:604:100:710;0;82.55;1.88;29.47;9.55;0.83;0;;0.08443
201:604:100:810;0;139.97;3.19;37.93;10.38;0.9;0;;0.14316
201:604:100:910;31.03;286.39;6.89;44.65;10.82;1.17;0;;0.32431
201:604:101:010;0;183.93;4.19;48.59;11.62;1.24;0;;0.18812
201:604:101:110;0;188.42;4.29;48.87;12.46;1.31;0;;0.19271
201:604:101:210;3.77;233.7;5.37;45.41;12.67;1.52;0;;0.24284
201:604:101:310;11.97;228.37;5.37;39.03;12.83;1.72;0;;0.24571
201:604:101:410;23.09;202.56;4.99;30.76;12.48;2;0;;0.23064
201:604:101:510;43.96;151.86;4.37;21.43;11.76;2;0;;0.20019
201:604:101:610;1.71;60.71;1.47;11.62;11.01;2;0;;0.06389
201:604:101:710;0;3.36;0.08;1.78;10.09;1.93;0;;0.00344
201:604:101:810;0;0;0;0;9.29;1.86;0;;0
201:604:101:910;0;0;0;0;8.64;1.59;0;;0
201:604:102:010;0;0;0;0;8.32;1.59;0;;0
201:604:102:110;0;0;0;0;7.83;1.52;0;;0
201:604:102:210;0;0;0;0;7.45;1.45;0;;0
201:604:102:310;0;0;0;0;7.38;1.45;0;;0
201:604:110:010;0;0;0;0;7.24;1.38;0;;0
201:604:110:110;0;0;0;0;7.14;1.38;0;;0
201:604:110:210;0;0;0;0;7.13;1.31;0;;0
201:604:110:310;0;0;0;0;7.22;1.24;0;;0
201:604:110:410;0;0;0;0;7.11;1.31;0;;0
201:604:110:510;23.39;70.15;1.92;10.53;7.38;1.24;0;;0.09546
201:604:110:610;191.95;142.98;5.66;20.37;8.49;1.17;0;;0.34059
201:604:110:710;358.96;194.49;8.93;29.8;9.75;1.17;0;;0.56238
201:604:110:810;530.63;222.13;11.89;38.28;11.25;0.83;0;;0.76465
201:604:110:910;705.71;212.89;14.36;45.02;12.79;0.48;0;;0.93296
201:604:111:010;788.8;205.15;15.67;48.96;13.81;0.21;0;;1.00962
201:604:111:110;607.2;280.69;14.65;49.22;14.15;0.07;0;;0.90254
201:604:111:210;360.12;325.28;12.24;45.73;14.11;0.14;0;;0.69764
201:604:111:310;470.96;214.88;12.12;39.31;14.06;0.34;0;;0.69796
201:604:111:410;315.33;175.66;9.38;31.01;14.12;0.62;0;;0.50037
201:604:111:510;169.44;117.25;6.33;21.66;14.09;0.76;0;;0.29302
201:604:111:610;25.15;65.44;2.84;11.85;13.7;0.83;0;;0.09343
201:604:111:710;0;5.03;0.12;2.01;12.99;0.9;0;;0.00515
201:604:111:810;0;0;0;0;11.64;0.9;0;;0
201:604:111:910;0;0;0;0;11.16;0.76;0;;0
201:604:112:010;0;0;0;0;10.52;0.83;0;;0
201:604:112:110;0;0;0;0;9.71;0.9;0;;0
201:604:112:210;0;0;0;0;9.13;0.9;0;;0
201:604:112:310;0;0;0;0;8.63;0.97;0;;0
201:604:120:010;0;0;0;0;8.4;1.03;0;;0
201:604:120:110;0;0;0;0;7.79;1.17;0;;0
201:604:120:210;0;0;0;0;7.68;1.03;0;;0
201:604:120:310;0;0;0;0;8.12;0.83;0;;0
201:604:120:410;0;0;0;0;8.08;0.76;0;;0
201:604:120:510;1.21;46.75;1.08;10.85;7.7;0.83;0;;0.04904
201:604:120:610;17.14;133.31;3.25;20.69;9.85;1.1;0;;0.1537
201:604:120:710;79.3;228;6.11;30.13;11.84;1.17;0;;0.31341
201:604:120:810;55.15;274.34;6.89;38.63;13.05;1.45;0;;0.33638
201:604:120:910;44.03;302.86;7.42;45.38;13.85;1.59;0;;0.35431
201:604:121:010;0;118.43;2.7;49.34;14.97;1.72;0;;0.12113
201:604:121:110;16.71;288.43;6.78;49.58;15.05;2.07;0;;0.31192
201:604:121:210;397.94;317.5;12.67;46.05;15.51;2.14;0;;0.72811
201:604:121:310;509.42;199.12;12.5;39.59;15.72;2.07;0;;0.72104
201:604:121:410;55.22;226.94;6.07;31.26;15.75;1.86;0;;0.28823
201:604:121:510;0;64.6;1.47;21.9;14.21;1.24;0;;0.06607
201:604:121:610;2.88;68.48;1.72;12.08;13.52;0.97;0;;0.07308
201:604:121:710;0;9.23;0.22;2.24;13.07;0.76;0;;0.00945
201:604:121:810;0;0;0;0;11.61;1.24;0;;0
201:604:121:910;0;0;0;0;9.96;1.17;0;;0
201:604:122:010;0;0;0;0;9.11;1.1;0;;0
201:604:122:110;0;0;0;0;8.25;1.1;0;;0
201:604:122:210;0;0;0;0;7.24;1.17;0;;0
201:604:122:310;0;0;0;0;6.49;1.17;0;;0
201:604:130:010;0;0;0;0;6.28;1.1;0;;0
201:604:130:110;0;0;0;0;5.91;1.1;0;;0
201:604:130:210;0;0;0;0;5.44;1.1;0;;0
201:604:130:310;0;0;0;0;4.25;1.17;0;;0
201:604:130:410;0;1.68;0.04;1.35;3.38;0.9;0;;0.00172
201:604:130:510;8.3;65.47;1.61;11.16;4.99;0.69;0;;0.07538
201:604:130:610;65.23;157.71;4.39;21.01;7.97;0.62;0;;0.22733
201:604:130:710;132.06;239.89;7.01;30.46;10.76;0.48;0;;0.37896
201:604:130:810;586.9;206.16;12.52;38.98;13.26;0.62;0;;0.80558
201:604:130:910;806.83;175.59;15.34;45.74;15.12;0.69;0;;0.99776
201:604:131:010;890.54;166.99;16.69;49.7;16.41;0.69;0;;1.07422
201:604:131:110;861.82;170.01;16.65;49.93;17.32;0.55;0;;1.04848
201:604:131:210;732.21;180.47;15.26;46.37;17.93;1.03;0;;0.92794
201:604:131:310;559.17;177.85;12.99;39.87;18.16;1.45;0;;0.75001
201:604:131:410;150.46;235.08;7.85;31.51;17.74;1.66;0;;0.39339
201:604:131:510;11.54;140.58;3.45;22.13;16.93;1.45;0;;0.15557
201:604:131:610;16.99;75.58;2.68;12.31;15.95;1.45;0;;0.09525
201:604:131:710;0;9.23;0.22;2.47;14.85;1.38;0;;0.00945
201:604:131:810;0;0;0;0;13.01;1.24;0;;0
201:604:131:910;0;0;0;0;12.62;1.24;0;;0
201:604:132:010;0;0;0;0;11.22;1.45;0;;0
201:604:132:110;0;0;0;0;10.41;1.38;0;;0
201:604:132:210;0;0;0;0;9.74;1.38;0;;0
201:604:132:310;0;0;0;0;9.41;1.31;0;;0
201:604:140:010;0;0;0;0;8.85;1.31;0;;0
201:604:140:110;0;0;0;0;7.96;1.24;0;;0
201:604:140:210;0;0;0;0;6.55;1.45;0;;0
201:604:140:310;0;0;0;0;6.02;1.38;0;;0
201:604:140:410;0;0.84;0.02;1.67;5.64;1.31;0;;0.00086
201:604:140:510;0;15.25;0.35;11.48;7.17;0.69;0;;0.0156
201:604:140:610;30.99;147.9;3.76;21.32;8.46;0.55;0;;0.18265
201:604:140:710;0;81.65;1.86;30.79;10.17;1.1;0;;0.08351
201:604:140:810;22.59;246.34;5.88;39.32;11.29;1.52;0;;0.27481
201:604:140:910;0;204.57;4.66;46.1;12.49;2.07;0;;0.20923
201:604:141:010;1.3;227.14;5.19;50.07;13.72;2.21;0;;0.23363
201:604:141:110;20.36;298.82;7.07;50.28;14.47;2.69;0;;0.32625
201:604:141:210;17.22;276.71;6.54;46.68;14.06;3.24;0;;0.30047
201:604:141:310;4.67;213.12;4.92;40.14;12.56;3.59;0;;0.22271
201:604:141:410;0;124.72;2.84;31.75;12.01;2.69;0;;0.12756
201:604:141:510;0;96.9;2.21;22.36;11.82;3.79;0;;0.09911
201:604:141:610;13.52;78.12;2.55;12.53;11.22;3.59;0;;0.09419
201:604:141:710;0;10.91;0.27;2.7;10.27;3.03;0;;0.01118
201:604:141:810;0;0;0;0;9.28;2.76;0;;0
201:604:141:910;0;0;0;0;8.39;2.69;0;;0
201:604:142:010;0;0;0;0;8.14;2.69;0;;0
201:604:142:110;0;0;0;0;7.65;2.41;0;;0
201:604:142:210;0;0;0;0;7.53;2.28;0;;0
201:604:142:310;0;0;0;0;7.37;2.21;0;;0
201:604:150:010;0;0;0;0;7.28;1.86;0;;0
201:604:150:110;0;0;0;0;7.11;1.66;0;;0
201:604:150:210;0;0;0;0;6.94;1.59;0;;0
201:604:150:310;0;0;0;0;6.7;1.38;0;;0
201:604:150:410;0;7.55;0.18;1.98;6.6;1.24;0;;0.00773
201:604:150:510;105.26;69.88;3.27;11.79;6.76;1.17;0;;0.17841
201:604:150:610;260.77;131.88;6.6;21.63;7.33;1.24;0;;0.39925
201:604:150:710;508.63;146.38;10.42;31.11;8.8;1.24;0;;0.66543
201:604:150:810;686.86;165.13;13.4;39.66;10.13;1.1;0;;0.86539
201:604:150:910;814.03;173.41;15.57;46.46;11.69;0.83;0;;1.00301
201:604:151:010;516.55;331.75;14.3;50.44;12.88;1.17;0;;0.8626
201:604:151:110;611.42;289.45;15.12;50.63;13.85;2.48;0;;0.91599
201:604:151:210;424.64;316.39;13.18;46.99;14.18;2.97;0;;0.75421
201:604:151:310;237.95;301.44;10.38;40.42;13.69;3.17;0;;0.54977
201:604:151:410;111.2;241.77;7.38;32;13.27;2.83;0;;0.36035
201:604:151:510;5.22;131.23;3.11;22.59;12.64;2.07;0;;0.13956
201:604:151:610;0;49.35;1.12;12.75;11.86;1.45;0;;0.05047
201:604:151:710;0;4.2;0.1;2.93;11.23;1.24;0;;0.0043
201:604:151:810;0;0;0;0;10.63;1.38;0;;0
201:604:151:910;0;0;0;0;9.05;1.52;0;;0
201:604:152:010;0;0;0;0;8.31;1.1;0;;0
201:604:152:110;0;0;0;0;8.4;1.03;0;;0
201:604:152:210;0;0;0;0;8.15;1.1;0;;0
201:604:152:310;0;0;0;0;8.1;1.03;0;;0
201:604:160:010;0;0;0;0;8;0.97;0;;0
201:604:160:110;0;0;0;0;8.13;0.9;0;;0
201:604:160:210;0;0;0;0;6.88;1.1;0;;0
201:604:160:310;0;0;0;0;6.45;1.03;0;;0
201:604:160:410;0;9.23;0.22;2.29;5.39;1.24;0;;0.00945
201:604:160:510;18.01;79.06;2.08;12.09;6.11;1.03;0;;0.09915
201:604:160:610;286.06;119.84;6.8;21.94;9.43;0.97;0;;0.4127
201:604:160:710;478.89;155.7;10.22;31.43;10.93;1.31;0;;0.64481
201:604:160:810;657.87;172.67;13.18;39.99;12.75;1.86;0;;0.84372
201:604:160:910;619.1;258.39;14.26;46.81;14.45;3.03;0;;0.89175
201:604:161:010;105.64;364.92;9.6;50.8;15.74;3.93;0;;0.48016
201:604:161:110;0;154.32;3.51;50.98;16.39;4.21;0;;0.15783
201:604:161:210;116.87;348.26;9.5;47.3;16.82;4.07;0;;0.47463
201:604:161:310;216.93;301.47;10.09;40.69;16.94;3.45;0;;0.52849
201:604:161:410;160.88;234.03;8.09;32.24;16.78;2.9;0;;0.403
201:604:161:510;75.78;160.65;5.37;22.81;16.46;2.76;0;;0.2418
201:604:161:610;16.18;79.81;2.78;12.98;16.01;2.28;0;;0.09877
201:604:161:710;0;6.71;0.16;3.16;15.04;1.52;0;;0.00687
201:604:161:810;0;0;0;0;13.67;1.38;0;;0
201:604:161:910;0;0;0;0;13.08;1.24;0;;0
201:604:162:010;0;0;0;0;13.92;1.03;0;;0
201:604:162:110;0;0;0;0;13.6;0.9;0;;0
201:604:162:210;0;0;0;0;12.62;1.03;0;;0
201:604:162:310;0;0;0;0;11.87;1.03;0;;0
201:604:170:010;0;0;0;0;10.54;1.17;0;;0
201:604:170:110;0;0;0;0;7.97;1.45;0;;0
201:604:170:210;0;0;0;0;6.37;1.72;0;;0
201:604:170:310;0;0;0;0;5.36;1.79;0;;0
201:604:170:410;0;10.07;0.25;2.6;5.04;1.86;0;;0.01032
201:604:170:510;90.84;76.94;3.25;12.39;5.96;1.72;0;;0.17103
201:604:170:610;278.31;124.2;6.82;22.25;10.29;1.72;0;;0.40933
201:604:170:710;480.7;155.14;10.3;31.74;12.73;2.34;0;;0.64614
201:604:170:810;436.05;265.44;11.73;40.32;14.22;3.1;0;;0.71322
201:604:170:910;444.4;322.33;13.06;47.16;16.17;4.97;0;;0.77979
201:604:171:010;710.22;248.51;15.69;51.16;17.33;4.83;0;;0.97442
201:604:171:110;661.87;262.48;15.51;51.32;18.2;4.14;0;;0.93986
201:604:171:210;547.43;265.66;14.18;47.61;18.21;3.38;0;;0.82727
201:604:171:310;216.83;302.03;10.13;40.96;17.95;3.03;0;;0.52899
201:604:171:410;122.16;241.39;7.6;32.48;17.46;2.97;0;;0.37115
201:604:171:510;0;96;2.19;23.04;16.15;2.28;0;;0.09819
201:604:171:610;1.14;68.82;1.63;13.2;15.72;1.03;0;;0.07159
201:604:171:710;0;6.71;0.16;3.38;14.92;0.55;0;;0.00687
201:604:171:810;0;0;0;0;13.38;0.9;0;;0
201:604:171:910;0;0;0;0;13.06;1.24;0;;0
201:604:172:010;0;0;0;0;11.78;1.52;0;;0
201:604:172:110;0;0;0;0;11.16;1.52;0;;0
201:604:172:210;0;0;0;0;10.95;1.24;0;;0
201:604:172:310;0;0;0;0;11.93;0.83;0;;0
201:604:180:010;0;0;0;0;12.21;0.62;0;;0
201:604:180:110;0;0;0;0;11.33;0.34;0;;0
201:604:180:210;0;0;0;0;11.07;0.28;0;;0
201:604:180:310;0;0;0;0;10.01;0.83;0;;0
201:604:180:410;0;11.75;0.29;2.9;8.27;1.38;0;;0.01204
201:604:180:510;77.47;82.36;3.17;12.69;8.88;1.31;0;;0.163
201:604:180:610;248.39;137.62;6.68;22.55;9.86;1.38;0;;0.39269
201:604:180:710;401.47;188.81;9.81;32.06;11.68;1.45;0;;0.60009
201:604:180:810;390.73;280.58;11.44;40.65;12.43;0.76;0;;0.68275
201:604:180:910;433.1;324.68;12.99;47.51;12.95;0.34;0;;0.77077
201:604:181:010;315.14;375.95;12.56;51.51;13.68;0.69;0;;0.70365
201:604:181:110;194.62;382.12;11.22;51.66;13.4;1.24;0;;0.58796
201:604:181:210;209.67;356.03;10.99;47.91;13.18;1.52;0;;0.57669
201:604:181:310;118.63;306.97;8.76;41.22;13.3;1.59;0;;0.43436
201:604:181:410;0;146.25;3.33;32.72;13.28;1.66;0;;0.14958
201:604:181:510;208.71;100.73;7.25;23.26;12.79;1.72;0;;0.31669
201:604:181:610;1.12;69.72;1.65;13.42;11.9;1.66;0;;0.07249
201:604:181:710;0;15.1;0.37;3.61;10.94;1.59;0;;0.01547
201:604:181:810;0;0;0;0;9.96;1.66;0;;0
201:604:181:910;0;0;0;0;9.6;1.52;0;;0
201:604:182:010;0;0;0;0;8.8;1.45;0;;0
201:604:182:110;0;0;0;0;7.59;1.52;0;;0
201:604:182:210;0;0;0;0;6.54;1.59;0;;0
201:604:182:310;0;0;0;0;5.91;1.59;0;;0
201:604:190:010;0;0;0;0;5.55;1.52;0;;0
201:604:190:110;0;0;0;0;5.04;1.52;0;;0
201:604:190:210;0;0;0;0;4.5;1.52;0;;0
201:604:190:310;0;0;0;0;3.81;1.52;0;;0
201:604:190:410;0;15.1;0.37;3.2;3.04;1.52;0;;0.01547
201:604:190:510;120.43;73.07;3.76;12.99;4.19;1.1;0;;0.19726
201:604:190:610;301.5;123.46;7.27;22.85;7.37;1.24;0;;0.43223
201:604:190:710;479.26;165.33;10.58;32.36;9.19;1.38;0;;0.65517
201:604:190:810;684.14;170.87;13.75;40.98;10.62;1.72;0;;0.86876
201:604:190:910;816.85;177.17;15.98;47.85;11.72;1.93;0;;1.01
201:604:191:010;885.08;174.3;17.2;51.86;12.09;2.14;0;;1.07658
201:604:191:110;855.5;177.16;17.14;52;12.83;2.28;0;;1.0498
201:604:191:210;786.53;159.33;16.22;48.22;13.1;2.55;0;;0.96208
201:604:191:310;648.81;138.78;14.24;41.49;13.34;2.76;0;;0.80183
201:604:191:410;435.61;127.47;11.16;32.96;13.14;2.97;0;;0.57424
201:604:191:510;216.84;101.26;7.52;23.49;12.41;3.03;0;;0.32562
201:604:191:610;40.57;58.92;3.82;13.64;11.52;3.1;0;;0.10331
201:604:191:710;0;16.78;0.41;3.83;10.36;2.9;0;;0.01719
201:604:191:810;0;0;0;0;9.16;2.9;0;;0
201:604:191:910;0;0;0;0;8.23;2.97;0;;0
201:604:192:010;0;0;0;0;7.28;2.55;0;;0
201:604:192:110;0;0;0;0;6.46;2.14;0;;0
201:604:192:210;0;0;0;0;5.58;1.93;0;;0
201:604:192:310;0;0;0;0;4.76;2;0;;0
201:604:200:010;0;0;0;0;4.06;1.93;0;;0
201:604:200:110;0;0;0;0;3.17;2;0;;0
201:604:200:210;0;0;0;0;2.48;2;0;;0
201:604:200:310;0;0;0;0;1.9;2;0;;0
201:604:200:410;0;15.94;0.39;3.5;1.48;1.93;0;;0.01633
201:604:200:510;69.97;91.69;3.29;13.28;2.64;1.66;0;;0.16495
201:604:200:610;230.51;155.15;6.84;23.14;5.42;3.31;0;;0.3925
201:604:200:710;236.13;251.59;8.79;32.67;6.37;3.66;0;;0.49651
201:604:200:810;522.47;251.4;12.85;41.3;7.51;4.21;0;;0.78672
201:604:200:910;627.23;274.53;14.91;48.19;8.66;4.07;0;;0.91667
201:604:201:010;489.14;353.63;14.59;52.21;9.7;3.86;0;;0.85736
201:604:201:110;468.4;354.5;14.53;52.33;10.41;4;0;;0.83743
201:604:201:210;749.25;181.71;16.08;48.51;10.67;4.07;0;;0.94704
201:604:201:310;645.22;144.84;14.36;41.75;10.99;4.14;0;;0.80442
201:604:201:410;416.33;139.95;11.09;33.2;10.84;3.93;0;;0.56737
201:604:201:510;220.7;101.78;7.68;23.71;10.6;3.59;0;;0.33016
201:604:201:610;43.31;58.04;4;13.85;10.09;3.1;0;;0.10535
201:604:201:710;0;18.46;0.45;4.06;9.03;2.41;0;;0.01891
201:604:201:810;0;0;0;0;7.47;1.93;0;;0
201:604:201:910;0;0;0;0;6.19;1.66;0;;0
201:604:202:010;0;0;0;0;4.29;1.72;0;;0
201:604:202:110;0;0;0;0;2.95;1.79;0;;0
201:604:202:210;0;0;0;0;2.4;1.66;0;;0
201:604:202:310;0;0;0;0;2.29;1.45;0;;0
201:604:210:010;0;0;0;0;1.78;1.38;0;;0
201:604:210:110;0;0;0;0;1.09;1.31;0;;0
201:604:210:210;0;0;0;0;0.74;1.24;0;;0
201:604:210:310;0;0;0;0;0.31;1.24;0;;0
201:604:210:410;0;18.46;0.45;3.79;0.01;1.17;0;;0.01891
201:604:210:510;133.87;72.9;4.09;13.57;2.15;0.76;0;;0.21086
201:604:210:610;324.02;120.29;7.68;23.43;5.11;0.76;0;;0.45199
201:604:210:710;512.06;156.7;11.05;32.97;7.37;0.83;0;;0.67981
201:604:210:810;692;173.57;14.06;41.61;8.87;0.9;0;;0.87963
201:604:210:910;845.85;169.9;16.45;48.53;10.25;1.03;0;;1.0322
201:604:211:010;914.66;166.99;17.69;52.56;11.49;1.03;0;;1.09934
201:604:211:110;884.51;168.76;17.61;52.66;12.49;1.1;0;;1.07088
201:604:211:210;813.29;152.13;16.69;48.81;13.19;1.31;0;;0.98211
201:604:211:310;663.02;137.03;14.61;42.01;13.55;1.45;0;;0.81466
201:604:211:410;441.02;127.66;11.4;33.43;13.57;1.45;0;;0.58008
201:604:211:510;227.81;98.56;7.85;23.93;13.32;1.52;0;;0.33422
201:604:211:610;44.55;57.57;4.11;14.07;12.63;1.52;0;;0.10623
201:604:211:710;0;19.3;0.47;4.28;11.45;1.45;0;;0.01977
201:604:211:810;0;0;0;0;9.56;1.45;0;;0
201:604:211:910;0;0;0;0;8.79;1.31;0;;0
201:604:212:010;0;0;0;0;8.66;1.17;0;;0
201:604:212:110;0;0;0;0;9.33;0.9;0;;0
201:604:212:210;0;0;0;0;8.88;0.62;0;;0
201:604:212:310;0;0;0;0;8.63;0.55;0;;0
201:604:220:010;0;0;0;0;8.44;0.62;0;;0
201:604:220:110;0;0;0;0;8.36;0.62;0;;0
201:604:220:210;0;0;0;0;8.04;0.62;0;;0
201:604:220:310;0;0;0;0;7.73;0.48;0;;0
201:604:220:410;0;20.98;0.51;4.08;7.43;0.34;0;;0.02149
201:604:220:510;120.77;77.81;3.98;13.86;7.45;0.34;0;;0.20256
201:604:220:610;309.28;124.35;7.58;23.72;8.64;0.34;0;;0.44121
201:604:220:710;477.45;170.15;10.83;33.26;11.63;0.97;0;;0.65843
201:604:220:810;680.69;174.81;13.97;41.92;13.1;1.24;0;;0.86947
201:604:220:910;799.98;186.7;16.1;48.86;14.39;1.52;0;;1.00278
201:604:221:010;889.24;172.84;17.47;52.9;15.44;1.86;0;;1.07955
201:604:221:110;847.45;181.16;17.3;52.99;16.2;2.21;0;;1.04591
201:604:221:210;769.22;167.61;16.3;49.1;16.56;2.41;0;;0.95313
201:604:221:310;513.28;208.54;13.38;42.27;16.71;2.48;0;;0.7352
201:604:221:410;315;191.09;10.28;33.66;16.33;2.41;0;;0.51637
201:604:221:510;131.27;151.34;6.66;24.14;15.74;2.28;0;;0.28927
201:604:221:610;7.81;91.6;2.59;14.28;14.82;1.93;0;;0.102
201:604:221:710;0;21.82;0.53;4.5;13.38;1.79;0;;0.02235
201:604:221:810;0;0;0;0;11.66;1.72;0;;0
201:604:221:910;0;0;0;0;10.07;1.72;0;;0
201:604:222:010;0;0;0;0;8;1.66;0;;0
201:604:222:110;0;0;0;0;6.42;1.52;0;;0
201:604:222:210;0;0;0;0;5.78;1.45;0;;0
201:604:222:310;0;0;0;0;5.01;1.45;0;;0
201:604:230:010;0;0;0;0;4.45;1.38;0;;0
201:604:230:110;0;0;0;0;4.11;1.31;0;;0
201:604:230:210;0;0;0;0;4.18;1.24;0;;0
201:604:230:310;0;0;0;0;3.58;1.31;0;;0
201:604:230:410;0;3.59;0.08;4.37;2.97;1.38;0;;0.00367
201:604:230:510;2.04;72.82;1.7;14.14;5.22;0.69;0;;0.07656
201:604:230:610;17.83;154.65;3.78;24;7.9;0.48;0;;0.17626
201:604:230:710;0;110.36;2.51;33.55;10.12;0.41;0;;0.11287
201:604:230:810;0;142.66;3.25;42.23;11.58;0.62;0;;0.14591
201:604:230:910;2.52;242.53;5.56;49.19;12.77;1.1;0;;0.25061
201:604:231:010;0;187.52;4.27;53.24;13.38;1.17;0;;0.19179
201:604:231:110;0;139.07;3.17;53.31;13.25;1.03;0;;0.14224
201:604:231:210;4.7;256.21;5.9;49.39;13.1;1.1;0;;0.26681
201:604:231:310;48.84;292.94;7.44;42.52;12.38;0.62;0;;0.34922
201:604:231:410;54.17;243.82;6.54;33.89;12.5;0.76;0;;0.30453
201:604:231:510;25.87;167.7;4.45;24.36;12.7;0.97;0;;0.19802
201:604:231:610;9.12;92;2.7;14.5;12.35;0.83;0;;0.10382
201:604:231:710;0;14.26;0.35;4.72;11.76;0.76;0;;0.01461
201:604:231:810;0;0;0;0;10.53;0.76;0;;0
201:604:231:910;0;0;0;0;10.01;0.9;0;;0
201:604:232:010;0;0;0;0;10.49;0.28;0;;0
201:604:232:110;0;0;0;0;9.33;0.76;0;;0
201:604:232:210;0;0;0;0;7.71;1.1;0;;0
201:604:232:310;0;0;0;0;7.48;0.97;0;;0
201:604:240:010;0;0;0;0;7.18;1.17;0;;0
201:604:240:110;0;0;0;0;6.66;1.03;0;;0
201:604:240:210;0;0;0;0;6.65;1.03;0;;0
201:604:240:310;0;0;0;0;6.81;1.17;0;;0
201:604:240:410;0;3.59;0.08;4.65;6.67;1.72;0;;0.00367
201:604:240:510;0;23.33;0.53;14.41;5.94;2.41;0;;0.02386
201:604:240:610;0;54.73;1.25;24.28;4.87;2.97;0;;0.05598
201:604:240:710;0;139.97;3.19;33.84;4.54;2.76;0;;0.14316
201:604:240:810;30.16;275.13;6.66;42.53;4.43;3.17;0;;0.31195
201:604:240:910;50.24;329.43;8.15;49.51;4.59;3.31;0;;0.38782
201:604:241:010;8.69;284.56;6.6;53.57;4.62;3.31;0;;0.29985
201:604:241:110;95.89;376.59;9.87;53.64;5.43;3.59;0;;0.48235
201:604:241:210;30.44;313.37;7.58;49.68;5.99;4.14;0;;0.35139
201:604:241:310;4.42;226.51;5.23;42.77;6.47;4.21;0;;0.23616
201:604:241:410;0;140.87;3.21;34.12;6.67;3.93;0;;0.14408
201:604:241:510;8.02;148.25;3.58;24.57;6.71;3.93;0;;0.15985
201:604:241:610;0;50.25;1.14;14.71;6.39;3.72;0;;0.05139
201:604:241:710;0;12.59;0.31;4.94;5.65;3.24;0;;0.0129
201:604:241:810;0;0;0;0;4.72;2.9;0;;0
201:604:241:910;0;0;0;0;3.62;2.83;0;;0
201:604:242:010;0;0;0;0;3.3;2.9;0;;0
201:604:242:110;0;0;0;0;2.96;2.83;0;;0
201:604:242:210;0;0;0;0;2.75;2.55;0;;0
201:604:242:310;0;0;0;0;2.56;2.41;0;;0
201:604:250:010;0;0;0;0;2.38;2.34;0;;0
201:604:250:110;0;0;0;0;2.58;2.34;0;;0
201:604:250:210;0;0;0;0;2.46;2.41;0;;0
201:604:250:310;0;0;0;0;2.21;2.41;0;;0
201:604:250:410;0.4;24.06;0.78;4.93;2.02;2.34;0;;0.02524
201:604:250:510;0;41.27;0.94;14.68;2.3;2.28;0;;0.04221
201:604:250:610;21.06;163.12;4.02;24.55;3.11;2.76;0;;0.1882
201:604:250:710;49.2;245.66;6.25;34.12;3.44;2.83;0;;0.30111
201:604:250:810;177.56;332.1;9.85;42.83;4.22;3.45;0;;0.51951
201:604:250:910;248.81;377.45;11.81;49.83;5.02;3.52;0;;0.63807
201:604:251:010;38.32;343.66;8.34;53.9;5.62;3.45;0;;0.39032
201:604:251:110;24.17;324.34;7.72;53.95;5.8;3.38;0;;0.35623
201:604:251:210;0;215.34;4.9;49.97;6.02;3.1;0;;0.22024
201:604:251:310;12.08;256.06;6.03;43.02;6.17;3.31;0;;0.27417
201:604:251:410;26.75;232.04;5.78;34.34;6.2;2.97;0;;0.26457
201:604:251:510;12.73;160.03;3.96;24.79;5.94;2.69;0;;0.17672
201:604:251:610;1.37;81.24;1.94;14.92;5.55;2.28;0;;0.08455
201:604:251:710;0;25.17;0.61;5.15;5.07;1.93;0;;0.02578
201:604:251:810;0;0;0;0;4.24;1.66;0;;0
201:604:251:910;0;0;0;0;3.11;1.79;0;;0
201:604:252:010;0;0;0;0;2.08;1.59;0;;0
201:604:252:110;0;0;0;0;0.52;1.45;0;;0
201:604:252:210;0;0;0;0;-0.51;1.45;0;;0
201:604:252:310;0;0;0;0;-0.97;1.31;0;;0
201:604:260:010;0;0;0;0;-1.28;1.24;0;;0
201:604:260:110;0;0;0;0;-1.17;1.17;0;;0
201:604:260:210;0;0;0;0;-1.12;1.1;0;;0
201:604:260:310;0;0;0;0;-0.58;0.97;0;;0
201:604:260:410;1.23;22.8;1.04;5.2;-0.35;0.76;0;;0.02507
201:604:260:510;135.72;79.89;4.47;14.95;0.92;0.34;0;;0.22008
201:604:260:610;331.97;123.38;8.15;24.82;3.24;0.41;0;;0.4635
201:604:260:710;514.78;161.85;11.5;34.4;4.8;0.97;0;;0.68813
201:604:260:810;711.66;169.16;14.63;43.13;6.18;1.79;0;;0.89545
201:604:260:910;842.67;174.27;16.84;50.14;7.21;2.41;0;;1.03378
201:604:261:010;574.77;330.11;15.69;54.23;8.2;2.83;0;;0.92057
201:604:261:110;504.23;348.14;15.22;54.27;9.08;3.1;0;;0.86759
201:604:261:210;0;226.1;5.15;50.25;9.44;3.03;0;;0.23125
201:604:261:310;0;176.75;4.02;43.27;9.86;2.97;0;;0.18077
201:604:261:410;124.09;260.78;8.25;34.57;10.07;2.83;0;;0.39312
201:604:261:510;235.17;97.53;8.29;25;10.03;2.48;0;;0.34099
201:604:261:610;53.02;52.46;4.7;15.13;9.88;2.41;0;;0.11018
201:604:261:710;0;24.33;0.59;5.37;8.69;2.14;0;;0.02492
201:604:261:810;0;0;0;0;6.99;2.07;0;;0
201:604:261:910;0;0;0;0;5.79;2.28;0;;0
201:604:262:010;0;0;0;0;4.35;2;0;;0
201:604:262:110;0;0;0;0;2.88;1.93;0;;0
201:604:262:210;0;0;0;0;2.01;1.93;0;;0
201:604:262:310;0;0;0;0;1.19;1.86;0;;0
201:604:270:010;0;0;0;0;0.69;1.79;0;;0
201:604:270:110;0;0;0;0;0.95;1.72;0;;0
201:604:270:210;0;0;0;0;1.62;1.66;0;;0
201:604:270:310;0;0;0;0;2.11;1.72;0;;0
201:604:270:410;0;4.49;0.1;5.47;1.92;1.72;0;;0.00459
201:604:270:510;2.92;81.83;1.92;15.22;2.37;1.66;0;;0.08667
201:604:270:610;0;69.09;1.57;25.09;2.95;1.72;0;;0.07066
201:604:270:710;0;64.6;1.47;34.67;2.98;1.45;0;;0.06607
201:604:270:810;0;97.8;2.23;43.42;4.12;1.24;0;;0.10003
201:604:270:910;0;129.2;2.94;50.45;4.08;1.24;0;;0.13214
201:604:271:010;0;84.34;1.92;54.55;4.57;1.31;0;;0.08626
201:604:271:110;0;73.57;1.68;54.58;6.28;1.52;0;;0.07525
201:604:271:210;0;72.68;1.65;50.52;6.54;1.31;0;;0.07433
201:604:271:310;0;67.29;1.53;43.51;5.9;0.55;0;;0.06882
201:604:271:410;0;54.73;1.25;34.79;5.75;0.62;0;;0.05598
201:604:271:510;0;30.51;0.69;25.21;4.36;1.17;0;;0.0312
201:604:271:610;5.05;95.11;2.51;15.34;3.31;1.79;0;;0.10267
201:604:271:710;0;22.66;0.55;5.58;2.49;1.79;0;;0.02321
201:604:271:810;0;0;0;0;2.03;1.66;0;;0
201:604:271:910;0;0;0;0;1.57;1.38;0;;0
201:604:272:010;0;0;0;0;1.03;1.45;0;;0
201:604:272:110;0;0;0;0;0.49;1.45;0;;0
201:604:272:210;0;0;0;0;-0.07;1.45;0;;0
201:604:272:310;0;0;0;0;-0.71;1.38;0;;0
201:604:280:010;0;0;0;0;-1.35;1.31;0;;0
201:604:280:110;0;0;0;0;-1.67;1.17;0;;0
201:604:280:210;0;0;0;0;-2.17;1.17;0;;0
201:604:280:310;0;0;0;0;-2.71;1.1;0;;0
201:604:280:410;2.66;26.91;1.27;5.73;-3.38;1.03;0;;0.03084
201:604:280:510;138.55;81.21;4.64;15.47;-2.88;0.83;0;;0.2244
201:604:280:610;343.01;119.6;8.38;25.35;-0.34;0.41;0;;0.47099
201:604:280:710;545.11;148.47;11.87;34.94;3.31;0.14;0;;0.70545
201:604:280:810;699.84;173.45;14.65;43.7;5.19;0.76;0;;0.88794
201:604:280:910;763.76;212.22;16.39;50.76;6.7;0.97;0;;0.99237
201:604:281:010;797.04;225.72;17.35;54.87;8.06;1.03;0;;1.04011
201:604:281:110;398.6;379.83;14.34;54.88;9.11;1.38;0;;0.79277
201:604:281:210;93.14;366.24;9.7;50.8;9.8;2.14;0;;0.46908
201:604:281:310;212.14;324.7;10.85;43.76;9.4;2.21;0;;0.54769
201:604:281:410;39.91;248.43;6.42;35.01;8.06;1.72;0;;0.29476
201:604:281:510;0;46.66;1.06;25.41;7.37;1.38;0;;0.04772
201:604:281:610;0;64.6;1.47;15.54;6.8;1.03;0;;0.06607
201:604:281:710;0;24.33;0.59;5.8;6.33;0.76;0;;0.02492
201:604:281:810;0;0;0;0;5.5;0.55;0;;0
201:604:281:910;0;0;0;0;4.67;0.83;0;;0
201:604:282:010;0;0;0;0;4.77;0.07;0;;0
201:604:282:110;0;0;0;0;2.72;0.9;0;;0
201:604:282:210;0;0;0;0;2.56;0.97;0;;0
201:604:282:310;0;0;0;0;2.08;1.03;0;;0
201:604:290:010;0;0;0;0;1.15;1.24;0;;0
201:604:290:110;0;0;0;0;0.03;1.38;0;;0
201:604:290:210;0;0;0;0;-0.77;1.45;0;;0
201:604:290:310;0;0;0;0;-1.29;1.45;0;;0
201:604:290:410;3.11;28.58;1.33;5.99;-1.36;1.45;0;;0.03302
201:604:290:510;151.39;77.34;4.86;15.73;0.99;1.1;0;;0.23359
201:604:290:610;331.45;123.97;8.32;25.6;5.42;1.1;0;;0.46374
201:604:290:710;526.43;155.08;11.75;35.21;7.2;1.24;0;;0.69326
201:604:290:810;713.69;165.32;14.79;43.98;8.93;1.24;0;;0.8938
201:604:290:910;823.17;179.14;16.81;51.06;10.44;1.24;0;;1.01912
201:604:291:010;592.01;319.91;15.92;55.18;11.41;0.9;0;;0.92784
201:604:291:110;487.32;351.15;15.16;55.19;12.23;0.55;0;;0.85363
201:604:291:210;651.46;232.01;15.96;51.07;12.9;0.34;0;;0.89943
201:604:291:310;642;143.88;14.91;44;13.06;0.34;0;;0.80079
201:604:291:410;422.97;135.99;11.71;35.22;13.3;0.28;0;;0.57067
201:604:291:510;229.95;99.34;8.36;25.62;13.31;0.28;0;;0.33765
201:604:291:610;42.36;68.21;4.47;15.75;12.62;0.55;0;;0.11504
201:604:291:710;0;28.53;0.69;6.01;11.74;1.17;0;;0.02922
201:604:291:810;0;0;0;0;10.03;1.59;0;;0
201:604:291:910;0;0;0;0;8.41;1.66;0;;0
201:604:292:010;0;0;0;0;6.61;1.38;0;;0
201:604:292:110;0;0;0;0;5.91;1.1;0;;0
201:604:292:210;0;0;0;0;6.24;0.83;0;;0
201:604:292:310;0;0;0;0;5.63;0.83;0;;0
201:604:300:010;0;0;0;0;4.16;1.1;0;;0
201:604:300:110;0;0;0;0;3.34;1.17;0;;0
201:604:300:210;0;0;0;0;2.54;1.17;0;;0
201:604:300:310;0;0;0;0;1.77;1.24;0;;0
201:604:300:410;2.57;33.18;1.27;6.25;1.16;1.24;0;;0.03702
201:604:300:510;131.01;86.08;4.66;15.98;4.46;0.55;0;;0.22175
201:604:300:610;334.73;123.64;8.42;25.85;8.15;0.55;0;;0.46679
201:604:300:710;518.75;157.59;11.73;35.46;10.24;0.07;0;;0.68807
201:604:300:810;701.83;170.18;14.75;44.26;11.95;0.48;0;;0.88676
201:604:300:910;819.72;178.54;16.81;51.36;13.01;0.83;0;;1.01507
201:604:301:010;834.23;199.69;17.61;55.49;13.76;1.24;0;;1.05153
201:604:301:110;588.37;311.19;16.02;55.49;14.04;1.45;0;;0.91558
201:604:301:210;515.33;295.49;14.93;51.34;14.27;1.38;0;;0.82575
201:604:301:310;334.51;291.13;12.3;44.23;14.4;1.38;0;;0.63794
201:604:301:410;319.56;193.49;10.81;35.44;14.14;1.31;0;;0.52386
201:604:301:510;199.98;118.47;8.03;25.82;14.06;1.31;0;;0.32648
201:604:301:610;41.7;69.92;4.49;15.95;13.64;1.17;0;;0.11611
201:604:301:710;0;30.21;0.74;6.22;12.68;1.1;0;;0.03095
201:604:301:810;0;0;0;0;10.59;1.17;0;;0
201:604:301:910;0;0;0;0;10.01;1.24;0;;0
201:604:302:010;0;0;0;0;9.36;1.24;0;;0
201:604:302:110;0;0;0;0;8.11;1.31;0;;0
201:604:302:210;0;0;0;0;6.85;1.38;0;;0
201:604:302:310;0;0;0;0;5.79;1.52;0;;0
201:605:010:010;0;0;0;0;5.36;1.45;0;;0
201:605:010:110;0;0;0;0;5.04;1.38;0;;0
201:605:010:210;0;0;0;0;4.36;1.45;0;;0
201:605:010:310;0;0;0;0;3.58;1.52;0;;0
201:605:010:410;0;16.15;0.37;6.5;3.39;1.38;0;;0.01652
201:605:010:510;132.52;87.73;4.76;16.22;5.68;0.97;0;;0.22501
201:605:010:610;163.41;190.1;6.91;26.1;10.18;0.9;0;;0.36042
201:605:010:710;149.79;275.41;8.38;35.72;12.32;1.66;0;;0.43358
201:605:010:810;128.79;336.73;9.4;44.53;13.85;3.03;0;;0.47492
201:605:010:910;190.08;386.45;11.34;51.65;14.61;3.03;0;;0.58787
201:605:011:010;6.03;286;6.6;55.8;15.01;2.9;0;;0.29863
201:605:011:110;71.93;378.83;9.64;55.78;15.08;2.69;0;;0.4604
201:605:011:210;15.9;299.66;7.07;51.6;14.96;2.14;0;;0.32263
201:605:011:310;0;192.91;4.39;44.47;15.18;1.86;0;;0.1973
201:605:011:410;3.83;193.15;4.47;35.65;15.3;1.66;0;;0.20145
201:605:011:510;5.33;150.79;3.58;26.03;15.37;1.59;0;;0.1597
201:605:011:610;3.26;97.5;2.45;16.15;15.18;1.38;0;;0.10321
201:605:011:710;0;30.21;0.74;6.43;14.49;1.38;0;;0.03095
201:605:011:810;0;0;0;0;12.7;1.66;0;;0
201:605:011:910;0;0;0;0;11.31;2.07;0;;0
201:605:012:010;0;0;0;0;10.34;2.21;0;;0
201:605:012:110;0;0;0;0;9.39;2.07;0;;0
201:605:012:210;0;0;0;0;8.7;1.93;0;;0
201:605:012:310;0;0;0;0;8.24;1.86;0;;0
201:605:020:010;0;0;0;0;7.86;1.86;0;;0
201:605:020:110;0;0;0;0;7.58;1.86;0;;0
201:605:020:210;0;0;0;0;7.41;1.93;0;;0
201:605:020:310;0;0;0;0;7.09;1.93;0;;0
201:605:020:410;0;12.56;0.29;6.74;6.94;1.93;0;;0.01285
201:605:020:510;4.62;90.88;2.17;16.46;8.48;1.72;0;;0.09767
201:605:020:610;137.84;192.95;6.58;26.34;11.52;1.79;0;;0.33737
201:605:020:710;290.9;248.78;9.95;35.97;13.76;2;0;;0.54963
201:605:020:810;349.56;311.38;12.03;44.79;15.19;2.28;0;;0.67297
201:605:020:910;371.33;359.18;13.36;51.93;16.29;2.55;0;;0.74387
201:605:021:010;433.71;368.23;14.59;56.1;16.88;2.48;0;;0.81653
201:605:021:110;89.27;382.98;9.99;56.08;17.74;2.41;0;;0.48224
201:605:021:210;494.16;298.17;14.73;51.87;17.11;2.14;0;;0.80706
201:605:021:310;26.56;285.38;6.95;44.7;16.78;2.14;0;;0.31889
201:605:021:410;0;156.12;3.55;35.86;14.39;1.66;0;;0.15967
201:605:021:510;36.28;184.31;5.17;26.23;14.54;1.38;0;;0.22576
201:605:021:610;0.32;71.69;1.65;16.35;14.22;1.38;0;;0.07366
201:605:021:710;0;20.98;0.51;6.63;13.8;1.38;0;;0.02149
201:605:021:810;0;0;0;0;12.34;1.72;0;;0
201:605:021:910;0;0;0;0;11.48;1.79;0;;0
201:605:022:010;0;0;0;0;10.03;1.79;0;;0
201:605:022:110;0;0;0;0;8.75;1.79;0;;0
201:605:022:210;0;0;0;0;8.06;1.72;0;;0
201:605:022:310;0;0;0;0;7.53;1.59;0;;0
201:605:030:010;0;0;0;0;7.43;1.52;0;;0
201:605:030:110;0;0;0;0;7.22;1.45;0;;0
201:605:030:210;0;0;0;0;7.16;1.38;0;;0
201:605:030:310;0;0;0;0;7.17;1.38;0;;0
201:605:030:410;0;26.02;0.59;6.98;7.17;1.24;0;;0.02661
201:605:030:510;3.66;91.71;2.17;16.7;9.01;0.97;0;;0.09754
201:605:030:610;73.99;196.14;5.64;26.57;11.84;1.17;0;;0.27577
201:605:030:710;0;0;0;0;12.65;1.31;0;;0
201:605:030:810;0;195.6;4.45;45.05;12.98;0.9;0;;0.20005
201:605:030:910;352.94;363.73;13.22;52.22;13.31;0.69;0;;0.72989
201:605:031:010;173.55;402.91;11.56;56.4;14.86;0.55;0;;0.58802
201:605:031:110;0;119.33;2.72;56.36;15.96;0.48;0;;0.12205
201:605:031:210;288.34;364.28;12.75;52.12;15.28;0.41;0;;0.66537
201:605:031:310;71.93;318.5;8.46;44.92;15.54;0.48;0;;0.39889
201:605:031:410;123.15;260.91;8.38;36.07;13.58;0.69;0;;0.39244
201:605:031:510;18.77;175.12;4.49;26.42;12.69;1.66;0;;0.19838
201:605:031:610;9.01;106.67;3.09;16.55;12.12;1.31;0;;0.11877
201:605:031:710;0;34.4;0.84;6.84;11.86;0.55;0;;0.03524
201:605:031:810;0;0;0;0;11.19;1.1;0;;0
201:605:031:910;0;0;0;0;10.13;1.38;0;;0
201:605:032:010;0;0;0;0;8.99;1.38;0;;0
201:605:032:110;0;0;0;0;8.16;1.38;0;;0
201:605:032:210;0;0;0;0;7.28;1.38;0;;0
201:605:032:310;0;0;0;0;6.64;1.38;0;;0
201:605:040:010;0;0;0;0;5.92;1.45;0;;0
201:605:040:110;0;0;0;0;5.18;1.45;0;;0
201:605:040:210;0;0;0;0;5.35;1.38;0;;0
201:605:040:310;0;0;0;0;5.77;1.52;0;;0
201:605:040:410;0;23.33;0.53;7.22;5.49;1.59;0;;0.02386
201:605:040:510;1.81;82.63;1.92;16.93;7.34;1.24;0;;0.08636
201:605:040:610;201.87;179.58;7.42;26.81;10.87;1.45;0;;0.38887
201:605:040:710;0;0;0;0;11.89;1.86;0;;0
201:605:040:810;393.29;300.47;12.54;45.3;13.3;1.79;0;;0.7063
201:605:040:910;198.66;384.94;11.48;52.49;14.75;1.79;0;;0.59508
201:605:041:010;0;238.66;5.43;56.69;16.22;1.79;0;;0.24409
201:605:041:110;2.33;266.71;6.11;56.65;16.97;1.79;0;;0.27515
201:605:041:210;69.56;356.93;9.19;52.38;16.59;1.86;0;;0.43568
201:605:041:310;233.81;319.08;11.26;45.15;15.52;1.86;0;;0.56415
201:605:041:410;307.26;196.3;10.79;36.27;15.79;2.21;0;;0.51435
201:605:041:510;26.12;182.3;4.86;26.62;15.13;2.21;0;;0.21328
201:605:041:610;4.16;102.48;2.64;16.74;14.19;1.66;0;;0.10928
201:605:041:710;0;6.71;0.16;7.04;13.36;1.86;0;;0.00687
201:605:041:810;0;0;0;0;12.13;2;0;;0
201:605:041:910;0;0;0;0;10.94;2.07;0;;0
201:605:042:010;0;0;0;0;10.33;2.14;0;;0
201:605:042:110;0;0;0;0;9.87;2.07;0;;0
201:605:042:210;0;0;0;0;9.38;2.07;0;;0
201:605:042:310;0;0;0;0;9.24;2;0;;0
201:605:050:010;0;0;0;0;8.72;2;0;;0
201:605:050:110;0;0;0;0;8.24;2;0;;0
201:605:050:210;0;0;0;0;8.08;1.93;0;;0
201:605:050:310;0;0;0;0;7.96;1.86;0;;0
201:605:050:410;1.94;42.04;1.25;7.45;8.14;2;0;;0.04523
201:605:050:510;98.95;107.16;4.58;17.15;8.97;2.55;0;;0.21069
201:605:050:610;148.26;196.97;6.91;27.03;10.58;2.48;0;;0.35214
201:605:050:710;374.99;224.67;10.91;36.68;12.54;2;0;;0.61057
201:605:050:810;512.21;258.01;13.61;45.55;14.6;1.86;0;;0.78383
201:605:050:910;452.17;341.64;14.32;52.76;16.16;2.07;0;;0.80813
201:605:051:010;502.56;350.67;15.4;56.98;17.13;2;0;;0.86863
201:605:051:110;53.44;366.83;9.13;56.93;17.63;2.14;0;;0.4294
201:605:051:210;708.58;193.11;16.57;52.63;17.71;2.41;0;;0.91826
201:605:051:310;0;191.11;4.35;45.37;15.67;2.55;0;;0.19546
201:605:051:410;114.42;267.28;8.38;36.48;15.75;2.41;0;;0.39008
201:605:051:510;179.48;133.54;8.01;26.81;16.16;2.55;0;;0.32103
201:605:051:610;3.82;102.61;2.62;16.94;15.64;2.41;0;;0.10905
201:605:051:710;0;39.44;0.96;7.24;14.51;2.28;0;;0.0404
201:605:051:810;0;0;0;0;12.89;1.86;0;;0
201:605:051:910;0;0;0;0;12.25;1.86;0;;0
201:605:052:010;0;0;0;0;10.65;1.66;0;;0
201:605:052:110;0;0;0;0;9.03;1.66;0;;0
201:605:052:210;0;0;0;0;8.05;1.59;0;;0
201:605:052:310;0;0;0;0;6.99;1.59;0;;0
201:605:060:010;0;0;0;0;6.21;1.59;0;;0
201:605:060:110;0;0;0;0;5.79;1.66;0;;0
201:605:060:210;0;0;0;0;5.12;1.72;0;;0
201:605:060:310;0;0;0;0;4.6;1.72;0;;0
201:605:060:410;4.01;42.71;1.55;7.68;4.66;1.59;0;;0.04827
201:605:060:510;152.5;83.79;5.29;17.37;7.43;1.17;0;;0.24158
201:605:060:610;338.02;126.41;8.83;27.25;12.26;1.17;0;;0.47326
201:605:060:710;443.85;196.89;11.54;36.91;15.16;1.31;0;;0.65228
201:605:060:810;592.13;225.38;14.32;45.8;16.51;2;0;;0.83183
201:605:060:910;755.17;210.08;16.69;53.03;16.88;2.21;0;;0.98194
201:605:061:010;0;142.66;3.25;57.26;17.24;2.07;0;;0.14591
201:605:061:110;562.54;322.19;16.1;57.2;17.59;2;0;;0.90083
201:605:061:210;231.6;381.23;12.28;52.88;17.81;1.93;0;;0.62511
201:605:061:310;36.55;302.58;7.52;45.59;17.84;1.79;0;;0.34665
201:605:061:410;272.53;218.44;10.6;36.68;18.25;1.79;0;;0.50157
201:605:061:510;161.46;147.94;7.87;27.01;17.97;1.45;0;;0.31727
201:605:061:610;9.18;111.81;3.23;17.13;17.51;1.24;0;;0.12422
201:605:061:710;0;36.08;0.88;7.44;16.33;1.45;0;;0.03696
201:605:061:810;0;0;0;0;14.5;1.59;0;;0
201:605:061:910;0;0;0;0;12.63;1.66;0;;0
201:605:062:010;0;0;0;0;11.42;1.59;0;;0
201:605:062:110;0;0;0;0;11.61;1.31;0;;0
201:605:062:210;0;0;0;0;11.29;1.24;0;;0
201:605:062:310;0;0;0;0;9.63;1.45;0;;0
201:605:070:010;0;0;0;0;8.45;1.52;0;;0
201:605:070:110;0;0;0;0;6.93;1.59;0;;0
201:605:070:210;0;0;0;0;6.26;1.45;0;;0
201:605:070:310;0;0;0;0;5.73;1.52;0;;0
201:605:070:410;0;26.02;0.59;7.9;5.47;1.52;0;;0.02661
201:605:070:510;89.32;114.7;4.58;17.59;8.73;1.1;0;;0.2086
201:605:070:610;341.35;126.13;8.93;27.47;13.28;1.1;0;;0.47641
201:605:070:710;557.06;143.55;12.5;37.13;15.76;1.59;0;;0.71311
201:605:070:810;708.14;167.19;15.22;46.03;16.62;2.21;0;;0.89055
201:605:070:910;653.58;263.87;16.08;53.29;17.19;2.48;0;;0.93353
201:605:071:010;680.69;280.16;16.98;57.54;17.44;2.69;0;;0.97783
201:605:071:110;865.08;169.17;18.39;57.47;17.28;2.62;0;;1.05264
201:605:071:210;246.28;380.72;12.52;53.12;17.56;2.62;0;;0.63952
201:605:071:310;0;99.59;2.27;45.81;17.39;2.55;0;;0.10186
201:605:071:410;0;73.57;1.68;36.87;17.36;2.48;0;;0.07525
201:605:071:510;143.67;159.66;7.66;27.2;16.8;2.34;0;;0.31099
201:605:071:610;1.26;93.77;2.23;17.32;16.06;2.21;0;;0.09726
201:605:071:710;0;41.95;1.02;7.64;14.79;1.93;0;;0.04297
201:605:071:810;0;0;0;0;12.85;1.72;0;;0
201:605:071:910;0;0;0;0;11.48;1.79;0;;0
201:605:072:010;0;0;0;0;9.7;1.52;0;;0
201:605:072:110;0;0;0;0;9.68;1.17;0;;0
201:605:072:210;0;0;0;0;9.48;1.1;0;;0
201:605:072:310;0;0;0;0;7.86;1.31;0;;0
201:605:080:010;0;0;0;0;6.54;1.45;0;;0
201:605:080:110;0;0;0;0;5.38;1.45;0;;0
201:605:080:210;0;0;0;0;4.55;1.45;0;;0
201:605:080:310;0;0;0;0;3.99;1.45;0;;0
201:605:080:410;4.23;45.45;1.61;8.11;4.26;1.31;0;;0.05129
201:605:080:510;156.14;83.28;5.43;17.8;7.42;0.9;0;;0.24485
201:605:080:610;342.54;124.73;8.97;27.68;11.28;0.9;0;;0.47624
201:605:080:710;551.01;144.05;12.46;37.35;13.31;1.24;0;;0.70752
201:605:080:810;701.78;167.69;15.18;46.27;14.32;1.72;0;;0.88465
201:605:080:910;539.72;312.04;15.22;53.54;14.91;1.93;0;;0.86698
201:605:081:010;256.29;411.12;13.01;57.81;15.4;1.79;0;;0.68042
201:605:081:110;183.92;410.92;12.05;57.74;15.88;1.59;0;;0.60689
201:605:081:210;124.91;381.05;10.62;53.36;15.93;1.38;0;;0.51658
201:605:081:310;14.51;273.2;6.48;46.02;16.39;0.97;0;;0.29419
201:605:081:410;0;153.43;3.49;37.07;16.35;0.34;0;;0.15692
201:605:081:510;43.74;193.71;5.64;27.38;16.3;0.21;0;;0.24309
201:605:081:610;51.15;64.54;5.17;17.51;15.54;0.41;0;;0.12086
201:605:081:710;0;41.95;1.02;7.83;13.53;1.1;0;;0.04297
201:605:081:810;0;0;0;0;12.64;1.03;0;;0
201:605:081:910;0;0;0;0;11.5;0.83;0;;0
201:605:082:010;0;0;0;0;10.86;0.9;0;;0
201:605:082:110;0;0;0;0;10.66;0.83;0;;0
201:605:082:210;0;0;0;0;10;0.83;0;;0
201:605:082:310;0;0;0;0;8.61;1.03;0;;0
201:605:090:010;0;0;0;0;7.08;1.24;0;;0
201:605:090:110;0;0;0;0;5.79;1.38;0;;0
201:605:090:210;0;0;0;0;5.06;1.31;0;;0
201:605:090:310;0;0;0;0;4.59;1.24;0;;0
201:605:090:410;0.9;45.03;1.14;8.32;4.7;1.1;0;;0.04707
201:605:090:510;0;75.37;1.72;18;7.53;0.62;0;;0.07709
201:605:090:610;76.62;206.66;5.99;27.88;11.51;0.48;0;;0.28927
201:605:090:710;123.41;283.43;8.29;37.56;13.43;0.55;0;;0.41513
201:605:090:810;667.31;181.82;14.91;46.49;14.27;0.62;0;;0.86404
201:605:090:910;731.66;217.9;16.61;53.79;14.93;0.55;0;;0.96617
201:605:091:010;792.07;214.53;17.71;58.08;15.51;0.69;0;;1.02431
201:605:091:110;219.96;410.65;12.61;58;16.26;0.76;0;;0.64322
201:605:091:210;428.49;328.19;14.51;53.6;16.73;0.76;0;;0.77119
201:605:091:310;0;133.69;3.04;46.23;17.02;0.62;0;;0.13673
201:605:091:410;0;58.32;1.33;37.26;16.22;0.83;0;;0.05965
201:605:091:510;0;55.63;1.27;27.57;14.88;1.1;0;;0.0569
201:605:091:610;2.81;103.89;2.57;17.69;13.78;0.76;0;;0.10927
201:605:091:710;0;6.71;0.16;8.03;12.99;1.03;0;;0.00687
201:605:091:810;0;0;0;0;12.59;0.97;0;;0
201:605:091:910;0;0;0;0;10.75;0.9;0;;0
201:605:092:010;0;0;0;0;10.33;0.76;0;;0
201:605:092:110;0;0;0;0;10;0.76;0;;0
201:605:092:210;0;0;0;0;9.31;0.97;0;;0
201:605:092:310;0;0;0;0;8.38;1.17;0;;0
201:605:100:010;0;0;0;0;7.69;1.17;0;;0
201:605:100:110;0;0;0;0;7.3;1.17;0;;0
201:605:100:210;0;0;0;0;7.13;1.03;0;;0
201:605:100:310;0;0;0;0;6.63;1.1;0;;0
201:605:100:410;0;8.08;0.18;8.53;6.76;1.1;0;;0.00826
201:605:100:510;3.45;97.94;2.31;18.2;8.91;0.62;0;;0.1037
201:605:100:610;35.98;195.77;5.07;28.08;11.84;0.97;0;;0.23682
201:605:100:710;56.88;267.35;6.95;37.76;12.72;1.59;0;;0.33118
201:605:100:810;145.12;344.84;9.93;46.71;13.51;2.07;0;;0.49989
201:605:100:910;259.14;386.59;12.5;54.04;14.72;2.69;0;;0.65823
201:605:101:010;601.44;308.41;16.37;58.34;15.47;3.03;0;;0.92622
201:605:101:110;464.74;354.24;15.3;58.26;16.02;2.97;0;;0.83428
201:605:101:210;0;151.63;3.45;53.83;16.21;2.83;0;;0.15508
201:605:101:310;167.6;334.93;10.56;46.44;16.42;2.83;0;;0.51309
201:605:101:410;21.08;240.95;5.92;37.45;15.58;2.69;0;;0.26795
201:605:101:510;125.51;170.09;7.46;27.75;14.9;1.66;0;;0.30306
201:605:101:610;2.81;104.79;2.59;17.88;14.69;1.45;0;;0.11019
201:605:101:710;0;6.71;0.16;8.22;13.93;1.31;0;;0.00687
201:605:101:810;0;0;0;0;12.74;1.31;0;;0
201:605:101:910;0;0;0;0;11.53;0.9;0;;0
201:605:102:010;0;0;0;0;11.29;0.69;0;;0
201:605:102:110;0;0;0;0;10.61;0.76;0;;0
201:605:102:210;0;0;0;0;8.31;1.17;0;;0
201:605:102:310;0;0;0;0;6.92;1.38;0;;0
201:605:110:010;0;0;0;0;6.3;1.38;0;;0
201:605:110:110;0;0;0;0;5.59;1.45;0;;0
201:605:110:210;0;0;0;0;5.83;1.38;0;;0
201:605:110:310;0;0;0;0;5.95;1.38;0;;0
201:605:110:410;0;21.53;0.49;8.73;6.33;1.31;0;;0.02202
201:605:110:510;0.86;89.75;2.06;18.4;8.91;0.9;0;;0.09267
201:605:110:610;0;52.94;1.21;28.27;12.54;0.83;0;;0.05415
201:605:110:710;3.4;198.61;4.58;37.96;12.51;1.03;0;;0.20659
201:605:110:810;7;251.97;5.84;46.93;13.23;1.17;0;;0.26481
201:605:110:910;0;173.17;3.94;54.27;14.14;1.52;0;;0.17711
201:605:111:010;0;98.7;2.25;58.6;15.03;1.86;0;;0.10095
201:605:111:110;613.5;293.48;16.61;58.52;16.43;2.14;0;;0.92359
201:605:111:210;63.46;361.13;9.23;54.06;17.54;2.48;0;;0.43382
201:605:111:310;254.06;318.75;11.79;46.64;17.78;2.55;0;;0.5846
201:605:111:410;316.72;195.07;11.24;37.64;17.54;2.21;0;;0.52303
201:605:111:510;0.72;126.51;2.9;27.93;17.47;1.93;0;;0.13013
201:605:111:610;17.72;114.11;3.94;18.06;16.84;1.03;0;;0.13577
201:605:111:710;0;37.76;0.92;8.4;16.22;0.97;0;;0.03868
201:605:111:810;0;0;0;0;14.2;1.17;0;;0
201:605:111:910;0;0;0;0;13.8;0.62;0;;0
201:605:112:010;0;0;0;0;12.14;0.97;0;;0
201:605:112:110;0;0;0;0;10.72;1.17;0;;0
201:605:112:210;0;0;0;0;9.98;1.17;0;;0
201:605:112:310;0;0;0;0;9.05;1.31;0;;0
201:605:120:010;0;0;0;0;8.16;1.38;0;;0
201:605:120:110;0;0;0;0;7.34;1.52;0;;0
201:605:120:210;0;0;0;0;6.6;1.52;0;;0
201:605:120:310;0;0;0;0;6.22;1.52;0;;0
201:605:120:410;5.09;50.4;1.8;8.92;6.36;1.45;0;;0.05729
201:605:120:510;130.15;99.71;5.31;18.58;9.28;1.03;0;;0.23517
201:605:120:610;315.04;137.73;8.89;28.46;13.4;0;0;;0.46166
201:605:120:710;532.27;150.66;12.46;38.16;15.41;0;0;;0.69539
201:605:120:810;519.28;255.22;13.97;47.14;16.53;2.76;0;;0.78847
201:605:120:910;628.32;268.82;16;54.51;17.44;3.45;0;;0.91314
201:605:121:010;543.08;334.08;16;58.85;17.6;3.31;0;;0.89316
201:605:121:110;465.2;355.54;15.4;58.76;18;3.03;0;;0.83614
201:605:121:210;407.84;335.49;14.4;54.29;17.83;2.69;0;;0.75773
201:605:121:310;22.46;289.2;6.99;46.85;17.37;2.41;0;;0.31865
201:605:121:410;58.18;268.73;7.33;37.83;17.12;2;0;;0.33424
201:605:121:510;0;79.85;1.82;28.11;16.3;1.03;0;;0.08167
201:605:121:610;5.58;115.16;3.04;18.24;15.57;0.76;0;;0.12378
201:605:121:710;0;21.82;0.53;8.59;15.03;1.24;0;;0.02235
201:605:121:810;0;0;0;0;14.17;1.66;0;;0
201:605:121:910;0;0;0;0;14.12;1.86;0;;0
201:605:122:010;0;0;0;0;12.56;1.66;0;;0
201:605:122:110;0;0;0;0;11.77;1.52;0;;0
201:605:122:210;0;0;0;0;11.13;1.52;0;;0
201:605:122:310;0;0;0;0;10.42;1.52;0;;0
201:605:130:010;0;0;0;0;10.29;1.38;0;;0
201:605:130:110;0;0;0;0;10.03;1.45;0;;0
201:605:130:210;0;0;0;0;10.13;1.38;0;;0
201:605:130:310;0;0;0;0;10.21;1.24;0;;0
201:605:130:410;0;8.97;0.2;9.11;10.14;0.9;0;;0.00917
201:605:130:510;0;26.02;0.59;18.77;10.23;0.76;0;;0.02661
201:605:130:610;0;61.91;1.41;28.64;10.47;0.69;0;;0.06332
201:605:130:710;0;48.45;1.1;38.35;12.16;1.17;0;;0.04955
201:605:130:810;0;107.67;2.45;47.34;13.08;1.52;0;;0.11012
201:605:130:910;0;164.19;3.74;54.73;14.12;1.72;0;;0.16793
201:605:131:010;0;174.06;3.96;59.09;14.45;2.21;0;;0.17802
201:605:131:110;1.13;249.53;5.7;59.01;14.83;2.48;0;;0.25636
201:605:131:210;34.78;335.84;8.21;54.51;15.02;2.21;0;;0.37883
201:605:131:310;84.43;329.83;9.01;47.04;15.49;2;0;;0.42327
201:605:131:410;86.92;272.4;8.03;38.01;15.36;2.14;0;;0.36735
201:605:131:510;6.4;165.93;3.96;28.29;13.88;1.59;0;;0.17629
201:605:131:610;0;50.25;1.14;18.42;13.96;1.03;0;;0.05139
201:605:131:710;0;46.15;1.12;8.78;13.23;0.9;0;;0.04727
201:605:131:810;0;0;0;0;12.69;0.83;0;;0
201:605:131:910;0;0;0;0;11.29;0.55;0;;0
201:605:132:010;0;0;0;0;10.41;0.76;0;;0
201:605:132:110;0;0;0;0;10.1;0.83;0;;0
201:605:132:210;0;0;0;0;10.24;0.69;0;;0
201:605:132:310;0;0;0;0;10.29;0.69;0;;0
201:605:140:010;0;0;0;0;10.49;0.76;0;;0
201:605:140:110;0;0;0;0;10.64;0.76;0;;0
201:605:140:210;0;0;0;0;10.66;0.76;0;;0
201:605:140:310;0;0;0;0;10.55;0.55;0;;0
201:605:140:410;0;8.97;0.2;9.29;10.53;0.41;0;;0.00917
201:605:140:510;0;21.53;0.49;18.94;10.49;0.28;0;;0.02202
201:605:140:610;1.04;130.17;2.98;28.82;11.17;0.55;0;;0.13419
201:605:140:710;0;137.28;3.13;38.53;11.93;1.31;0;;0.14041
201:605:140:810;0;146.25;3.33;47.54;12.88;1.17;0;;0.14958
201:605:140:910;1.16;237.87;5.43;54.95;13.38;1.31;0;;0.24446
201:605:141:010;0;179.45;4.09;59.33;13.81;1.45;0;;0.18354
201:605:141:110;0;209.06;4.76;59.25;14.93;2.48;0;;0.21382
201:605:141:210;105.11;377.84;10.3;54.73;13.73;2.28;0;;0.49325
201:605:141:310;176.4;335.9;10.81;47.24;15.38;2.83;0;;0.52311
201:605:141:410;294.93;206.04;11.09;38.19;15.57;2.9;0;;0.51206
201:605:141:510;140.15;163.65;7.83;28.46;15.32;3.38;0;;0.31163
201:605:141:610;49.75;72.84;5.33;18.59;14.55;3.17;0;;0.12792
201:605:141:710;0;43.63;1.06;8.96;13.99;2.69;0;;0.04469
201:605:141:810;0;0;0;0;12.99;2.41;0;;0
201:605:141:910;0;0;0;0;11.98;2.28;0;;0
201:605:142:010;0;0;0;0;10.84;2.28;0;;0
201:605:142:110;0;0;0;0;9.78;2.21;0;;0
201:605:142:210;0;0;0;0;8.59;2;0;;0
201:605:142:310;0;0;0;0;7.35;1.86;0;;0
201:605:150:010;0;0;0;0;6.31;1.79;0;;0
201:605:150:110;0;0;0;0;5.56;1.79;0;;0
201:605:150:210;0;0;0;0;5.09;1.72;0;;0
201:605:150:310;0;0;0;0;5.04;1.66;0;;0
201:605:150:410;0;28.71;0.65;9.47;5.61;1.52;0;;0.02936
201:605:150:510;0;46.66;1.06;19.12;7.92;1.45;0;;0.04772
201:605:150:610;3.09;151.87;3.51;28.99;8.78;2;0;;0.15847
201:605:150:710;42.33;267.06;6.74;38.71;8.52;2.07;0;;0.31613
201:605:150:810;18.39;286.57;6.8;47.73;8.86;2.48;0;;0.31176
201:605:150:910;76.49;375.61;9.66;55.17;9.32;2.69;0;;0.46176
201:605:151:010;177.1;420.12;12.16;59.57;9.93;3.03;0;;0.60938
201:605:151:110;130.44;413.04;11.38;59.48;9.96;2.97;0;;0.55486
201:605:151:210;536.94;287.95;15.81;54.94;10.22;2.97;0;;0.8407
201:605:151:310;62.65;331.14;8.66;47.43;10.71;2.9;0;;0.40245
201:605:151:410;264.18;229.57;10.95;38.37;11.02;2.83;0;;0.5047
201:605:151:510;67.66;201.73;6.58;28.64;11.02;2.83;0;;0.27597
201:605:151:610;56.17;67;5.66;18.77;10.49;2.55;0;;0.12883
201:605:151:710;0;43.63;1.06;9.14;9.88;2.21;0;;0.04469
201:605:151:810;0;0;0;0;8.63;1.86;0;;0
201:605:151:910;0;0;0;0;7.08;2;0;;0
201:605:152:010;0;0;0;0;5.82;1.79;0;;0
201:605:152:110;0;0;0;0;4.44;1.59;0;;0
201:605:152:210;0;0;0;0;3.69;1.45;0;;0
201:605:152:310;0;0;0;0;3.06;1.45;0;;0
201:605:160:010;0;0;0;0;2.87;1.38;0;;0
201:605:160:110;0;0;0;0;2.81;1.24;0;;0
201:605:160:210;0;0;0;0;2.15;1.31;0;;0
201:605:160:310;0;0;0;0;1.67;1.31;0;;0
201:605:160:410;13.67;39.83;2.55;9.64;1.91;1.17;0;;0.05605
201:605:160:510;178.7;80.39;6.19;19.28;4.22;0.69;0;;0.26528
201:605:160:610;361.98;123.54;9.66;29.15;6.8;1.45;0;;0.49518
201:605:160:710;556.97;148.94;13.06;38.88;7.62;1.72;0;;0.71897
201:605:160:810;529.32;263.9;14.47;47.92;8.66;2.21;0;;0.80769
201:605:160:910;276.16;398.94;13.14;55.37;9.25;2.48;0;;0.68824
201:605:161:010;44.72;374.52;9.19;59.8;9.9;2.69;0;;0.42843
201:605:161:110;66.16;392.53;9.95;59.71;10.38;2.83;0;;0.46864
201:605:161:210;316.69;376.81;13.81;55.15;10.54;2.83;0;;0.70731
201:605:161:310;569.1;186.23;15.26;47.62;10.64;2.76;0;;0.77059
201:605:161:410;102.96;283.16;8.64;38.54;10.84;2.48;0;;0.39476
201:605:161:510;77.92;202.3;6.91;28.81;10.3;2.28;0;;0.28713
201:605:161:610;5.24;120.65;3.15;18.94;10.11;1.79;0;;0.12904
201:605:161:710;0;52.86;1.29;9.31;9.52;1.24;0;;0.05415
201:605:161:810;0;0;0;0;8.49;1.38;0;;0
201:605:161:910;0;0;0;0;6.71;1.38;0;;0
201:605:162:010;0;0;0;0;5.14;1.24;0;;0
201:605:162:110;0;0;0;0;4.69;1.1;0;;0
201:605:162:210;0;0;0;0;4.2;1.03;0;;0
201:605:162:310;0;0;0;0;3.75;1.03;0;;0
201:605:170:010;0;0;0;0;3.55;0.97;0;;0
201:605:170:110;0;0;0;0;3.49;0.9;0;;0
201:605:170:210;0;0;0;0;3.17;0.9;0;;0
201:605:170:310;0;0;0;0;2.46;0.97;0;;0
201:605:170:410;6.87;55.37;2.1;9.81;2.3;0.9;0;;0.06434
201:605:170:510;168.49;85.75;6.09;19.44;4.21;0.48;0;;0.26033
201:605:170:610;169.41;206.1;7.74;29.31;7.43;1.72;0;;0.38325
201:605:170:710;166.9;293.78;9.32;39.04;7.75;2;0;;0.47
201:605:170:810;1.14;216.33;4.94;48.1;8.43;2.69;0;;0.22241
201:605:170:910;0;228.79;5.21;55.58;9.18;2.97;0;;0.234
201:605:171:010;0;89.72;2.04;60.02;9.88;2.97;0;;0.09176
201:605:171:110;244.89;419.66;13.32;59.94;10.25;3.1;0;;0.67787
201:605:171:210;0;87.03;1.98;55.36;10.62;3.1;0;;0.08901
201:605:171:310;222.92;337.58;11.75;47.8;10.76;3.24;0;;0.57225
201:605:171:410;118.67;281.22;8.95;38.72;10.72;3.17;0;;0.40884
201:605:171:510;34.26;203.99;5.66;28.97;10.67;3.03;0;;0.24391
201:605:171:610;26.81;114.43;4.66;19.1;10.27;2.62;0;;0.1459
201:605:171:710;0;47.83;1.16;9.49;9.52;2.21;0;;0.04899
201:605:171:810;0;0;0;0;8.55;1.38;0;;0
201:605:171:910;0;0;0;0;7.59;1.31;0;;0
201:605:172:010;0;0;0;0;6.35;1.17;0;;0
201:605:172:110;0;0;0;0;5.27;0.97;0;;0
201:605:172:210;0;0;0;0;4.46;1.03;0;;0
201:605:172:310;0;0;0;0;4.16;1.03;0;;0
201:605:180:010;0;0;0;0;3.45;1.17;0;;0
201:605:180:110;0;0;0;0;3.41;1.1;0;;0
201:605:180:210;0;0;0;0;2.99;1.24;0;;0
201:605:180:310;0;0;0;0;2.89;1.24;0;;0
201:605:180:410;0;13.46;0.31;9.97;3.25;1.17;0;;0.01377
201:605:180:510;35.12;136.69;3.96;19.6;5.52;0.83;0;;0.17577
201:605:180:610;29.46;202.88;5.15;29.47;7.64;1.79;0;;0.23749
201:605:180:710;0;174.96;3.98;39.2;8.63;1.66;0;;0.17894
201:605:180:810;245.89;350.14;11.69;48.27;9.53;1.86;0;;0.60772
201:605:180:910;87.31;381.46;9.97;55.77;10.56;2.14;0;;0.47874
201:605:181:010;0;152.53;3.47;60.24;11.97;2.34;0;;0.156
201:605:181:110;295.53;409.84;13.93;60.16;12.81;2.62;0;;0.7193
201:605:181:210;55.7;364.38;9.21;55.56;13.02;2.76;0;;0.42929
201:605:181:310;271.31;322.08;12.34;47.99;12.9;2.76;0;;0.60573
201:605:181:410;59.58;276.56;7.58;38.88;13.11;2.9;0;;0.34372
201:605:181:510;39.01;205.64;5.84;29.14;12.54;2.55;0;;0.25049
201:605:181:610;43.45;90.72;5.33;19.27;11.95;1.86;0;;0.1395
201:605:181:710;0;56.22;1.37;9.66;11.41;1.17;0;;0.05759
201:605:181:810;0;0;0;0;10.61;0.97;0;;0
201:605:181:910;0;0;0;0;10.09;0.34;0;;0
201:605:182:010;0;0;0;0;9.37;0.55;0;;0
201:605:182:110;0;0;0;0;8.59;0.62;0;;0
201:605:182:210;0;0;0;0;7.97;0.69;0;;0
201:605:182:310;0;0;0;0;7.59;0.83;0;;0
201:605:190:010;0;0;0;0;6.26;1.03;0;;0
201:605:190:110;0;0;0;0;5.5;1.24;0;;0
201:605:190:210;0;0;0;0;4.6;1.31;0;;0
201:605:190:310;0;0;0;0;3.53;1.31;0;;0
201:605:190:410;0;30.51;0.69;10.13;4.35;0.83;0;;0.0312
201:605:190:510;23.54;135.35;3.66;19.75;6.99;0.76;0;;0.16255
201:605:190:610;47.52;212.76;5.7;29.62;9.46;1.03;0;;0.26598
201:605:190:710;103.13;291.58;8.27;39.36;9.83;0.97;0;;0.40298
201:605:190:810;91.92;345.9;9.26;48.44;10.76;1.1;0;;0.44708
201:605:190:910;573.95;298.19;15.94;55.96;12.01;1.59;0;;0.88808
201:605:191:010;254.78;418.9;13.36;60.45;12.98;2.21;0;;0.68704
201:605:191:110;746.36;226.69;17.98;60.37;14.21;2.41;0;;0.99103
201:605:191:210;755.24;166.7;17.63;55.76;14.42;1.93;0;;0.93957
201:605:191:310;237.58;331.66;11.93;48.16;14.38;1.79;0;;0.58117
201:605:191:410;63.82;278.57;7.72;39.05;14.68;1.52;0;;0.35011
201:605:191:510;56.92;206.09;6.39;29.3;14.49;1.52;0;;0.2694
201:605:191:610;23.73;119.32;4.54;19.43;14.03;1.45;0;;0.14759
201:605:191:710;0;56.22;1.37;9.83;13.49;1.1;0;;0.05759
201:605:191:810;0;0;0;0;12.21;1.17;0;;0
201:605:191:910;0;0;0;0;11.28;1.1;0;;0
201:605:192:010;0;0;0;0;10.79;1.03;0;;0
201:605:192:110;0;0;0;0;10.79;0.9;0;;0
201:605:192:210;0;0;0;0;9.8;0.97;0;;0
201:605:192:310;0;0;0;0;8.39;1.1;0;;0
201:605:200:010;0;0;0;0;7.24;1.24;0;;0
201:605:200:110;0;0;0;0;6.89;1.17;0;;0
201:605:200:210;0;0;0;0;6.37;1.24;0;;0
201:605:200:310;0;0;0;0;6.01;1.24;0;;0
201:605:200:410;0.4;50.89;1.21;10.28;6.29;1.1;0;;0.0525
201:605:200:510;122.61;110.81;5.58;19.89;9.25;0.48;0;;0.239
201:605:200:610;304;147.94;9.17;29.76;13.08;0.62;0;;0.46111
201:605:200:710;506.2;165.38;12.63;39.51;14.64;1.59;0;;0.68421
201:605:200:810;620.03;207.86;15.1;48.6;15.42;1.79;0;;0.84299
201:605:200:910;206.79;398.9;12.16;56.15;15.69;1.66;0;;0.61785
201:605:201:010;87.36;400.95;10.44;60.66;16.64;2;0;;0.49875
201:605:201:110;19.97;339.56;8.05;60.58;17.17;2.28;0;;0.36758
201:605:201:210;0;181.24;4.13;55.95;17.21;2.48;0;;0.18537
201:605:201:310;422.07;258.01;13.95;48.34;17.19;2.55;0;;0.69403
201:605:201:410;167;269.48;9.79;39.21;16.97;2.34;0;;0.44627
201:605:201:510;162.59;156.63;8.46;29.46;17.02;2.07;0;;0.32768
201:605:201:610;33.92;107.51;5.03;19.59;16.91;1.79;0;;0.14646
201:605:201:710;0;57.9;1.41;9.99;16.21;1.45;0;;0.05931
201:605:201:810;0;0;0;0;14.55;1.52;0;;0
201:605:201:910;0;0;0;0;12.38;1.79;0;;0
201:605:202:010;0;0;0;0;10.75;1.72;0;;0
201:605:202:110;0;0;0;0;9.9;1.59;0;;0
201:605:202:210;0;0;0;0;9.23;1.45;0;;0
201:605:202:310;0;0;0;0;8.26;1.52;0;;0
201:605:210:010;0;0;0;0;7.38;1.52;0;;0
201:605:210:110;0;0;0;0;6.8;1.52;0;;0
201:605:210:210;0;0;0;0;6.17;1.52;0;;0
201:605:210:310;0;0.84;0.02;1.41;5.55;1.59;0;;0.00086
201:605:210:410;5.73;61.62;2.1;10.42;6.11;1.31;0;;0.06945
201:605:210:510;100.23;122.32;5.29;20.03;10.08;0.55;0;;0.22784
201:605:210:610;135.31;213.9;7.36;29.9;14.44;0.41;0;;0.35657
201:605:210:710;504.46;166.08;12.65;39.65;16.54;0.28;0;;0.68319
201:605:210:810;667.86;179.83;15.45;48.76;17.82;0.14;0;;0.86314
201:605:210:910;797.65;179.06;17.59;56.32;18.81;0.62;0;;0.9943
201:605:211:010;879.31;164.9;18.9;60.86;19.43;0.76;0;;1.06311
201:605:211:110;785.8;201.23;18.29;60.79;19.41;0.83;0;;1.00532
201:605:211:210;196.61;393.04;12.22;56.14;19.38;0.97;0;;0.60187
201:605:211:310;1.99;228.93;5.25;48.51;19.8;1.03;0;;0.23617
201:605:211:410;22.91;254.31;6.29;39.37;20.14;1.1;0;;0.28351
201:605:211:510;0;113.05;2.57;29.61;19.66;1.03;0;;0.11562
201:605:211:610;0;63.7;1.45;19.75;19.35;0.97;0;;0.06515
201:605:211:710;0;59.57;1.45;10.15;18.45;0.76;0;;0.06102
201:605:211:810;0;0;0;0;17.44;0.69;0;;0
201:605:211:910;0;0;0;0;17.2;0.41;0;;0
201:605:212:010;0;0;0;0;16.4;0.55;0;;0
201:605:212:110;0;0;0;0;15.49;0.83;0;;0
201:605:212:210;0;0;0;0;14.13;1.1;0;;0
201:605:212:310;0;0;0;0;12.67;1.17;0;;0
201:605:220:010;0;0;0;0;11.8;1.17;0;;0
201:605:220:110;0;0;0;0;10.99;1.24;0;;0
201:605:220:210;0;0;0;0;10.33;1.31;0;;0
201:605:220:310;0;0.84;0.02;1.56;9.93;1.31;0;;0.00086
201:605:220:410;4.54;62.66;1.98;10.56;10.14;1.24;0;;0.06918
201:605:220:510;147.48;96.71;5.95;20.16;13.11;0.41;0;;0.25014
201:605:220:610;275.46;162.22;8.97;30.03;16.5;0.55;0;;0.44665
201:605:220:710;376.81;228.6;11.63;39.78;18.09;0.76;0;;0.61704
201:605:220:810;469.1;278.8;13.95;48.9;19.3;1.24;0;;0.76185
201:605:220:910;739.92;207.98;17.16;56.49;20.13;2.14;0;;0.96506
201:605:221:010;799.3;204.71;18.27;61.05;20.54;2.34;0;;1.02228
201:605:221:110;809.33;185.22;18.45;60.99;21.08;2.48;0;;1.013
201:605:221:210;701.82;190.32;17.2;56.32;21.58;2.48;0;;0.90934
201:605:221:310;481.22;225.72;14.53;48.68;21.82;2.48;0;;0.72147
201:605:221:410;271.44;225.21;11.2;39.53;21.73;2.34;0;;0.50785
201:605:221:510;96.26;195.85;7.38;29.77;21.46;2.21;0;;0.29949
201:605:221:610;23.47;122.19;4.58;19.9;20.76;1.93;0;;0.15024
201:605:221:710;0;59.57;1.45;10.31;19.74;1.66;0;;0.06102
201:605:221:810;0;0;0;0;18.09;1.59;0;;0
201:605:221:910;0;0;0;0;16.1;1.72;0;;0
201:605:222:010;0;0;0;0;14.88;0;0;;0
201:605:222:110;0;0;0;0;14.24;0;0;;0
201:605:222:210;0;0;0;0;13.56;1.59;0;;0
201:605:222:310;0;0;0;0;12.86;1.59;0;;0
201:605:230:010;0;0;0;0;11.7;1.72;0;;0
201:605:230:110;0;0;0;0;10.8;1.79;0;;0
201:605:230:210;0;0;0;0;10.24;1.72;0;;0
201:605:230:310;0;1.68;0.04;1.7;9.67;1.72;0;;0.00172
201:605:230:410;9.07;58.15;2.43;10.69;9.81;1.66;0;;0.06965
201:605:230:510;160.12;90.05;6.15;20.29;12.65;1.24;0;;0.25632
201:605:230:610;344.9;127.2;9.66;30.15;17.11;1.38;0;;0.48176
201:605:230:710;537.95;149.5;13.01;39.91;18.83;2.28;0;;0.70046
201:605:230:810;688.81;168.93;15.69;49.05;19.95;3.1;0;;0.87343
201:605:230:910;630.38;269.2;16.47;56.66;20.88;3.38;0;;0.91605
201:605:231:010;880.78;163.32;18.98;61.24;21.61;3.52;0;;1.06308
201:605:231:110;712.73;243.66;17.86;61.18;22.13;3.45;0;;0.97425
201:605:231:210;692.76;198.3;17.22;56.5;22.39;3.52;0;;0.90828
201:605:231:310;541.24;192.8;15.1;48.84;22.68;3.38;0;;0.74914
201:605:231:410;419.63;138.46;12.77;39.69;22.69;3.31;0;;0.57086
201:605:231:510;227.63;110.9;9.44;29.92;22.41;2.97;0;;0.34797
201:605:231:610;11.75;131.03;3.88;20.05;21.67;2.41;0;;0.14666
201:605:231:710;0;61.25;1.49;10.47;20.57;2.07;0;;0.06274
201:605:231:810;0;3.36;0.08;1.5;18.96;1.86;0;;0.00344
201:605:231:910;0;0;0;0;17.13;1.66;0;;0
201:605:232:010;0;0;0;0;15.72;1.59;0;;0
201:605:232:110;0;0;0;0;15.01;1.52;0;;0
201:605:232:210;0;0;0;0;14.41;1.52;0;;0
201:605:232:310;0;0;0;0;13.7;1.59;0;;0
201:605:240:010;0;0;0;0;12.99;1.66;0;;0
201:605:240:110;0;0;0;0;12.68;1.52;0;;0
201:605:240:210;0;0;0;0;12;1.59;0;;0
201:605:240:310;0;0.84;0.02;1.84;11.71;1.66;0;;0.00086
201:605:240:410;0;19.74;0.45;10.82;12;1.66;0;;0.02019
201:605:240:510;0;47.55;1.08;20.41;13.83;1.38;0;;0.04863
201:605:240:610;0;51.14;1.16;30.27;17.37;1.03;0;;0.0523
201:605:240:710;0;69.09;1.57;40.04;17.6;1.17;0;;0.07066
201:605:240:810;0;160.6;3.66;49.18;18.14;1.66;0;;0.16426
201:605:240:910;277.11;388.32;13.08;56.82;18.95;2.14;0;;0.67851
201:605:241:010;170.81;417.96;12.12;61.42;19.83;2.28;0;;0.60089
201:605:241:110;639.7;274.31;17.18;61.37;20.01;1.79;0;;0.93119
201:605:241:210;0;200.98;4.58;56.68;20.53;0.97;0;;0.20556
201:605:241:310;0;94.21;2.15;49;20.96;0.21;0;;0.09636
201:605:241:410;0;81.65;1.86;39.84;19.96;0.28;0;;0.08351
201:605:241:510;0.68;134.57;3.09;30.06;17.91;1.17;0;;0.13834
201:605:241:610;0;64.6;1.47;20.2;16.8;0.55;0;;0.06607
201:605:241:710;0;54.54;1.33;10.62;16.69;0.55;0;;0.05587
201:605:241:810;0;0.84;0.02;1.66;16.28;0.97;0;;0.00086
201:605:241:910;0;0;0;0;14;1.72;0;;0
201:605:242:010;0;0;0;0;13.27;1.66;0;;0
201:605:242:110;0;0;0;0;12.23;1.79;0;;0
201:605:242:210;0;0;0;0;11.57;1.86;0;;0
201:605:242:310;0;0;0;0;11.04;1.86;0;;0
201:605:250:010;0;0;0;0;10.6;1.93;0;;0
201:605:250:110;0;0;0;0;10.01;2;0;;0
201:605:250:210;0;0;0;0;9.55;2.07;0;;0
201:605:250:310;0;0.84;0.02;1.97;9.15;2.07;0;;0.00086
201:605:250:410;0;39.48;0.9;10.94;9.62;1.86;0;;0.04038
201:605:250:510;69.78;136.8;4.9;20.52;12.58;1.52;0;;0.21148
201:605:250:610;344.17;126.69;9.7;30.39;15.53;1.66;0;;0.48056
201:605:250:710;278.6;268.96;10.81;40.16;17.17;2.48;0;;0.55837
201:605:250:810;686.31;168.35;15.71;49.31;18.46;3.72;0;;0.87037
201:605:250:910;805.7;172.68;17.77;56.97;18.85;3.45;0;;0.99615
201:605:251:010;865.65;169.2;18.9;61.6;19.58;3.31;0;;1.05375
201:605:251:110;891.69;143.39;19.29;61.55;20.14;3.17;0;;1.05437
201:605:251:210;399.06;343.86;14.77;56.85;20.06;3.31;0;;0.75769
201:605:251:310;387.31;275.85;13.77;49.16;20.07;3.1;0;;0.67693
201:605:251:410;71.47;284.07;8.05;39.98;20.21;3.03;0;;0.36359
201:605:251:510;164.39;159.46;8.66;30.21;19.7;2.69;0;;0.33251
201:605:251:610;0;50.25;1.14;20.35;18.97;2.14;0;;0.05139
201:605:251:710;0;62.93;1.53;10.77;18.22;2.07;0;;0.06446
201:605:251:810;0;4.2;0.1;1.82;16.87;1.93;0;;0.0043
201:605:251:910;0;0;0;0;15.14;1.79;0;;0
201:605:252:010;0;0;0;0;13.96;1.66;0;;0
201:605:252:110;0;0;0;0;13.02;1.66;0;;0
201:605:252:210;0;0;0;0;11.86;1.66;0;;0
201:605:252:310;0;0;0;0;11.42;1.66;0;;0
201:605:260:010;0;0;0;0;10.5;1.66;0;;0
201:605:260:110;0;0;0;0;9.71;1.66;0;;0
201:605:260:210;0;0;0;0;9.38;1.59;0;;0
201:605:260:310;0;2.52;0.06;2.1;9.12;1.52;0;;0.00258
201:605:260:410;0;31.4;0.72;11.06;9.81;1.31;0;;0.03212
201:605:260:510;0;88.83;2.02;20.63;12.75;1.93;0;;0.09085
201:605:260:610;179.79;203.87;8.07;30.49;14.76;2;0;;0.39173
201:605:260:710;337.84;245.27;11.38;40.27;16.72;1.24;0;;0.59449
201:605:260:810;447.49;287.53;13.87;49.44;18.15;1.03;0;;0.74889
201:605:260:910;789.25;178.67;17.63;57.11;19.21;1.1;0;;0.98555
201:605:261:010;713.89;249.62;17.75;61.76;19.74;1.31;0;;0.98126
201:605:261:110;863.58;155.9;19.04;61.73;19.93;1.31;0;;1.03852
201:605:261:210;796.44;139.03;18.16;57.02;20.37;1.38;0;;0.95363
201:605:261:310;53.95;330.61;8.54;49.31;20.63;1.45;0;;0.3931
201:605:261:410;21.74;255.95;6.31;40.13;20.75;1.38;0;;0.284
201:605:261:510;40.83;210.64;6.05;30.35;20.63;1.31;0;;0.25752
201:605:261:610;41.66;102.69;5.46;20.49;20.07;0;0;;0.14981
201:605:261:710;0;56.22;1.37;10.92;19.2;0;0;;0.05759
201:605:261:810;0;5.87;0.14;1.97;17.78;0.9;0;;0.00601
201:605:261:910;0;0;0;0;14.75;1.59;0;;0
201:605:262:010;0;0;0;0;13.33;1.45;0;;0
201:605:262:110;0;0;0;0;12.34;1.45;0;;0
201:605:262:210;0;0;0;0;11.49;1.38;0;;0
201:605:262:310;0;0;0;0;10.83;1.38;0;;0
201:605:270:010;0;0;0;0;10.29;1.38;0;;0
201:605:270:110;0;0;0;0;9.83;1.38;0;;0
201:605:270:210;0;0;0;0;9.47;1.38;0;;0
201:605:270:310;0;2.52;0.06;2.22;8.9;1.38;0;;0.00258
201:605:270:410;1.36;62.67;1.59;11.17;9.48;1.03;0;;0.06562
201:605:270:510;72.94;136.6;5.01;20.74;12.76;0.48;0;;0.21455
201:605:270:610;240.8;178.12;8.74;30.6;16.54;0.48;0;;0.42766
201:605:270:710;442.75;194.58;12.28;40.37;18.29;1.03;0;;0.64961
201:605:270:810;511.92;254.95;14.36;49.56;19.5;1.66;0;;0.78123
201:605:270:910;793.16;173.03;17.63;57.25;20.43;1.72;0;;0.98382
201:605:271:010;417.64;378.3;15.26;61.93;21.35;1.59;0;;0.8112
201:605:271:110;566.93;310.48;16.69;61.9;22.07;1.59;0;;0.8941
201:605:271:210;620.77;233.96;16.69;57.18;22.53;1.59;0;;0.87142
201:605:271:310;616.61;144.49;15.79;49.46;22.79;1.72;0;;0.77689
201:605:271:410;391.26;153.87;12.54;40.27;22.82;1.86;0;;0.55767
201:605:271:510;88.95;201.94;7.33;30.49;22.35;1.72;0;;0.29822
201:605:271:610;0;89.72;2.04;20.63;20.14;0.83;0;;0.09176
201:605:271:710;0;58.74;1.43;11.06;19.58;0.83;0;;0.06017
201:605:271:810;0;6.71;0.16;2.12;18.62;1.03;0;;0.00687
201:605:271:910;0;0;0;0;15.82;1.1;0;;0
201:605:272:010;0;0;0;0;14.75;1.24;0;;0
201:605:272:110;0;0;0;0;13.63;1.52;0;;0
201:605:272:210;0;0;0;0;12.66;1.52;0;;0
201:605:272:310;0;0;0;0;11.9;1.45;0;;0
201:605:280:010;0;0;0;0;11.4;1.45;0;;0
201:605:280:110;0;0;0;0;11.1;1.38;0;;0
201:605:280:210;0;0;0;0;11.2;1.38;0;;0
201:605:280:310;0;1.68;0.04;2.33;11.03;1.45;0;;0.00172
201:605:280:410;0;19.74;0.45;11.27;11.64;1.24;0;;0.02019
201:605:280:510;99.6;123.03;5.41;20.84;14.88;0.62;0;;0.22804
201:605:280:610;318.96;133.41;9.42;30.69;17.88;0.69;0;;0.46179
201:605:280:710;438.32;191.02;12.16;40.48;18.93;1.17;0;;0.6415
201:605:280:810;501.86;254.1;14.2;49.67;20.23;1.72;0;;0.77016
201:605:280:910;250.01;389.32;12.73;57.38;21.19;1.93;0;;0.65206
201:605:281:010;121.48;409.4;11.2;62.08;21.9;2.34;0;;0.54208
201:605:281:110;382.68;377.86;14.89;62.07;22.11;2.34;0;;0.77543
201:605:281:210;394.56;335.85;14.59;57.34;22.33;2.41;0;;0.745
201:605:281:310;35.16;312.55;7.78;49.61;20.67;1.72;0;;0.35549
201:605:281:410;405.14;140.49;12.61;40.41;21.29;1.66;0;;0.55824
201:605:281:510;111.81;188.64;7.74;30.62;20.09;1.17;0;;0.30819
201:605:281:610;5.62;128.66;3.35;20.77;20;1.17;0;;0.13763
201:605:281:710;0;65.45;1.59;11.2;19.56;1.1;0;;0.06704
201:605:281:810;0;7.55;0.18;2.27;18.83;1.24;0;;0.00773
201:605:281:910;0;0;0;0;18.13;1.66;0;;0
201:605:282:010;0;0;0;0;16.63;1.59;0;;0
201:605:282:110;0;0;0;0;15.51;1.59;0;;0
201:605:282:210;0;0;0;0;14.96;1.45;0;;0
201:605:282:310;0;0;0;0;14.21;1.59;0;;0
201:605:290:010;0;0;0;0;13.63;1.66;0;;0
201:605:290:110;0;0;0;0;13.27;1.72;0;;0
201:605:290:210;0;0;0;0;12.93;1.72;0;;0
201:605:290:310;0;0.84;0.02;2.44;12.51;1.72;0;;0.00086
201:605:290:410;0;21.53;0.49;11.37;13.04;1.52;0;;0.02202
201:605:290:510;0;50.25;1.14;20.93;16.23;1.17;0;;0.05139
201:605:290:610;0;123.82;2.82;30.78;18.63;1.31;0;;0.12664
201:605:290:710;0;108.57;2.47;40.57;19.49;1.52;0;;0.11104
201:605:290:810;0;174.96;3.98;49.77;20.99;2;0;;0.17894
201:605:290:910;271.89;385.84;13.01;57.51;22.28;2.9;0;;0.67074
201:605:291:010;605.15;294.72;16.81;62.23;22.68;3.38;0;;0.91668
201:605:291:110;33.74;359.93;8.74;62.23;22.86;3.38;0;;0.40241
201:605:291:210;296.68;368.99;13.55;57.49;22.92;3.17;0;;0.67922
201:605:291:310;0;127.41;2.9;49.75;22.81;2.97;0;;0.13031
201:605:291:410;216.85;248.66;10.58;40.54;23.09;3.03;0;;0.47609
201:605:291:510;200.21;130.57;9.15;30.75;22.91;2.83;0;;0.33993
201:605:291:610;46.35;96.69;5.62;20.9;21.92;1.93;0;;0.14866
201:605:291:710;0;65.45;1.59;11.34;20.88;1.72;0;;0.06704
201:605:291:810;0;7.55;0.18;2.41;19.73;1.52;0;;0.00773
201:605:291:910;0;0;0;0;18.98;1.52;0;;0
201:605:292:010;0;0;0;0;17.24;1.45;0;;0
201:605:292:110;0;0;0;0;15.82;1.59;0;;0
201:605:292:210;0;0;0;0;15.95;1.31;0;;0
201:605:292:310;0;0;0;0;15.29;1.72;0;;0
201:605:300:010;0;0;0;0;14.99;1.59;0;;0
201:605:300:110;0;0;0;0;14.34;1.31;0;;0
201:605:300:210;0;0;0;0;15.69;0.69;0;;0
201:605:300:310;0;1.68;0.04;2.54;14;1.17;0;;0.00172
201:605:300:410;0;14.36;0.33;11.46;14.05;1.38;0;;0.01469
201:605:300:510;0;87.03;1.98;21.01;14.8;1.1;0;;0.08901
201:605:300:610;13.56;187.64;4.54;30.87;16.82;0.83;0;;0.20574
201:605:300:710;489.07;165.4;12.65;40.66;18.83;1.66;0;;0.66712
201:605:300:810;658.48;172.97;15.47;49.87;20.36;2.28;0;;0.84692
201:605:300:910;795.1;168.07;17.67;57.63;21.47;2.48;0;;0.98084
201:605:301:010;648.48;276.7;17.24;62.38;22.22;2.97;0;;0.94242
201:605:301:110;443.24;360.58;15.61;62.38;22.86;2.97;0;;0.81943
201:605:301:210;687.2;191.36;17.2;57.64;23.08;2.97;0;;0.89576
201:605:301:310;395.08;266.3;13.83;49.89;23.16;3.03;0;;0.67521
201:605:301:410;315.6;200.11;11.83;40.67;22.89;2.76;0;;0.52754
201:605:301:510;237.68;105.6;9.75;30.88;22.64;2.41;0;;0.35303
201:605:301:610;62.18;74.01;6.17;21.03;21.94;1.93;0;;0.14236
201:605:301:710;0;34.4;0.84;11.47;20.98;1.52;0;;0.03524
201:605:301:810;0;7.55;0.18;2.55;19.27;1.38;0;;0.00773
201:605:301:910;0;0;0;0;17.37;1.17;0;;0
201:605:302:010;0;0;0;0;16.85;1.1;0;;0
201:605:302:110;0;0;0;0;16.88;1.03;0;;0
201:605:302:210;0;0;0;0;16.43;1.03;0;;0
201:605:302:310;0;0;0;0;16.26;0.76;0;;0
201:605:310:010;0;0;0;0;15.79;0.76;0;;0
201:605:310:110;0;0;0;0;15.21;0.9;0;;0
201:605:310:210;0;0;0;0;14.18;1.1;0;;0
201:605:310:310;0;8.39;0.2;2.63;13.4;1.1;0;;0.00859
201:605:310:410;5.47;68.7;2.27;11.55;13.18;1.03;0;;0.07644
201:605:310:510;135.48;106.12;6.05;21.1;14.55;0.48;0;;0.24765
201:605:310:610;345.75;124.43;9.87;30.95;17.81;0.83;0;;0.48005
201:605:310:710;552.42;138.47;13.34;40.74;18.75;1.38;0;;0.70423
201:605:310:810;658.22;179.25;15.61;49.97;19.29;1.79;0;;0.85308
201:605:310:910;762.43;190.06;17.53;57.74;19.88;1.93;0;;0.97002
201:605:311:010;134.13;418.26;11.6;62.51;20.44;2;0;;0.56399
201:605:311:110;373.09;389.36;15.02;62.53;20.48;2.21;0;;0.77747
201:605:311:210;806.81;131.94;18.39;57.78;20.63;2.41;0;;0.95714
201:605:311:310;623.66;142.88;16.02;50.02;20.7;2.34;0;;0.78256
201:605:311:410;431.24;132.43;13.12;40.8;20.78;2.28;0;;0.57679
201:605:311:510;240.69;106.24;9.87;31.01;20.42;1.86;0;;0.3568
201:605:311:610;65.52;72.36;6.35;21.15;20.12;1.59;0;;0.14423
201:605:311:710;0;54.54;1.33;11.6;19.62;1.52;0;;0.05587
201:605:311:810;0;9.23;0.22;2.68;18.6;1.45;0;;0.00945
201:605:311:910;0;0;0;0;16.78;1.17;0;;0
201:605:312:010;0;0;0;0;15.59;1.1;0;;0
201:605:312:110;0;0;0;0;15.61;0.9;0;;0
201:605:312:210;0;0;0;0;14.81;0.97;0;;0
201:605:312:310;0;0;0;0;13.76;1.1;0;;0
201:606:010:010;0;0;0;0;12.98;1.17;0;;0
201:606:010:110;0;0;0;0;12.11;1.24;0;;0
201:606:010:210;0;0;0;0;11.22;1.31;0;;0
201:606:010:310;0;5.03;0.12;2.72;10.51;1.38;0;;0.00515
201:606:010:410;8.78;63.25;2.57;11.63;10.98;1.24;0;;0.0746
201:606:010:510;103.81;124.28;5.62;21.17;14.13;0.97;0;;0.23371
201:606:010:610;272.48;162.78;9.17;31.02;16.32;1.38;0;;0.44443
201:606:010:710;485.65;170.12;12.73;40.82;17.68;1.66;0;;0.6685
201:606:010:810;169.17;357.02;10.81;50.06;18.47;2;0;;0.537
201:606:010:910;214.75;398.14;12.4;57.85;19.28;2.41;0;;0.62529
201:606:011:010;115.1;412.99;11.2;62.64;19.66;2.55;0;;0.53929
201:606:011:110;203.57;419.07;12.83;62.67;19.78;2.48;0;;0.63547
201:606:011:210;0;131;2.98;57.92;19.96;2.48;0;;0.13398
201:606:011:310;0;96;2.19;50.15;17.06;1.93;0;;0.09819
201:606:011:410;109.13;287.4;9.01;40.92;16.91;1.59;0;;0.40554
201:606:011:510;162.93;162.51;8.76;31.13;17.04;1.24;0;;0.3342
201:606:011:610;56.25;86.74;6.05;21.28;16.64;1.24;0;;0.14904
201:606:011:710;0;62.93;1.53;11.73;16.39;1.24;0;;0.06446
201:606:011:810;0;5.87;0.14;2.81;15.79;1.1;0;;0.00601
201:606:011:910;0;0;0;0;13.64;0.97;0;;0
201:606:012:010;0;0;0;0;12.75;0.76;0;;0
201:606:012:110;0;0;0;0;11.48;1.24;0;;0
201:606:012:210;0;0;0;0;10.71;1.45;0;;0
201:606:012:310;0;0;0;0;10.47;1.38;0;;0
201:606:020:010;0;0;0;0;10.15;1.38;0;;0
201:606:020:110;0;0;0;0;10.31;1.24;0;;0
201:606:020:210;0;0;0;0;10;1.31;0;;0
201:606:020:310;0;10.07;0.25;2.81;10.04;1.31;0;;0.01032
201:606:020:410;0.37;55.38;1.31;11.71;10.96;1.03;0;;0.05706
201:606:020:510;0;52.04;1.18;21.24;13.15;0.55;0;;0.05322
201:606:020:610;112.32;219.79;7.19;31.09;14.38;0.41;0;;0.3393
201:606:020:710;50.56;279.06;7.21;40.89;15.87;0.34;0;;0.33683
201:606:020:810;120.61;352.07;9.93;50.14;16.76;0.62;0;;0.48261
201:606:020:910;0;202.77;4.62;57.95;17.86;0.97;0;;0.20739
201:606:021:010;3.31;282.93;6.5;62.77;18.68;1.03;0;;0.29274
201:606:021:110;166.51;417.48;12.2;62.81;19.14;0.9;0;;0.59619
201:606:021:210;96.52;385.56;10.44;58.05;19.13;0.83;0;;0.49252
201:606:021:310;61.01;335.54;8.81;50.27;18.31;0.9;0;;0.40536
201:606:021:410;39.47;275.68;7.17;41.04;18.73;0.97;0;;0.32232
201:606:021:510;57.15;214.39;6.66;31.25;17.52;0.62;0;;0.2782
201:606:021:610;2.54;121.09;2.94;21.4;16.91;0.62;0;;0.12657
201:606:021:710;0;69.64;1.7;11.85;16.46;0.62;0;;0.07134
201:606:021:810;0;12.59;0.31;2.94;16.02;0.48;0;;0.0129
201:606:021:910;0;0;0;0;13.93;0.48;0;;0
201:606:022:010;0;0;0;0;13.82;0.21;0;;0
201:606:022:110;0;0;0;0;13.57;0.21;0;;0
201:606:022:210;0;0;0;0;13.15;0.55;0;;0
201:606:022:310;0;0;0;0;12.85;0.41;0;;0
201:606:030:010;0;0;0;0;12.5;0.14;0;;0
201:606:030:110;0;0;0;0;11.99;0.34;0;;0
201:606:030:210;0;0;0;0;11.81;0.62;0;;0
201:606:030:310;0;5.03;0.12;2.88;10.29;0.76;0;;0.00515
201:606:030:410;0;21.53;0.49;11.77;11.05;0.41;0;;0.02202
201:606:030:510;87.9;131.32;5.37;21.31;12.56;0.21;0;;0.22459
201:606:030:610;264.2;165.06;9.09;31.15;14.37;0.14;0;;0.43835
201:606:030:710;500.3;158.72;12.83;40.96;16.42;0.41;0;;0.67185
201:606:030:810;624.92;191.63;15.32;50.21;17.26;0.48;0;;0.83187
201:606:030:910;588.9;278.05;16.22;58.04;18.3;0.76;0;;0.88317
201:606:031:010;711.64;242.39;17.8;62.88;18.85;0.97;0;;0.97183
201:606:031:110;425.39;367.46;15.51;62.94;19.23;1.03;0;;0.80836
201:606:031:210;357.55;354.74;14.4;58.18;19.56;0.83;0;;0.72669
201:606:031:310;291.05;314.57;12.83;50.39;19.76;1.03;0;;0.61845
201:606:031:410;0;120.23;2.74;41.16;19.69;1.24;0;;0.12297
201:606:031:510;108.14;197.34;7.87;31.36;19.72;1.03;0;;0.31335
201:606:031:610;35.95;119.05;5.35;21.51;19.52;0.76;0;;0.16035
201:606:031:710;0;33.56;0.82;11.97;19.12;0.62;0;;0.03438
201:606:031:810;0;3.36;0.08;3.06;18.02;0.83;0;;0.00344
201:606:031:910;0;0;0;0;15.81;1.1;0;;0
201:606:032:010;0;0;0;0;15.01;0.97;0;;0
201:606:032:110;0;0;0;0;14.69;0.9;0;;0
201:606:032:210;0;0;0;0;14.5;0.83;0;;0
201:606:032:310;0;0;0;0;13.75;0.9;0;;0
201:606:040:010;0;0;0;0;13.02;1.03;0;;0
201:606:040:110;0;0;0;0;12.6;1.03;0;;0
201:606:040:210;0;0;0;0;12.35;1.03;0;;0
201:606:040:310;0;10.07;0.25;2.96;11.81;1.03;0;;0.01032
201:606:040:410;0;25.12;0.57;11.84;12.46;0.69;0;;0.02569
201:606:040:510;0;78.06;1.78;21.36;14.6;0.41;0;;0.07984
201:606:040:610;238.66;177.5;8.85;31.21;16.55;0.41;0;;0.42501
201:606:040:710;374.44;224.4;11.81;41.02;17.56;0.62;0;;0.61065
201:606:040:810;547.36;231.92;14.73;50.28;18.57;0.55;0;;0.79401
201:606:040:910;437.41;342.17;14.91;58.13;19.21;0.69;0;;0.79449
201:606:041:010;164.16;418.91;12.12;62.99;19.65;0.62;0;;0.59519
201:606:041:110;65.77;391.65;9.99;63.06;19.92;0.69;0;;0.46741
201:606:041:210;53.82;366.3;9.28;58.3;20.6;0.62;0;;0.4294
201:606:041:310;48.28;329.83;8.44;50.51;20.9;0.55;0;;0.38655
201:606:041:410;112.09;287.36;9.09;41.27;21.11;0.34;0;;0.40854
201:606:041:510;69.11;213.03;7.01;31.47;20.84;0.28;0;;0.28915
201:606:041:610;2.87;126.33;3.09;21.62;19.39;0.48;0;;0.13229
201:606:041:710;0;61.25;1.49;12.08;18.69;0.28;0;;0.06274
201:606:041:810;0;11.75;0.29;3.18;18.1;0.21;0;;0.01204
201:606:041:910;0;0;0;0;17.58;0.34;0;;0
201:606:042:010;0;0;0;0;17.16;0.41;0;;0
201:606:042:110;0;0;0;0;16.5;0.62;0;;0
201:606:042:210;0;0;0;0;15.33;0.97;0;;0
201:606:042:310;0;0;0;0;14.15;0.97;0;;0
201:606:050:010;0;0;0;0;12.9;1.1;0;;0
201:606:050:110;0;0;0;0;12.31;1.17;0;;0
201:606:050:210;0;0;0;0;11.44;1.17;0;;0
201:606:050:310;0;1.68;0.04;3.02;11.38;0.97;0;;0.00172
201:606:050:410;0;17.94;0.41;11.9;12.57;0.9;0;;0.01835
201:606:050:510;0;39.48;0.9;21.42;14.99;0.83;0;;0.04038
201:606:050:610;0;38.58;0.88;31.26;17.1;0.83;0;;0.03946
201:606:050:710;0;61.01;1.39;41.07;18.43;0.21;0;;0.0624
201:606:050:810;0;192.91;4.39;50.34;19.13;0.14;0;;0.1973
201:606:050:910;0;183.04;4.17;58.21;20.35;0.21;0;;0.18721
201:606:051:010;127.64;415.27;11.46;63.1;21.09;0.28;0;;0.55437
201:606:051:110;415.67;371.37;15.45;63.18;21.5;0.34;0;;0.80249
201:606:051:210;243.95;386.33;13.06;58.42;22.03;0.41;0;;0.64334
201:606:051:310;48.22;330.72;8.46;50.62;21.62;0.69;0;;0.3874
201:606:051:410;102.55;288.69;8.91;41.38;21.41;0.69;0;;0.40015
201:606:051:510;2.01;158.76;3.68;31.58;20.35;1.1;0;;0.16445
201:606:051:610;39.1;117.28;5.52;21.73;19.37;0.83;0;;0.1619
201:606:051:710;0;26.85;0.65;12.19;18.93;0.97;0;;0.0275
201:606:051:810;0;1.68;0.04;3.29;18;1.52;0;;0.00172
201:606:051:910;0;0;0;0;16.65;1.52;0;;0
201:606:052:010;0;0;0;0;14.86;1.59;0;;0
201:606:052:110;0;0;0;0;13.38;1.59;0;;0
201:606:052:210;0;0;0;0;12.35;1.52;0;;0
201:606:052:310;0;0;0;0;11.38;1.59;0;;0
201:606:060:010;0;0;0;0;10.63;1.66;0;;0
201:606:060:110;0;0;0;0;10.16;1.66;0;;0
201:606:060:210;0;0;0;0;9.7;1.66;0;;0
201:606:060:310;0;3.36;0.08;3.08;9.32;1.72;0;;0.00344
201:606:060:410;0.35;57.16;1.35;11.95;10.46;1.52;0;;0.05886
201:606:060:510;28.95;147.27;4.15;21.47;14.32;1.24;0;;0.18037
201:606:060:610;273.54;164.91;9.34;31.31;16.78;1.79;0;;0.44779
201:606:060:710;523.45;152.58;13.22;41.12;18.54;2;0;;0.68925
201:606:060:810;715.51;150.44;16.26;50.4;19.34;2.69;0;;0.88221
201:606:060:910;785.14;178.74;17.88;58.28;19.84;2.83;0;;0.98176
201:606:061:010;833.01;182.82;18.92;63.19;20.22;2.97;0;;1.03475
201:606:061:110;849.71;162.59;19.23;63.29;20.47;3.03;0;;1.03153
201:606:061:210;736.17;172.37;17.94;58.53;20.55;3.03;0;;0.92648
201:606:061:310;602.09;158.03;16;50.73;20.4;3.03;0;;0.77612
201:606:061:410;437.07;133.69;13.38;41.48;20.12;2.9;0;;0.58414
201:606:061:510;247.24;106.6;10.13;31.68;19.62;2.83;0;;0.36397
201:606:061:610;70.78;72.72;6.62;21.83;18.76;2.62;0;;0.15012
201:606:061:710;0;57.06;1.39;12.3;17.65;2.34;0;;0.05845
201:606:061:810;0;15.1;0.37;3.4;16.18;2.14;0;;0.01547
201:606:061:910;0;0;0;0;14.95;2;0;;0
201:606:062:010;0;0;0;0;13.2;1.79;0;;0
201:606:062:110;0;0;0;0;11.45;1.66;0;;0
201:606:062:210;0;0;0;0;10.59;1.52;0;;0
201:606:062:310;0;0;0;0;9.92;1.45;0;;0
201:606:070:010;0;0;0;0;9.11;1.45;0;;0
201:606:070:110;0;0;0;0;8.6;1.38;0;;0
201:606:070:210;0;0;0;0;7.85;1.38;0;;0
201:606:070:310;0;10.07;0.25;3.14;7.31;1.45;0;;0.01032
201:606:070:410;11.51;59.39;2.94;12;8.13;1.17;0;;0.07384
201:606:070:510;157.53;94.83;6.54;21.51;11.38;0.83;0;;0.2589
201:606:070:610;346.79;126.26;10.09;31.35;14.17;0.97;0;;0.48314
201:606:070:710;529.82;151.54;13.34;41.16;15.38;0.62;0;;0.6947
201:606:070:810;694.89;163.93;16.16;50.45;16.44;0.76;0;;0.87498
201:606:070:910;794.06;178.81;18.06;58.35;17.35;0.9;0;;0.99093
201:606:071:010;841.92;181.79;19.08;63.28;18.22;1.03;0;;1.04279
201:606:071:110;859.52;161.54;19.41;63.4;18.9;1.1;0;;1.04047
201:606:071:210;718.88;187.63;17.92;58.64;19.55;1.17;0;;0.92443
201:606:071:310;588.95;170.82;16;50.83;20;1.24;0;;0.77577
201:606:071:410;437.49;136.42;13.46;41.58;20.08;1.24;0;;0.58737
201:606:071:510;248.44;108.21;10.22;31.78;20.06;1.52;0;;0.36687
201:606:071:610;71.71;74.06;6.7;21.93;19.63;1.66;0;;0.15247
201:606:071:710;0;56.22;1.37;12.4;18.53;1.31;0;;0.05759
201:606:071:810;0;15.94;0.39;3.51;16.93;1.24;0;;0.01633
201:606:071:910;0;0;0;0;15.89;1.1;0;;0
201:606:072:010;0;0;0;0;13.5;1.45;0;;0
201:606:072:110;0;0;0;0;12.1;1.52;0;;0
201:606:072:210;0;0;0;0;11.06;1.52;0;;0
201:606:072:310;0;0;0;0;10.58;1.38;0;;0
201:606:080:010;0;0;0;0;10.44;1.24;0;;0
201:606:080:110;0;0;0;0;10.35;1.1;0;;0
201:606:080:210;0;0;0;0;10.6;1.03;0;;0
201:606:080:310;0;10.91;0.27;3.18;10.71;0.97;0;;0.01118
201:606:080:410;11;60.47;2.92;12.04;10.55;0.83;0;;0.07439
201:606:080:510;156.97;92.95;6.5;21.54;11.85;0.41;0;;0.25642
201:606:080:610;334.67;129.87;9.93;31.38;14.34;0.69;0;;0.47447
201:606:080:710;512.27;157.24;13.14;41.2;15.61;1.17;0;;0.68265
201:606:080:810;684.17;165.71;16.02;50.5;16.71;1.38;0;;0.8659
201:606:080:910;769.99;185.74;17.77;58.41;18;1.31;0;;0.9735
201:606:081:010;507.68;351.05;16.43;63.37;18.33;1.24;0;;0.87516
201:606:081:110;445.42;368.39;15.94;63.5;19.58;1.24;0;;0.82975
201:606:081:210;80.37;388.2;10.24;58.74;20.18;1.31;0;;0.47881
201:606:081:310;227.86;343.15;12.24;50.93;20.05;1.31;0;;0.58325
201:606:081:410;0;0;0;0;20.33;1.24;0;;0
201:606:081:510;240.98;112;10.07;31.87;20.23;1.03;0;;0.36305
201:606:081:610;65.51;83.55;6.5;22.03;19.9;0.83;0;;0.15556
201:606:081:710;0;62.93;1.53;12.5;19.36;1.03;0;;0.06446
201:606:081:810;0;16.78;0.41;3.61;17.91;1.24;0;;0.01719
201:606:081:910;0;0;0;0;16.81;1.03;0;;0
201:606:082:010;0;0;0;0;17.11;0.83;0;;0
201:606:082:110;0;0;0;0;16.31;0.69;0;;0
201:606:082:210;0;0;0;0;15.67;0.62;0;;0
201:606:082:310;0;0;0;0;15.33;0.41;0;;0
201:606:090:010;0;0;0;0;14.98;0.48;0;;0
201:606:090:110;0;0;0;0;14.64;0.62;0;;0
201:606:090:210;0;0;0;0;14.16;0.62;0;;0
201:606:090:310;0;7.55;0.18;3.23;13.68;0.69;0;;0.00773
201:606:090:410;14.74;48.65;3.17;12.07;13.44;0.69;0;;0.06656
201:606:090:510;126.32;111.32;6.07;21.57;13.85;0.28;0;;0.24371
201:606:090:610;297.16;147.61;9.52;31.41;17.68;0.62;0;;0.45429
201:606:090:710;456.36;184.43;12.63;41.23;18.57;0.9;0;;0.65342
201:606:090:810;627.98;190.86;15.49;50.54;19.52;1.1;0;;0.83433
201:606:090:910;80.32;384.06;10.01;58.46;20.37;1.45;0;;0.47439
201:606:091:010;0;139.97;3.19;63.44;21.3;1.59;0;;0.14316
201:606:091:110;0;105.87;2.41;63.59;21.26;1.79;0;;0.10828
201:606:091:210;5.15;286.64;6.62;58.84;21.21;1.79;0;;0.29841
201:606:091:310;12.49;286.24;6.76;51.03;19.27;1.17;0;;0.30549
201:606:091:410;2.55;210.95;4.86;41.77;18.35;1.24;0;;0.21836
201:606:091:510;72.94;217.28;7.23;31.97;18.05;0.83;0;;0.29745
201:606:091:610;74.9;70.04;6.76;22.12;17.92;0.28;0;;0.1517
201:606:091:710;0;29.37;0.72;12.59;17.55;0.48;0;;0.03009
201:606:091:810;0;15.1;0.37;3.7;17.21;0.83;0;;0.01547
201:606:091:910;0;0;0;0;15.77;1.17;0;;0
201:606:092:010;0;0;0;0;14.35;1.31;0;;0
201:606:092:110;0;0;0;0;13.39;1.24;0;;0
201:606:092:210;0;0;0;0;12.61;1.24;0;;0
201:606:092:310;0;0;0;0;12.07;1.31;0;;0
201:606:100:010;0;0;0;0;12.09;1.17;0;;0
201:606:100:110;0;0;0;0;11.87;1.1;0;;0
201:606:100:210;0;0;0;0;11.73;1.03;0;;0
201:606:100:310;0;1.68;0.04;3.26;11.48;1.03;0;;0.00172
201:606:100:410;0;23.33;0.53;12.1;11.74;0.9;0;;0.02386
201:606:100:510;0;87.93;2;21.6;13.68;0.34;0;;0.08993
201:606:100:610;2.82;158.97;3.68;31.44;15.04;0.69;0;;0.16547
201:606:100:710;13.49;241.68;5.74;41.26;16.47;0.62;0;;0.26091
201:606:100:810;649.98;175.37;15.61;50.57;17.51;0.97;0;;0.84096
201:606:100:910;0;0;0;0;18.76;1.66;0;;0
201:606:101:010;21.89;346.89;8.25;63.51;19.09;2.07;0;;0.37703
201:606:101:110;0;194.7;4.43;63.68;19;2.14;0;;0.19913
201:606:101:210;166.64;398.17;11.97;58.93;19.13;2.14;0;;0.57678
201:606:101:310;159.33;352.74;11.11;51.12;19.27;2.28;0;;0.52318
201:606:101:410;370.13;174.02;12.69;41.86;19.29;2.21;0;;0.55684
201:606:101:510;66.91;219.29;7.09;32.05;19.48;2.14;0;;0.29329
201:606:101:610;45.46;114.05;5.82;22.21;19.04;1.93;0;;0.16533
201:606:101:710;0;71.32;1.74;12.68;18.53;1.31;0;;0.07306
201:606:101:810;0;15.94;0.39;3.79;17.51;1.24;0;;0.01633
201:606:101:910;0;0;0;0;14.72;0.9;0;;0
201:606:102:010;0;0;0;0;13.42;0.83;0;;0
201:606:102:110;0;0;0;0;13.33;0.48;0;;0
201:606:102:210;0;0;0;0;12.95;0.48;0;;0
201:606:102:310;0;0;0;0;12.46;0.69;0;;0
201:606:110:010;0;0;0;0;11.42;0.9;0;;0
201:606:110:110;0;0;0;0;10.69;1.03;0;;0
201:606:110:210;0;0;0;0;9.67;1.17;0;;0
201:606:110:310;0;1.68;0.04;3.29;9.12;0.76;0;;0.00172
201:606:110:410;0;26.92;0.61;12.13;11.12;0.41;0;;0.02753
201:606:110:510;0;61.91;1.41;21.62;13.32;0.34;0;;0.06332
201:606:110:610;0;51.14;1.16;31.45;15.69;0.14;0;;0.0523
201:606:110:710;2.07;198.44;4.56;41.28;15.53;1.1;0;;0.20507
201:606:110:810;16.23;287.86;6.82;50.6;16.02;0.97;0;;0.31091
201:606:110:910;102.13;390.39;10.5;58.55;15.98;0.97;0;;0.50302
201:606:111:010;64.52;391.71;9.95;63.57;16.67;0.69;0;;0.46618
201:606:111:110;29.98;360.28;8.7;63.76;17.77;0.48;0;;0.39896
201:606:111:210;41.11;358.53;8.89;59.02;17.81;0.69;0;;0.40853
201:606:111:310;148.68;352.76;10.91;51.2;18.47;1.1;0;;0.51235
201:606:111:410;87.59;292.35;8.66;41.94;18.37;1.45;0;;0.3886
201:606:111:510;60.89;219.52;6.91;32.14;18.22;1.24;0;;0.28732
201:606:111:610;4.6;134.67;3.39;22.29;18.2;1.1;0;;0.14266
201:606:111:710;0;46.99;1.14;12.76;17.83;1.03;0;;0.04813
201:606:111:810;0;15.1;0.37;3.88;16.83;1.1;0;;0.01547
201:606:111:910;0;0;0;0;15.46;1.1;0;;0
201:606:112:010;0;0;0;0;14.55;1.1;0;;0
201:606:112:110;0;0;0;0;13.88;1.17;0;;0
201:606:112:210;0;0;0;0;13.35;1.1;0;;0
201:606:112:310;0;0;0;0;13.26;0.83;0;;0
201:606:120:010;0;0;0;0;12.94;0.9;0;;0
201:606:120:110;0;0;0;0;12.26;1.1;0;;0
201:606:120:210;0;0;0;0;11.95;1.17;0;;0
201:606:120:310;0;1.68;0.04;3.32;11.53;1.17;0;;0.00172
201:606:120:410;1.77;69.1;1.84;12.15;11.94;0.83;0;;0.07271
201:606:120:510;0;32.3;0.74;21.64;13.23;0.41;0;;0.03304
201:606:120:610;0;122.92;2.8;31.47;14.22;0.55;0;;0.12572
201:606:120:710;22.78;256.98;6.25;41.29;15.47;0.14;0;;0.28601
201:606:120:810;35.67;316.15;7.78;50.62;16.35;0.41;0;;0.3596
201:606:120:910;32.92;344.64;8.38;58.59;17.54;0.76;0;;0.38594
201:606:121:010;30.59;359.58;8.68;63.63;18.01;0.83;0;;0.39885
201:606:121:110;25.68;354.39;8.5;63.83;19.14;0.69;0;;0.38857
201:606:121:210;315.35;369.96;14.04;59.1;19.55;0.34;0;;0.69935
201:606:121:310;0;186.62;4.25;51.28;19.88;0.07;0;;0.19087
201:606:121:410;1.7;198.35;4.56;42.02;19.38;0.34;0;;0.20461
201:606:121:510;2.01;163.25;3.78;32.22;18.07;0.62;0;;0.16904
201:606:121:610;1.98;124.05;2.96;22.37;17.18;1.1;0;;0.12899
201:606:121:710;0;73.84;1.8;12.84;16.54;0.69;0;;0.07564
201:606:121:810;0;18.46;0.45;3.96;16.22;0.41;0;;0.01891
201:606:121:910;0;0;0;0;14.97;0.62;0;;0
201:606:122:010;0;0;0;0;13.74;0.83;0;;0
201:606:122:110;0;0;0;0;12.82;0.97;0;;0
201:606:122:210;0;0;0;0;12.15;1.03;0;;0
201:606:122:310;0;0;0;0;11.6;1.1;0;;0
201:606:130:010;0;0;0;0;11.23;1.17;0;;0
201:606:130:110;0;0;0;0;11.22;1.17;0;;0
201:606:130:210;0;0;0;0;10.76;1.24;0;;0
201:606:130:310;0;1.68;0.04;3.34;10.34;1.24;0;;0.00172
201:606:130:410;0;41.27;0.94;12.16;11.31;0.9;0;;0.04221
201:606:130:510;6.53;125.6;3.04;21.65;13.89;0.62;0;;0.13517
201:606:130:610;53.38;220.28;6.09;31.48;15.88;0.55;0;;0.27975
201:606:130:710;190.27;287.76;9.89;41.3;17.6;0.28;0;;0.48792
201:606:130:810;131.76;354.73;10.22;50.63;18.75;0.34;0;;0.49671
201:606:130:910;326.73;377.24;13.87;58.62;19.16;0.41;0;;0.71784
201:606:131:010;671.53;261.88;17.61;63.68;19.83;0.48;0;;0.95102
201:606:131:110;261.95;413.1;13.75;63.9;19.18;0.76;0;;0.6888
201:606:131:210;193.01;396.03;12.4;59.17;19.73;0.9;0;;0.60144
201:606:131:310;61.32;340.79;8.95;51.36;19.04;0.34;0;;0.41106
201:606:131:410;0;140.87;3.21;42.1;17.83;0.28;0;;0.14408
201:606:131:510;0;45.76;1.04;32.29;17.67;0.21;0;;0.0468
201:606:131:610;0;50.25;1.14;22.45;17.6;0.48;0;;0.05139
201:606:131:710;0;72.16;1.76;12.92;16.94;0.21;0;;0.07392
201:606:131:810;0;3.36;0.08;4.03;16.55;0.48;0;;0.00344
201:606:131:910;0;0;0;0;15.57;0.55;0;;0
201:606:132:010;0;0;0;0;14.53;0.76;0;;0
201:606:132:110;0;0;0;0;13.99;0.76;0;;0
201:606:132:210;0;0;0;0;13.23;0.9;0;;0
201:606:132:310;0;0;0;0;11.93;1.17;0;;0
201:606:140:010;0;0;0;0;11.21;1.24;0;;0
201:606:140:110;0;0;0;0;10.47;1.31;0;;0
201:606:140:210;0;0;0;0;9.83;1.38;0;;0
201:606:140:310;0;4.2;0.1;3.35;9.22;1.38;0;;0.0043
201:606:140:410;0;31.4;0.72;12.17;10.92;0.97;0;;0.03212
201:606:140:510;0.72;102.28;2.35;21.65;13.76;0.9;0;;0.10535
201:606:140:610;37.4;214.52;5.64;31.48;15.76;0.97;0;;0.25756
201:606:140:710;503.06;152.27;12.95;41.31;17.43;1.79;0;;0.66828
201:606:140:810;680.94;157.57;15.9;50.65;18.49;1.86;0;;0.85441
201:606:140:910;748.34;186.83;17.49;58.64;19.94;2.21;0;;0.95266
201:606:141:010;356.85;395.05;14.81;63.72;20.51;2.34;0;;0.76671
201:606:141:110;838.86;158.55;19.06;63.96;21.06;2.48;0;;1.01647
201:606:141:210;706;180.61;17.61;59.24;21.19;2.55;0;;0.90422
201:606:141:310;480.82;225.14;14.91;51.43;21.32;2.48;0;;0.72087
201:606:141:410;264.22;236.49;11.54;42.17;21.11;2.21;0;;0.51225
201:606:141:510;93.74;211.17;7.74;32.36;20.02;1.72;0;;0.31265
201:606:141:610;82.23;65.6;7.01;22.52;19.57;1.24;0;;0.15484
201:606:141:710;0;62.93;1.53;12.99;18.84;0.83;0;;0.06446
201:606:141:810;0;19.3;0.47;4.1;18.37;0.97;0;;0.01977
201:606:141:910;0;0;0;0;16.37;0.9;0;;0
201:606:142:010;0;0;0;0;15.62;0.9;0;;0
201:606:142:110;0;0;0;0;15.36;0.83;0;;0
201:606:142:210;0;0;0;0;14.73;0.83;0;;0
201:606:142:310;0;0;0;0;13.82;0.97;0;;0
201:606:150:010;0;0;0;0;12.71;1.03;0;;0
201:606:150:110;0;0;0;0;12.29;1.03;0;;0
201:606:150:210;0;0;0;0;11.82;1.03;0;;0
201:606:150:310;0;1.68;0.04;3.36;11.24;1.03;0;;0.00172
201:606:150:410;0;25.12;0.57;12.17;12.2;0.76;0;;0.02569
201:606:150:510;0;70.88;1.61;21.65;14.16;0.21;0;;0.07249
201:606:150:610;0;108.57;2.47;31.48;16.8;0.55;0;;0.11104
201:606:150:710;340.55;236.31;11.56;41.31;17.81;0.97;0;;0.58842
201:606:150:810;127.25;354.15;10.13;50.65;19.07;2.07;0;;0.49153
201:606:150:910;101.84;389.35;10.48;58.66;16.89;2.14;0;;0.50167
201:606:151:010;109.07;410.82;11.09;63.75;17.84;1.93;0;;0.53098
201:606:151:110;0;190.21;4.33;64.01;15.99;2.14;0;;0.19454
201:606:151:210;332.35;364.38;14.24;59.3;15.51;1.79;0;;0.71097
201:606:151:310;1.92;242.37;5.56;51.49;15.5;1.17;0;;0.24985
201:606:151:410;0;82.55;1.88;42.23;16.93;1.17;0;;0.08443
201:606:151:510;0;81.65;1.86;32.43;16.61;1.45;0;;0.08351
201:606:151:610;4.01;134.07;3.33;22.58;15.57;1.45;0;;0.14141
201:606:151:710;0;72.16;1.76;13.06;14.82;1.17;0;;0.07392
201:606:151:810;0;16.78;0.41;4.17;14.72;1.17;0;;0.01719
201:606:151:910;0;0;0;0;14.24;1.24;0;;0
201:606:152:010;0;0;0;0;13.53;1.38;0;;0
201:606:152:110;0;0;0;0;12.49;1.45;0;;0
201:606:152:210;0;0;0;0;11.76;1.31;0;;0
201:606:152:310;0;0;0;0;11.27;1.03;0;;0
201:606:160:010;0;0;0;0;11.11;0.83;0;;0
201:606:160:110;0;0;0;0;10.87;0.62;0;;0
201:606:160:210;0;0;0;0;10.81;0.48;0;;0
201:606:160:310;0;6.71;0.16;3.36;10.62;0.69;0;;0.00687
201:606:160:410;0.15;50.13;1.16;12.17;10.79;0.9;0;;0.05144
201:606:160:510;27.35;144.29;4.07;21.64;12.09;0.83;0;;0.17571
201:606:160:610;177.18;201.14;8.21;31.47;13.78;0.83;0;;0.38653
201:606:160:710;391.82;211.79;12.03;41.3;16.04;1.66;0;;0.61564
201:606:160:810;0;189.32;4.31;50.65;17.85;2.9;0;;0.19363
201:606:160:910;0;225.21;5.13;58.67;18.82;3.45;0;;0.23034
201:606:161:010;168.99;419.91;12.26;63.78;18.97;4.07;0;;0.60116
201:606:161:110;45.91;379.21;9.4;64.06;19.41;3.38;0;;0.43452
201:606:161:210;25.64;339.79;8.19;59.36;19.43;2.9;0;;0.37362
201:606:161:310;69.88;345.14;9.21;51.56;20.42;3.66;0;;0.42423
201:606:161:410;52.67;287.91;7.76;42.29;21.43;4.69;0;;0.34834
201:606:161:510;19.44;210.26;5.39;32.49;21.38;3.79;0;;0.23509
201:606:161:610;24.53;141.96;4.94;22.64;21.53;3.72;0;;0.17143
201:606:161:710;0;72.16;1.76;13.12;21.04;2.97;0;;0.07392
201:606:161:810;0;20.14;0.49;4.23;20.35;2.55;0;;0.02063
201:606:161:910;0;0;0;0;18.9;2.55;0;;0
201:606:162:010;0;0;0;0;18.09;2.34;0;;0
201:606:162:110;0;0;0;0;17.12;2.07;0;;0
201:606:162:210;0;0;0;0;16.36;2;0;;0
201:606:162:310;0;0;0;0;16.23;2.07;0;;0
201:606:170:010;0;0;0;0;16.27;2.14;0;;0
201:606:170:110;0;0;0;0;16.19;2.28;0;;0
201:606:170:210;0;0;0;0;15.76;2.07;0;;0
201:606:170:310;0;10.91;0.27;3.36;15.13;1.86;0;;0.01118
201:606:170:410;1.46;68.34;1.8;12.16;15.4;1.66;0;;0.0716
201:606:170:510;30.87;145.14;4.19;21.63;17.44;1.66;0;;0.1802
201:606:170:610;8.38;180.87;4.29;31.46;19.62;2.07;0;;0.19354
201:606:170:710;396.68;207.92;12.05;41.29;20.87;2.76;0;;0.61665
201:606:170:810;6.46;258.09;5.99;50.64;21.1;3.52;0;;0.27054
201:606:170:910;0;92.42;2.1;58.67;22.46;4.55;0;;0.09452
201:606:171:010;30.52;358.65;8.66;63.8;20.56;5.03;0;;0.39783
201:606:171:110;53.37;384.58;9.64;64.1;21.47;3.52;0;;0.44759
201:606:171:210;283.99;377.73;13.65;59.41;20.2;3.72;0;;0.67537
201:606:171:310;110.08;353.12;10.17;51.61;19.91;3.38;0;;0.47337
201:606:171:410;63.72;290.25;8.07;42.35;19.8;3.38;0;;0.36204
201:606:171:510;33.54;220.54;6.07;32.55;19.69;3.24;0;;0.26015
201:606:171:610;3.04;129.98;3.17;22.7;19.22;2.48;0;;0.13619
201:606:171:710;0;28.53;0.69;13.17;18.7;1.93;0;;0.02922
201:606:171:810;0;5.03;0.12;4.28;17.63;1.66;0;;0.00515
201:606:171:910;0;0;0;0;16.44;1.38;0;;0
201:606:172:010;0;0;0;0;14.71;1.31;0;;0
201:606:172:110;0;0;0;0;13.89;1.24;0;;0
201:606:172:210;0;0;0;0;13.65;1.1;0;;0
201:606:172:310;0;0;0;0;13.37;1.03;0;;0
201:606:180:010;0;0;0;0;12.79;1.03;0;;0
201:606:180:110;0;0;0;0;12.33;1.1;0;;0
201:606:180:210;0;0;0;0;11.76;1.1;0;;0
201:606:180:310;0;14.26;0.35;3.35;11.32;1.1;0;;0.01461
201:606:180:410;12.97;47.5;3.25;12.15;11.9;0.83;0;;0.06372
201:606:180:510;168.36;82.72;6.74;21.62;13.58;0.28;0;;0.25782
201:606:180:610;352.66;117.4;10.19;31.44;17.06;0.41;0;;0.48025
201:606:180:710;536.46;141.33;13.42;41.27;18.26;0.69;0;;0.69121
201:606:180:810;696.56;155.56;16.18;50.63;19.17;1.03;0;;0.8683
201:606:180:910;799.43;167.22;18.08;58.67;19.84;1.59;0;;0.98473
201:606:181:010;861.87;165.07;19.27;63.82;20.21;1.66;0;;1.04621
201:606:181:110;651.02;274.13;17.82;64.13;20.78;1.59;0;;0.94297
201:606:181:210;737.06;171.62;18.06;59.46;21.13;1.52;0;;0.92674
201:606:181:310;614.51;153.52;16.26;51.66;21.34;1.45;0;;0.78429
201:606:181:410;455.44;127.62;13.75;42.4;21.32;1.45;0;;0.59681
201:606:181:510;255.77;108.24;10.42;32.6;21.2;1.31;0;;0.37443
201:606:181:610;79.7;74.24;6.97;22.75;20.87;1.17;0;;0.16091
201:606:181:710;0;65.45;1.59;13.22;20.26;0.97;0;;0.06704
201:606:181:810;0;20.98;0.51;4.33;18.82;1.1;0;;0.02149
201:606:181:910;0;0;0;0;17.43;1.17;0;;0
201:606:182:010;0;0;0;0;15.73;1.38;0;;0
201:606:182:110;0;0;0;0;14.31;1.45;0;;0
201:606:182:210;0;0;0;0;13.09;1.52;0;;0
201:606:182:310;0;0;0;0;11.87;1.59;0;;0
201:606:190:010;0;0;0;0;10.98;1.59;0;;0
201:606:190:110;0;0;0;0;10.5;1.66;0;;0
201:606:190:210;0;0;0;0;10.06;1.72;0;;0
201:606:190:310;0;2.52;0.06;3.34;10.03;1.72;0;;0.00258
201:606:190:410;13.22;45.39;3.29;12.13;11.17;1.59;0;;0.0619
201:606:190:510;133.7;103.08;6.21;21.6;14.99;1.17;0;;0.24299
201:606:190:610;240.78;174.2;8.99;31.42;18.3;0.97;0;;0.42397
201:606:190:710;510.45;149.08;13.08;41.25;20.58;1.03;0;;0.67261
201:606:190:810;585.46;209.94;15.18;50.61;21.78;1.03;0;;0.81058
201:606:190:910;427.49;347.19;14.98;58.66;22.31;0.97;0;;0.78966
201:606:191:010;476.07;356.07;16.06;63.83;22.91;0.76;0;;0.8482
201:606:191:110;742.71;214.03;18.35;64.16;23.42;0.83;0;;0.97509
201:606:191:210;57.4;374.68;9.54;59.5;23.85;1.03;0;;0.44162
201:606:191:310;225.91;341.65;12.2;51.71;23.85;1.31;0;;0.57976
201:606:191:410;14.45;253.66;6.11;42.45;23.95;1.45;0;;0.27422
201:606:191:510;0;76.26;1.74;32.65;23.74;1.31;0;;0.078
201:606:191:610;0;82.55;1.88;22.8;22.57;1.03;0;;0.08443
201:606:191:710;0;68.8;1.68;13.27;21.6;1.31;0;;0.07048
201:606:191:810;0;4.2;0.1;4.38;20.38;1.79;0;;0.0043
201:606:191:910;0;0;0;0;19.08;1.38;0;;0
201:606:192:010;0;0;0;0;18.1;0;0;;0
201:606:192:110;0;0;0;0;16.55;0;0;;0
201:606:192:210;0;0;0;0;16.19;1.86;0;;0
201:606:192:310;0;0;0;0;15.8;1.86;0;;0
201:606:200:010;0;0;0;0;15.68;1.79;0;;0
201:606:200:110;0;0;0;0;15.38;1.66;0;;0
201:606:200:210;0;0;0;0;15.27;1.31;0;;0
201:606:200:310;0;1.68;0.04;3.32;15.18;1.17;0;;0.00172
201:606:200:410;0;25.12;0.57;12.1;15.23;1.03;0;;0.02569
201:606:200:510;112.04;115.12;5.86;21.57;15.51;0.76;0;;0.23302
201:606:200:610;296.34;140.88;9.48;31.39;15.78;0.9;0;;0.4467
201:606:200:710;114.19;293.49;8.68;41.23;18.69;1.31;0;;0.41636
201:606:200:810;477.71;261.28;14.24;50.59;18.61;1.38;0;;0.75323
201:606:200:910;523.62;302.93;15.75;58.65;18.14;1.66;0;;0.8423
201:606:201:010;459.68;357.83;15.81;63.83;19.14;1.1;0;;0.83332
201:606:201:110;268.9;410.77;13.83;64.18;20.08;0.9;0;;0.6935
201:606:201:210;187.59;396.3;12.32;59.53;21.11;1.45;0;;0.59621
201:606:201:310;0;99.59;2.27;51.75;21.8;1.66;0;;0.10186
201:606:201:410;378.37;169.28;12.79;42.49;20.65;1.86;0;;0.56044
201:606:201:510;152.01;180.71;8.85;32.69;19.84;1.31;0;;0.34157
201:606:201:610;76;77.94;6.76;22.84;19.87;0.97;0;;0.1607
201:606:201:710;0;60.41;1.47;13.31;19;1.24;0;;0.06188
201:606:201:810;0;21.82;0.53;4.42;18.33;0.83;0;;0.02235
201:606:201:910;0;0;0;0;17.14;0.97;0;;0
201:606:202:010;0;0;0;0;15.73;0.97;0;;0
201:606:202:110;0;0;0;0;14.93;0.97;0;;0
201:606:202:210;0;0;0;0;14.75;0;0;;0
201:606:202:310;0;0;0;0;14.01;0;0;;0
201:606:210:010;0;0;0;0;13.27;0.83;0;;0
201:606:210:110;0;0;0;0;13;0.69;0;;0
201:606:210:210;0;0;0;0;12.8;0.55;0;;0
201:606:210:310;0;13.43;0.33;3.29;12.66;0.62;0;;0.01376
201:606:210:410;0;12.56;0.29;12.08;13.32;0.55;0;;0.01285
201:606:210:510;0;56.53;1.29;21.54;14.38;0.55;0;;0.05782
201:606:210:610;73.34;224.36;6.6;31.36;15.67;0.41;0;;0.3043
201:606:210:710;405.18;208.2;12.24;41.2;18.17;0.83;0;;0.62562
201:606:210:810;625.01;189;15.51;50.56;19.6;0.9;0;;0.82952
201:606:210:910;779.35;173.29;17.84;58.63;20.96;1.1;0;;0.97048
201:606:211:010;830.02;176.42;18.9;63.82;21.85;1.17;0;;1.02534
201:606:211:110;704.3;240.39;18.14;64.19;22.78;1.59;0;;0.96283
201:606:211:210;595.66;251.98;16.9;59.56;23.23;1.79;0;;0.86454
201:606:211:310;480.73;231.99;15.06;51.78;23.38;1.86;0;;0.72778
201:606:211:410;427.05;142.92;13.38;42.53;23.24;1.79;0;;0.58335
201:606:211:510;253.87;109.41;10.36;32.73;23.14;1.66;0;;0.37364
201:606:211:610;88.75;64.72;7.21;22.88;22.7;1.38;0;;0.16068
201:606:211:710;0;79.71;1.94;13.35;21.97;0.97;0;;0.08165
201:606:211:810;0;21.82;0.53;4.45;20.72;0.76;0;;0.02235
201:606:211:910;0;0;0;0;19.8;0.97;0;;0
201:606:212:010;0;0;0;0;18.64;1.1;0;;0
201:606:212:110;0;0;0;0;17.17;1.24;0;;0
201:606:212:210;0;0;0;0;15.91;1.31;0;;0
201:606:212:310;0;0;0;0;14.82;1.45;0;;0
201:606:220:010;0;0;0;0;14.01;1.52;0;;0
201:606:220:110;0;0;0;0;13.48;1.59;0;;0
201:606:220:210;0;0;0;0;13.08;1.52;0;;0
201:606:220:310;0;12.59;0.31;3.26;12.43;1.59;0;;0.0129
201:606:220:410;9.51;53.44;3;12.04;13.23;1.31;0;;0.06595
201:606:220:510;155.78;86.35;6.5;21.5;16.97;0.9;0;;0.24863
201:606:220:610;335.9;120.02;9.91;31.33;20.37;0.83;0;;0.46583
201:606:220:710;514.08;144.97;13.08;41.16;22.22;0.76;0;;0.67213
201:606:220:810;670.14;161.4;15.81;50.53;23.28;0.48;0;;0.84735
201:606:220:910;770.61;174.19;17.69;58.6;24.18;0.34;0;;0.96249
201:606:221:010;833.34;171.08;18.86;63.81;24.95;0.07;0;;1.02328
201:606:221:110;842.07;158.47;19.14;64.2;25.64;0.48;0;;1.01968
201:606:221:210;753.7;157.27;18.1;59.58;26.12;0.9;0;;0.92907
201:606:221:310;603.51;155.51;16.06;51.81;26.37;1.03;0;;0.77508
201:606:221:410;357.5;187.13;12.67;42.56;26.36;1.17;0;;0.5573
201:606:221:510;221.15;133.29;9.89;32.76;26.08;1.31;0;;0.36433
201:606:221:610;77.08;78.77;6.8;22.91;25.46;1.38;0;;0.16265
201:606:221:710;0;61.25;1.49;13.38;24.6;1.52;0;;0.06274
201:606:221:810;0;21.82;0.53;4.48;23.11;1.59;0;;0.02235
201:606:221:910;0;0;0;0;20.76;1.52;0;;0
201:606:222:010;0;0;0;0;19.09;1.52;0;;0
201:606:222:110;0;0;0;0;17.74;1.59;0;;0
201:606:222:210;0;0;0;0;16.57;1.59;0;;0
201:606:222:310;0;0;0;0;15.53;1.66;0;;0
201:606:230:010;0;0;0;0;14.8;1.72;0;;0
201:606:230:110;0;0;0;0;14.4;1.66;0;;0
201:606:230:210;0;0;0;0;13.97;1.66;0;;0
201:606:230:310;0;10.91;0.27;3.22;13.66;1.66;0;;0.01118
201:606:230:410;7.86;57.46;2.84;12;14.7;1.38;0;;0.06816
201:606:230:510;146.33;90.99;6.33;21.46;18.46;0.97;0;;0.24365
201:606:230:610;331.14;120.93;9.83;31.28;21.99;0.83;0;;0.4619
201:606:230:710;515.06;142.92;13.06;41.12;24.42;0.55;0;;0.67104
201:606:230:810;681.99;153.1;15.87;50.49;25.63;0.48;0;;0.85096
201:606:230:910;764.12;175.14;17.59;58.57;26.58;0.62;0;;0.95685
201:606:231:010;826.93;172.06;18.76;63.79;27.29;0.62;0;;1.01775
201:606:231:110;835.84;158.4;19.02;64.2;28;0.21;0;;1.01326
201:606:231:210;679.04;196.63;17.41;59.6;28.45;0.28;0;;0.89308
201:606:231:310;598.97;155.51;15.96;51.83;28.73;0.41;0;;0.77044
201:606:231:410;437.81;133.59;13.42;42.59;28.68;0.41;0;;0.58482
201:606:231:510;252.5;108.81;10.28;32.79;28.65;0.28;0;;0.37159
201:606:231:610;76.4;79.9;6.76;22.94;27.79;0.14;0;;0.16306
201:606:231:710;0;62.93;1.53;13.41;26.62;0.07;0;;0.06446
201:606:231:810;0;22.66;0.55;4.5;25.79;0.28;0;;0.02321
201:606:231:910;0;0;0;0;23.37;1.38;0;;0
201:606:232:010;0;0;0;0;21.79;1.59;0;;0
201:606:232:110;0;0;0;0;20.44;1.59;0;;0
201:606:232:210;0;0;0;0;19.78;1.45;0;;0
201:606:232:310;0;0;0;0;19.56;1.38;0;;0
201:606:240:010;0;0;0;0;19;1.38;0;;0
201:606:240:110;0;0;0;0;18.31;1.38;0;;0
201:606:240:210;0;0;0;0;17.88;1.38;0;;0
201:606:240:310;0;6.71;0.16;3.18;17.33;1.45;0;;0.00687
201:606:240:410;4.11;68.15;2.39;11.96;17.8;1.24;0;;0.07465
201:606:240:510;115.64;109.5;5.86;21.42;20.72;0.55;0;;0.231
201:606:240:610;296.75;136.94;9.42;31.24;23.8;0.62;0;;0.44311
201:606:240:710;481.14;156.62;12.67;41.08;25.44;1.03;0;;0.65043
201:606:240:810;640.11;170.32;15.43;50.45;26.44;1.38;0;;0.82586
201:606:240:910;747.86;179.11;17.37;58.53;27.29;1.72;0;;0.94434
201:606:241:010;797.69;183.37;18.43;63.76;27.77;1.79;0;;0.99949
201:606:241:110;785.89;181.09;18.51;64.19;28.56;1.86;0;;0.98549
201:606:241:210;454.57;315.47;15.49;59.6;28.99;1.79;0;;0.78553
201:606:241:310;320.25;305.72;13.3;51.85;29.36;1.86;0;;0.63927
201:606:241:410;210.55;263.22;10.85;42.61;29.21;1.86;0;;0.48462
201:606:241:510;235.29;119.95;9.99;32.81;27.73;1.24;0;;0.36523
201:606:241:610;66.65;94.09;6.48;22.97;26.93;0.69;0;;0.16722
201:606:241:710;0;72.16;1.76;13.43;26.55;0.41;0;;0.07392
201:606:241:810;0;20.98;0.51;4.52;25.75;0.76;0;;0.02149
201:606:241:910;0;0;0;0;23.69;1.24;0;;0
201:606:242:010;0;0;0;0;22.51;1.24;0;;0
201:606:242:110;0;0;0;0;21.76;1.31;0;;0
201:606:242:210;0;0;0;0;20.98;0;0;;0
201:606:242:310;0;0;0;0;20.76;0;0;;0
201:606:250:010;0;0;0;0;20.4;0.34;0;;0
201:606:250:110;0;0;0;0;17.69;1.31;0;;0
201:606:250:210;0;0;0;0;17.31;1.38;0;;0
201:606:250:310;0;14.26;0.35;3.13;17;1.1;0;;0.01461
201:606:250:410;0.94;65.94;1.7;11.91;17.15;1.17;0;;0.06858
201:606:250:510;60.95;136.49;4.88;21.37;19.4;0.9;0;;0.20232
201:606:250:610;242.01;164.54;8.83;31.19;21.61;1.03;0;;0.41538
201:606:250:710;429.79;182.76;12.2;41.03;25.18;1.17;0;;0.62475
201:606:250:810;598.28;189.32;15.02;50.4;26.41;1.79;0;;0.80262
201:606:250:910;685.71;210.68;16.84;58.49;26.98;2.55;0;;0.91323
201:606:251:010;718.36;225.22;17.77;63.73;27.2;2.97;0;;0.96135
201:606:251:110;551.18;306.69;16.63;64.18;27.53;3.03;0;;0.8745
201:606:251:210;469.15;305.32;15.55;59.61;28.2;3.1;0;;0.79002
201:606:251:310;427.9;251.23;14.34;51.87;28.36;2.9;0;;0.69347
201:606:251:410;60.57;289.26;7.97;42.63;28.45;3.03;0;;0.3578
201:606:251:510;232.26;121.05;9.91;32.83;27.56;2.21;0;;0.36322
201:606:251:610;46.63;120.99;5.82;22.98;26.84;1.24;0;;0.17344
201:606:251:710;0;48.67;1.18;13.44;24.97;0.97;0;;0.04985
201:606:251:810;0;2.52;0.06;4.53;24.04;1.31;0;;0.00258
201:606:251:910;0;0;0;0;23.14;1.59;0;;0
201:606:252:010;0;0;0;0;21.72;1.45;0;;0
201:606:252:110;0;0;0;0;20.36;1.45;0;;0
201:606:252:210;0;0;0;0;19.8;1.38;0;;0
201:606:252:310;0;0;0;0;19.9;1.31;0;;0
201:606:260:010;0;0;0;0;18.84;1.66;0;;0
201:606:260:110;0;0;0;0;18.44;1.45;0;;0
201:606:260:210;0;0;0;0;18.13;1.45;0;;0
201:606:260:310;0;3.36;0.08;3.08;19.52;0.28;0;;0.00344
201:606:260:410;0.57;62.01;1.53;11.86;17.27;1.17;0;;0.06411
201:606:260:510;0;24.23;0.55;21.32;18.21;1.31;0;;0.02478
201:606:260:610;0;37.68;0.86;31.13;19.72;0;0;;0.03854
201:606:260:710;11.31;230.66;5.46;40.97;20.74;0;0;;0.24743
201:606:260:810;449.93;266.99;13.85;50.35;21.53;1.24;0;;0.73077
201:606:260:910;251.63;385.94;12.83;58.44;22.55;2.07;0;;0.6504
201:606:261:010;596.51;291.86;16.88;63.69;21.56;1.72;0;;0.90525
201:606:261:110;163.5;415.56;12.16;64.16;22.5;1.38;0;;0.59122
201:606:261:210;369.77;347.71;14.57;59.6;23.22;1.59;0;;0.73205
201:606:261:310;561.64;173.23;15.51;51.87;23.13;1.45;0;;0.75038
201:606:261:410;286.09;224.14;11.75;42.64;22.98;1.52;0;;0.52198
201:606:261:510;238.07;117.45;9.99;32.85;22.17;1.59;0;;0.36551
201:606:261:610;74.34;83.27;6.64;23;21.87;1.59;0;;0.16425
201:606:261:710;0;65.45;1.59;13.45;21.33;1.31;0;;0.06704
201:606:261:810;0;22.66;0.55;4.54;20.55;1.38;0;;0.02321
201:606:261:910;0;0;0;0;19.92;1.66;0;;0
201:606:262:010;0;0;0;0;18.63;1.52;0;;0
201:606:262:110;0;0;0;0;17.31;1.45;0;;0
201:606:262:210;0;0;0;0;16.29;1.45;0;;0
201:606:262:310;0;0;0;0;15.76;1.45;0;;0
201:606:270:010;0;0;0;0;15.3;1.52;0;;0
201:606:270:110;0;0;0;0;15.19;1.59;0;;0
201:606:270:210;0;0;0;0;15.29;1.59;0;;0
201:606:270:310;0;5.03;0.12;3.03;15.1;1.52;0;;0.00515
201:606:270:410;0;25.12;0.57;11.8;15.96;1.17;0;;0.02569
201:606:270:510;0.71;92.41;2.12;21.26;18.21;1.17;0;;0.09524
201:606:270:610;156.74;201.81;7.83;31.08;19.44;1.52;0;;0.36638
201:606:270:710;64.82;281.15;7.54;40.91;20.21;0.97;0;;0.35351
201:606:270:810;103.37;344.91;9.54;50.29;20.93;0.55;0;;0.45782
201:606:270:910;1.09;241.44;5.52;58.38;20.08;0.97;0;;0.24805
201:606:271:010;43.64;370.11;9.13;63.64;19.44;0.62;0;;0.42288
201:606:271:110;0;152.53;3.47;64.13;19.88;0.21;0;;0.156
201:606:271:210;0;69.09;1.57;59.59;19.15;0.28;0;;0.07066
201:606:271:310;0;84.34;1.92;51.87;18.61;0.69;0;;0.08626
201:606:271:410;76.09;292.79;8.4;42.65;18.6;1.1;0;;0.37728
201:606:271:510;0.68;145.34;3.33;32.85;18.66;1.38;0;;0.14935
201:606:271:610;0;71.78;1.63;23;18.45;1.72;0;;0.07341
201:606:271:710;0;38.6;0.94;13.46;17.72;1.93;0;;0.03954
201:606:271:810;0;2.52;0.06;4.54;17.1;2;0;;0.00258
201:606:271:910;0;0;0;0;16.36;1.79;0;;0
201:606:272:010;0;0;0;0;15.76;0;0;;0
201:606:272:110;0;0;0;0;15.32;0;0;;0
201:606:272:210;0;0;0;0;15.02;1.86;0;;0
201:606:272:310;0;0;0;0;14.7;1.79;0;;0
201:606:280:010;0;0;0;0;14.44;1.79;0;;0
201:606:280:110;0;0;0;0;14.43;1.79;0;;0
201:606:280:210;0;0;0;0;14.32;1.79;0;;0
201:606:280:310;0;1.68;0.04;2.96;14.27;1.79;0;;0.00172
201:606:280:410;0;22.43;0.51;11.74;14.31;1.86;0;;0.02294
201:606:280:510;114.57;107.62;5.8;21.19;14.7;2.14;0;;0.22799
201:606:280:610;17.63;194.98;4.8;31.01;15.32;2.55;0;;0.21741
201:606:280:710;462.15;167.57;12.5;40.85;16.24;2.76;0;;0.64222
201:606:280:810;582.85;202.7;14.98;50.23;17.28;2.83;0;;0.80053
201:606:280:910;708.51;203.01;17.08;58.32;18.49;3.03;0;;0.9286
201:606:281:010;821.99;172.18;18.63;63.59;19.46;2.97;0;;1.0128
201:606:281:110;690.06;239.18;17.82;64.09;20.04;2.76;0;;0.94706
201:606:281:210;715.82;173.7;17.63;59.58;20.49;2.76;0;;0.90715
201:606:281:310;598.13;156.79;15.92;51.87;20.98;2.9;0;;0.77084
201:606:281:410;432.21;137.73;13.32;42.65;20.96;2.9;0;;0.58326
201:606:281:510;250.48;111.1;10.19;32.86;20.88;3.03;0;;0.37177
201:606:281:610;76.47;83.03;6.72;23.01;20.35;2.62;0;;0.16622
201:606:281:710;0;62.93;1.53;13.46;19.64;2.07;0;;0.06446
201:606:281:810;0;22.66;0.55;4.53;18.68;1.66;0;;0.02321
201:606:281:910;0;0;0;0;17.77;1.45;0;;0
201:606:282:010;0;0;0;0;16.02;1.45;0;;0
201:606:282:110;0;0;0;0;14.68;1.38;0;;0
201:606:282:210;0;0;0;0;13.91;1.31;0;;0
201:606:282:310;0;0;0;0;13.43;1.24;0;;0
201:606:290:010;0;0;0;0;12.99;1.24;0;;0
201:606:290:110;0;0;0;0;12.71;1.24;0;;0
201:606:290:210;0;0;0;0;12.27;1.17;0;;0
201:606:290:310;0;4.2;0.1;2.9;11.78;1.17;0;;0.0043
201:606:290:410;4.44;62.61;2.51;11.67;12.49;0.97;0;;0.06956
201:606:290:510;33.93;142.23;4.23;21.13;15.33;0.41;0;;0.18039
201:606:290:610;311.87;128.54;9.56;30.95;18.62;0.34;0;;0.44997
201:606:290:710;508.76;145.07;12.95;40.78;19.67;0.9;0;;0.66678
201:606:290:810;666.2;160.51;15.69;50.16;20.73;0.83;0;;0.8424
201:606:290:910;777.98;169.23;17.69;58.25;21.81;0.83;0;;0.9649
201:606:291:010;820.33;177.63;18.69;63.53;22.69;1.1;0;;1.01665
201:606:291:110;854.34;151.43;19.18;64.05;23.24;1.24;0;;1.02495
201:606:291:210;734.9;167.81;17.88;59.56;23.82;1.24;0;;0.92059
201:606:291:310;597.73;159.87;15.96;51.86;24.09;1.1;0;;0.77356
201:606:291:410;444.74;133.98;13.53;42.65;24.26;1.17;0;;0.59225
201:606:291:510;255.05;110.14;10.3;32.86;24.27;1.38;0;;0.37549
201:606:291:610;81.47;77.46;6.86;23;24.06;1.17;0;;0.16579
201:606:291:710;0;63.77;1.55;13.45;23.02;0.28;0;;0.06532
201:606:291:810;0;21.82;0.53;4.52;21.71;0.62;0;;0.02235
201:606:291:910;0;0;0;0;21.31;0.83;0;;0
201:606:292:010;0;0;0;0;20.5;0.97;0;;0
201:606:292:110;0;0;0;0;19.74;1.03;0;;0
201:606:292:210;0;0;0;0;19.44;1.03;0;;0
201:606:292:310;0;0;0;0;19.54;0.83;0;;0
201:606:300:010;0;0;0;0;19.42;0.62;0;;0
201:606:300:110;0;0;0;0;19.16;0.48;0;;0
201:606:300:210;0;0;0;0;18.8;0.41;0;;0
201:606:300:310;0;7.55;0.18;2.82;18.33;0.62;0;;0.00773
201:606:300:410;4.73;59.2;2.55;11.6;17.72;0.9;0;;0.06648
201:606:300:510;133.59;93.78;6.05;21.05;17.48;0.34;0;;0.23342
201:606:300:610;314.84;123.76;9.52;30.87;21.25;0.34;0;;0.44812
201:606:300:710;499.84;145.98;12.79;40.71;22.58;0.41;0;;0.65861
201:606:300:810;655.87;161.42;15.51;50.09;23.86;0.83;0;;0.8328
201:606:300:910;734.66;186.68;17.22;58.18;24.85;1.38;0;;0.93856
201:606:301:010;756.42;208.53;18.1;63.47;25.3;1.72;0;;0.98305
201:606:301:110;689.99;238.3;17.77;64;25.61;1.86;0;;0.94606
201:606:301:210;595.43;245.33;16.69;59.53;25.89;2;0;;0.85745
201:606:301:310;481.75;226.66;14.89;51.85;26.1;2.07;0;;0.7233
201:606:301:410;302.89;219.14;11.99;42.64;25.54;2.07;0;;0.53402
201:606:301:510;154.43;181.44;8.85;32.85;24.89;1.24;0;;0.34472
201:606:301:610;57.8;109.38;6.17;23;24.09;0.76;0;;0.17335
201:606:301:710;0;59.57;1.45;13.44;23.65;0.69;0;;0.06102
201:606:301:810;0;21.82;0.53;4.51;23.05;1.03;0;;0.02235
201:606:301:910;0;0;0;0;22.71;0.34;0;;0
201:606:302:010;0;0;0;0;22.32;0.34;0;;0
201:606:302:110;0;0;0;0;21.91;0.55;0;;0
201:606:302:210;0;0;0;0;21.45;0.62;0;;0
201:606:302:310;0;0;0;0;20.97;0.83;0;;0
201:607:010:010;0;0;0;0;20.48;0.83;0;;0
201:607:010:110;0;0;0;0;19.94;0.9;0;;0
201:607:010:210;0;0;0;0;19.16;0.97;0;;0
201:607:010:310;0;4.2;0.1;2.75;18.15;1.03;0;;0.0043
201:607:010:410;5.07;56.41;2.64;11.52;17.49;1.03;0;;0.06412
201:607:010:510;118.75;102.16;5.8;20.98;19.2;0.34;0;;0.22671
201:607:010:610;289.06;136.02;9.21;30.8;22.64;0.34;0;;0.43429
201:607:010:710;50.54;273.37;7.11;40.63;23.85;0.34;0;;0.33102
201:607:010:810;495.53;244.17;14.18;50.01;24.99;0.83;0;;0.75388
201:607:010:910;23.04;325.47;7.78;58.11;25.66;1.24;0;;0.35629
201:607:011:010;585.27;296.89;16.73;63.4;26.03;1.38;0;;0.89889
201:607:011:110;0;240.46;5.48;63.95;26.41;1.24;0;;0.24594
201:607:011:210;646.51;211.94;17;59.49;26.56;1.38;0;;0.87545
201:607:011:310;0;171.37;3.9;51.82;26.19;1.31;0;;0.17527
201:607:011:410;13.75;250.97;6.03;42.63;24.96;0.83;0;;0.27075
201:607:011:510;208.16;142.59;9.58;32.84;24.15;0.55;0;;0.36033
201:607:011:610;12.26;148.37;4.17;22.98;23.14;0.41;0;;0.1648
201:607:011:710;0;15.1;0.37;13.43;22.43;0.28;0;;0.01547
201:607:011:810;0;20.98;0.51;4.48;22.04;0.62;0;;0.02149
201:607:011:910;0;0;0;0;21.91;0.62;0;;0
201:607:012:010;0;0;0;0;21.36;0.76;0;;0
201:607:012:110;0;0;0;0;20.87;0.76;0;;0
201:607:012:210;0;0;0;0;20.29;0.76;0;;0
201:607:012:310;0;0;0;0;19.05;0.97;0;;0
201:607:020:010;0;0;0;0;17.6;1.03;0;;0
201:607:020:110;0;0;0;0;16.53;1.1;0;;0
201:607:020:210;0;0;0;0;15.67;0.97;0;;0
201:607:020:310;0;6.71;0.16;2.67;15.23;0.9;0;;0.00687
201:607:020:410;4.74;55.7;2.59;11.44;16.28;0.55;0;;0.06303
201:607:020:510;134.34;90.23;5.99;20.9;19.01;0.48;0;;0.23056
201:607:020:610;304.2;126.63;9.34;30.72;21.62;0.34;0;;0.44017
201:607:020:710;485.21;149.93;12.56;40.55;22.3;0.41;0;;0.6477
201:607:020:810;647.25;162.46;15.34;49.93;23.88;0.62;0;;0.82505
201:607:020:910;758.93;170.15;17.33;58.02;24.96;1.1;0;;0.94641
201:607:021:010;812.43;173.4;18.43;63.32;25.8;1.59;0;;1.00426
201:607:021:110;738.43;206.1;18.02;63.89;26.32;1.86;0;;0.96255
201:607:021:210;305.52;369.47;13.81;59.45;26.54;2;0;;0.6888
201:607:021:310;510.86;206.75;15.06;51.8;26.71;2;0;;0.73267
201:607:021:410;231.49;253.29;11.05;42.61;26.62;2.07;0;;0.49583
201:607:021:510;30.19;219.13;5.9;32.82;25.62;1.31;0;;0.25522
201:607:021:610;11.23;146.12;4.05;22.97;24.21;1.03;0;;0.1614
201:607:021:710;0;78.03;1.9;13.4;23.4;0.41;0;;0.07993
201:607:021:810;0;21.82;0.53;4.46;22.96;0.55;0;;0.02235
201:607:021:910;0;0;0;0;22.72;0.83;0;;0
201:607:022:010;0;0;0;0;22.17;0.83;0;;0
201:607:022:110;0;0;0;0;22.16;0.55;0;;0
201:607:022:210;0;0;0;0;21.25;0.14;0;;0
201:607:022:310;0;0;0;0;18.64;0.9;0;;0
201:607:030:010;0;0;0;0;17.8;1.31;0;;0
201:607:030:110;0;0;0;0;16.94;1.31;0;;0
201:607:030:210;0;0;0;0;16.25;1.17;0;;0
201:607:030:310;0;0.84;0.02;2.58;15.96;1.1;0;;0.00086
201:607:030:410;0;15.25;0.35;11.35;16.82;0.69;0;;0.0156
201:607:030:510;0;61.91;1.41;20.81;17.42;1.1;0;;0.06332
201:607:030:610;103.37;211.88;6.93;30.63;16.89;2.34;0;;0.32218
201:607:030:710;38.24;263.97;6.68;40.47;16.94;2.07;0;;0.30889
201:607:030:810;0;133.69;3.04;49.85;17.49;2.48;0;;0.13673
201:607:030:910;23.09;324.58;7.76;57.94;17.6;2.69;0;;0.35543
201:607:031:010;0;113.05;2.57;63.23;17.64;2.48;0;;0.11562
201:607:031:110;0;113.95;2.59;63.82;17.63;2.41;0;;0.11654
201:607:031:210;163.26;393.29;11.79;59.4;18.77;2.69;0;;0.56834
201:607:031:310;0;190.21;4.33;51.76;19.63;2.83;0;;0.19454
201:607:031:410;27.58;268.76;6.74;42.58;19.7;2.9;0;;0.30308
201:607:031:510;231.78;124.52;9.85;32.8;18.84;2.83;0;;0.36615
201:607:031:610;72.08;89.53;6.5;22.94;18;2.76;0;;0.16811
201:607:031:710;0;63.77;1.55;13.38;17.25;2.76;0;;0.06532
201:607:031:810;0;20.98;0.51;4.42;16.62;2.07;0;;0.02149
201:607:031:910;0;0;0;0;16;1.72;0;;0
201:607:032:010;0;0;0;0;14.85;1.66;0;;0
201:607:032:110;0;0;0;0;13.85;1.59;0;;0
201:607:032:210;0;0;0;0;12.65;1.52;0;;0
201:607:032:310;0;0;0;0;11.63;1.45;0;;0
201:607:040:010;0;0;0;0;11.04;1.31;0;;0
201:607:040:110;0;0;0;0;11.25;1.24;0;;0
201:607:040:210;0;0;0;0;11.07;1.17;0;;0
201:607:040:310;0;9.23;0.22;2.49;10.77;1.17;0;;0.00945
201:607:040:410;7.09;39.73;3.06;11.26;11.34;0.97;0;;0.04988
201:607:040:510;160.66;77.95;6.48;20.73;13.88;0.62;0;;0.24509
201:607:040:610;341.23;114.56;9.87;30.55;16.54;0.83;0;;0.46566
201:607:040:710;496.62;154.55;12.85;40.38;17.04;1.31;0;;0.66402
201:607:040:810;602.02;201.86;15.24;49.76;17.89;1.45;0;;0.81912
201:607:040:910;386.27;362.72;14.53;57.84;19.03;1.52;0;;0.76352
201:607:041:010;356.56;399.7;14.85;63.14;19.57;1.38;0;;0.77111
201:607:041:110;262.43;419.45;13.85;63.74;19.72;1.66;0;;0.69573
201:607:041:210;84.83;391.5;10.38;59.35;19.95;1.86;0;;0.48671
201:607:041:310;155.88;360.24;11.18;51.73;19.95;1.93;0;;0.5273
201:607:041:410;143.31;295.49;9.95;42.55;20.34;1.86;0;;0.44875
201:607:041:510;88.93;221.25;7.72;32.77;20.24;1.66;0;;0.3179
201:607:041:610;89.6;72.56;7.11;22.91;20.02;1.59;0;;0.16927
201:607:041:710;0;61.25;1.49;13.34;19.44;1.38;0;;0.06274
201:607:041:810;0;20.98;0.51;4.38;18.32;1.38;0;;0.02149
201:607:041:910;0;0;0;0;16.63;1.24;0;;0
201:607:042:010;0;0;0;0;15.87;1.17;0;;0
201:607:042:110;0;0;0;0;14.84;1.17;0;;0
201:607:042:210;0;0;0;0;14.12;1.17;0;;0
201:607:042:310;0;0;0;0;13.43;1.1;0;;0
201:607:050:010;0;0;0;0;12.58;1.1;0;;0
201:607:050:110;0;0;0;0;11.87;1.17;0;;0
201:607:050:210;0;0;0;0;11.37;1.17;0;;0
201:607:050:310;0;8.39;0.2;2.39;11.07;1.24;0;;0.00859
201:607:050:410;5.79;43.59;2.88;11.17;11.86;1.03;0;;0.05226
201:607:050:510;97.05;116.05;5.48;20.63;14.15;0.55;0;;0.21858
201:607:050:610;310.88;126.97;9.46;30.46;17.53;0.76;0;;0.44731
201:607:050:710;450.63;176.08;12.38;40.29;18.86;0.48;0;;0.63909
201:607:050:810;260.17;339.64;11.99;49.66;20.02;0.41;0;;0.6118
201:607:050:910;507.9;312.39;15.57;57.75;20.89;1.31;0;;0.83586
201:607:051:010;285.56;411.98;13.93;63.05;21.35;1.66;0;;0.71147
201:607:051:110;259.5;415.36;13.71;63.66;21.19;1.79;0;;0.68857
201:607:051:210;15.54;321.75;7.6;59.29;20.68;1.72;0;;0.34489
201:607:051:310;63.99;343.95;9.05;51.68;20.89;1.79;0;;0.41699
201:607:051:410;57.08;292.96;7.95;42.51;20.88;1.24;0;;0.35799
201:607:051:510;30.41;221.88;5.97;32.74;21.32;1.38;0;;0.25826
201:607:051:610;79.72;83.26;6.76;22.88;21.19;1.38;0;;0.16974
201:607:051:710;0;65.45;1.59;13.3;20.71;1.38;0;;0.06704
201:607:051:810;0;18.46;0.45;4.34;19.64;1.45;0;;0.01891
201:607:051:910;0;0;0;0;18.66;1.45;0;;0
201:607:052:010;0;0;0;0;17.27;1.24;0;;0
201:607:052:110;0;0;0;0;16.6;1.17;0;;0
201:607:052:210;0;0;0;0;16.35;1.03;0;;0
201:607:052:310;0;0;0;0;15.79;1.1;0;;0
201:607:060:010;0;0;0;0;15.48;0.97;0;;0
201:607:060:110;0;0;0;0;15.05;0.76;0;;0
201:607:060:210;0;0;0;0;15.14;0.21;0;;0
201:607:060:310;0;8.39;0.2;2.29;14.76;0.62;0;;0.00859
201:607:060:410;3.61;54.72;2.53;11.07;13.53;1.03;0;;0.06086
201:607:060:510;58.86;133.82;4.76;20.54;15.81;0.83;0;;0.19744
201:607:060:610;304.8;130.87;9.4;30.36;17.76;1.72;0;;0.44507
201:607:060:710;397.31;204.82;11.93;40.19;18.24;2.34;0;;0.61406
201:607:060:810;593.73;201.85;15.06;49.56;18.99;2.83;0;;0.81064
201:607:060:910;564.77;286.95;16.04;57.64;19.39;3.38;0;;0.86776
201:607:061:010;221.03;420.12;13.06;62.95;19.57;3.45;0;;0.65421
201:607:061:110;365.47;392.97;15.02;63.57;19.88;3.79;0;;0.77346
201:607:061:210;576.66;265.95;16.65;59.22;19.89;3.72;0;;0.85926
201:607:061:310;633.13;146.86;16.3;51.63;20.28;3.66;0;;0.79629
201:607:061:410;190.61;278.34;10.62;42.47;20.17;3.72;0;;0.47957
201:607:061:510;229.99;133.6;9.95;32.7;19.44;3.66;0;;0.37354
201:607:061:610;65.32;103.26;6.37;22.84;18.62;3.31;0;;0.17495
201:607:061:710;0;62.09;1.51;13.26;17.64;2.9;0;;0.0636
201:607:061:810;0;20.14;0.49;4.29;16.41;2.62;0;;0.02063
201:607:061:910;0;0;0;0;15.4;2.28;0;;0
201:607:062:010;0;0;0;0;14.01;1.86;0;;0
201:607:062:110;0;0;0;0;12.36;1.66;0;;0
201:607:062:210;0;0;0;0;11.43;1.52;0;;0
201:607:062:310;0;0;0;0;11.14;1.45;0;;0
201:607:070:010;0;0;0;0;10.65;1.38;0;;0
201:607:070:110;0;0;0;0;10.18;1.45;0;;0
201:607:070:210;0;0;0;0;9.73;1.45;0;;0
201:607:070:310;0;8.39;0.2;2.19;9.3;1.45;0;;0.00859
201:607:070:410;5.5;39.24;2.94;10.97;9.54;1.38;0;;0.04768
201:607:070:510;156.91;79;6.37;20.44;12.27;1.17;0;;0.24228
201:607:070:610;248.17;164.54;8.89;30.26;13.83;2.55;0;;0.4216
201:607:070:710;487.25;159.88;12.73;40.09;14.78;3.59;0;;0.65986
201:607:070:810;652.14;173.91;15.57;49.46;15.48;3.72;0;;0.84162
201:607:070:910;776.45;177.69;17.69;57.54;16.54;3.86;0;;0.97183
201:607:071:010;787.24;208.12;18.53;62.84;17.4;3.79;0;;1.01389
201:607:071:110;748.09;223.02;18.43;63.47;17.94;3.59;0;;0.98954
201:607:071:210;747.8;172.04;18.06;59.15;18.48;3.52;0;;0.9379
201:607:071:310;597.17;172.84;16.06;51.57;18.85;3.31;0;;0.78607
201:607:071:410;442.72;143.43;13.53;42.42;18.97;3.17;0;;0.59968
201:607:071:510;254.19;118.87;10.32;32.65;19.01;2.97;0;;0.38338
201:607:071:610;72.65;95.16;6.6;22.79;18.72;2.21;0;;0.17441
201:607:071:710;0;62.93;1.53;13.21;18.15;1.38;0;;0.06446
201:607:071:810;0;19.3;0.47;4.23;16.94;0.9;0;;0.01977
201:607:071:910;0;0;0;0;17.14;0.69;0;;0
201:607:072:010;0;0;0;0;16.24;0.83;0;;0
201:607:072:110;0;0;0;0;14.66;1.03;0;;0
201:607:072:210;0;0;0;0;14.16;1.03;0;;0
201:607:072:310;0;0;0;0;13.63;1.03;0;;0
201:607:080:010;0;0;0;0;13.23;0.97;0;;0
201:607:080:110;0;0;0;0;13.09;0.9;0;;0
201:607:080:210;0;0;0;0;13.11;0.83;0;;0
201:607:080:310;0;0.84;0.02;2.08;13.12;0.9;0;;0.00086
201:607:080:410;0.3;57.44;1.43;10.86;12.69;0.97;0;;0.05917
201:607:080:510;135.81;87.63;5.95;20.33;12.75;0.41;0;;0.22939
201:607:080:610;328.35;115.78;9.56;30.16;16.64;0.69;0;;0.45369
201:607:080:710;503.64;144.84;12.73;39.99;17.77;0.69;0;;0.66121
201:607:080:810;377.71;301.02;13.16;49.35;19.11;0.97;0;;0.69189
201:607:080:910;729.96;195.11;17.16;57.42;20.24;1.24;0;;0.94223
201:607:081:010;563.39;316.47;16.63;62.72;21.4;2;0;;0.89649
201:607:081:110;523.19;330.16;16.45;63.37;22.08;2.14;0;;0.8698
201:607:081:210;163.3;398.34;11.87;59.06;21.66;1.72;0;;0.57351
201:607:081:310;87.68;351.68;9.66;51.51;21.32;1.45;0;;0.44902
201:607:081:410;304.43;223.03;11.99;42.37;21.74;1.72;0;;0.53945
201:607:081:510;44.57;225.27;6.46;32.6;21.43;1.31;0;;0.2763
201:607:081:610;12.66;148.45;4.17;22.74;21.33;1.1;0;;0.16528
201:607:081:710;0;78.03;1.9;13.15;20.78;1.24;0;;0.07993
201:607:081:810;0;16.78;0.41;4.17;19.73;1.31;0;;0.01719
201:607:081:910;0;0;0;0;18.87;1.45;0;;0
201:607:082:010;0;0;0;0;17.86;1.31;0;;0
201:607:082:110;0;0;0;0;17.35;1.17;0;;0
201:607:082:210;0;0;0;0;17.66;0.9;0;;0
201:607:082:310;0;0;0;0;18.32;0.48;0;;0
201:607:090:010;0;0;0;0;17.56;0.21;0;;0
201:607:090:110;0;0;0;0;16.3;0.21;0;;0
201:607:090:210;0;0;0;0;15.51;0.41;0;;0
201:607:090:310;0;6.71;0.16;1.96;14.17;0.76;0;;0.00687
201:607:090:410;0.27;56.54;1.41;10.75;14.71;0.34;0;;0.05822
201:607:090:510;124.64;94.17;5.76;20.23;15.73;0.14;0;;0.22457
201:607:090:610;316.77;120.65;9.4;30.05;17.51;0.69;0;;0.44682
201:607:090:710;426.33;185.05;12.03;39.88;19.36;1.45;0;;0.62341
201:607:090:810;659.57;161.5;15.43;49.24;20.44;2.55;0;;0.8365
201:607:090:910;132.91;390.03;10.95;57.31;20.97;3.31;0;;0.53389
201:607:091:010;20.98;342.34;8.13;62.6;21.19;3.66;0;;0.37145
201:607:091:110;626.8;279.1;17.26;63.26;21.42;3.79;0;;0.92316
201:607:091:210;128.13;394.61;11.18;58.98;21.74;4;0;;0.53392
201:607:091:310;314.24;312.68;13.18;51.44;21.74;3.93;0;;0.6401
201:607:091:410;143.82;289.52;9.79;42.31;21.59;3.59;0;;0.44313
201:607:091:510;245.08;120.43;10.03;32.55;21.47;3.45;0;;0.37554
201:607:091:610;91.61;69.21;7.01;22.68;20.99;3.17;0;;0.16783
201:607:091:710;0;65.45;1.59;13.09;20.05;2.62;0;;0.06704
201:607:091:810;0;19.3;0.47;4.1;18.7;2.14;0;;0.01977
201:607:091:910;0;0;0;0;16.99;1.86;0;;0
201:607:092:010;0;0;0;0;15.26;1.59;0;;0
201:607:092:110;0;0;0;0;14.1;1.31;0;;0
201:607:092:210;0;0;0;0;13.82;1.1;0;;0
201:607:092:310;0;0;0;0;13.16;1.1;0;;0
201:607:100:010;0;0;0;0;12.4;1.17;0;;0
201:607:100:110;0;0;0;0;11.88;1.24;0;;0
201:607:100:210;0;0;0;0;11.28;1.24;0;;0
201:607:100:310;0;0.84;0.02;1.84;10.77;1.24;0;;0.00086
201:607:100:410;1.59;58.13;2.12;10.64;10.96;1.1;0;;0.06184
201:607:100:510;120.6;95.22;5.66;20.11;13.6;0.62;0;;0.22148
201:607:100:610;259.03;150.73;8.79;29.94;16.46;0.97;0;;0.41855
201:607:100:710;484.55;150.92;12.44;39.77;17.67;1.66;0;;0.64791
201:607:100:810;648.65;164.62;15.26;49.12;18.74;1.79;0;;0.82853
201:607:100:910;782.08;165.18;17.49;57.18;19.91;1.66;0;;0.96475
201:607:101:010;839.26;166.26;18.61;62.47;21.04;1.72;0;;1.02413
201:607:101:110;829.41;165.25;18.76;63.15;22.24;1.93;0;;1.01342
201:607:101:210;806.57;132.09;18.35;58.88;22.63;1.79;0;;0.95701
201:607:101:310;640.37;139.42;16.2;51.36;23.04;1.45;0;;0.79599
201:607:101:410;452.46;131.55;13.42;42.25;22.86;0.76;0;;0.59743
201:607:101:510;270.96;102.31;10.36;32.48;23.55;0.76;0;;0.38363
201:607:101:610;88.62;72.19;6.89;22.62;23.52;0.48;0;;0.1677
201:607:101:710;0;62.09;1.51;13.02;22.3;0;0;;0.0636
201:607:101:810;0;19.3;0.47;4.02;21.39;0.28;0;;0.01977
201:607:101:910;0;0;0;0;20.21;0.83;0;;0
201:607:102:010;0;0;0;0;19.88;0.9;0;;0
201:607:102:110;0;0;0;0;19.27;0.97;0;;0
201:607:102:210;0;0;0;0;18.75;1.03;0;;0
201:607:102:310;0;0;0;0;18.07;1.17;0;;0
201:607:110:010;0;0;0;0;16.5;1.45;0;;0
201:607:110:110;0;0;0;0;15.07;1.66;0;;0
201:607:110:210;0;0;0;0;14.13;1.66;0;;0
201:607:110:310;0;4.2;0.1;1.72;13.34;1.66;0;;0.0043
201:607:110:410;2.1;51.06;2.33;10.52;13.4;1.59;0;;0.05549
201:607:110:510;124.44;90.75;5.66;20;16.45;1.17;0;;0.22085
201:607:110:610;273.78;139.6;8.85;29.83;19.14;1.31;0;;0.42223
201:607:110:710;460.39;160.78;12.16;39.66;20.58;1.66;0;;0.63333
201:607:110:810;552.42;213.83;14.44;49;21.9;1.93;0;;0.78069
201:607:110:910;763.35;170.39;17.22;57.06;23.2;2.28;0;;0.95096
201:607:111:010;784.11;191.35;18.06;62.34;24.44;2.83;0;;0.99352
201:607:111:110;799.25;176.71;18.39;63.02;25.5;2.97;0;;0.99435
201:607:111:210;777.63;143.57;17.98;58.78;26.4;2.9;0;;0.93918
201:607:111:310;617.09;148.5;15.87;51.28;27.07;2.76;0;;0.78146
201:607:111:410;435.09;138.41;13.14;42.17;27.49;2.69;0;;0.58664
201:607:111:510;259.8;108.06;10.13;32.42;27.45;2.48;0;;0.37799
201:607:111:610;72.4;91.17;6.39;22.55;26.96;2.21;0;;0.16996
201:607:111:710;0;72.16;1.76;12.95;25.89;1.93;0;;0.07392
201:607:111:810;0;18.46;0.45;3.94;24.23;1.79;0;;0.01891
201:607:111:910;0;0;0;0;22.45;1.93;0;;0
201:607:112:010;0;0;0;0;20.64;1.72;0;;0
201:607:112:110;0;0;0;0;19.67;1.66;0;;0
201:607:112:210;0;0;0;0;19.14;1.59;0;;0
201:607:112:310;0;0;0;0;18.59;1.59;0;;0
201:607:120:010;0;0;0;0;17.77;1.66;0;;0
201:607:120:110;0;0;0;0;17.16;1.59;0;;0
201:607:120:210;0;0;0;0;16.39;1.66;0;;0
201:607:120:310;0;1.68;0.04;1.6;15.99;1.52;0;;0.00172
201:607:120:410;0.12;51.53;1.25;10.4;16.09;1.45;0;;0.0529
201:607:120:510;101.08;104.69;5.29;19.88;17.96;1.1;0;;0.21106
201:607:120:610;299.99;123.71;9.05;29.71;21.55;1.1;0;;0.43275
201:607:120:710;413.12;184.02;11.71;39.54;22.39;1.66;0;;0.60885
201:607:120:810;603.86;181.92;14.73;48.88;23.54;1.86;0;;0.80051
201:607:120:910;40.07;343.84;8.46;56.92;24.39;2;0;;0.39237
201:607:121:010;384.94;375.77;14.73;62.2;25.18;2.28;0;;0.77544
201:607:121:110;192.53;412.38;12.48;62.89;25.75;2.14;0;;0.61739
201:607:121:210;622.99;227.45;16.63;58.68;26.42;2.14;0;;0.86707
201:607:121:310;2.94;245.14;5.64;51.2;26.01;1.24;0;;0.25372
201:607:121:410;40.36;278.67;7.23;42.1;25.57;0.62;0;;0.32626
201:607:121:510;205.63;145.05;9.36;32.34;26.51;0.9;0;;0.36004
201:607:121:610;67.78;96.32;6.23;22.48;26.82;0.76;0;;0.17033
201:607:121:710;0;57.9;1.41;12.87;25.84;0.62;0;;0.05931
201:607:121:810;0;17.62;0.43;3.85;24.72;1.1;0;;0.01805
201:607:121:910;0;0;0;0;23.02;1.66;0;;0
201:607:122:010;0;0;0;0;21.62;1.66;0;;0
201:607:122:110;0;0;0;0;21.22;1.45;0;;0
201:607:122:210;0;0;0;0;20.61;1.45;0;;0
201:607:122:310;0;0;0;0;20.32;1.24;0;;0
201:607:130:010;0;0;0;0;21.03;0.9;0;;0
201:607:130:110;0;0;0;0;18.16;1.66;0;;0
201:607:130:210;0;0;0;0;17.73;1.59;0;;0
201:607:130:310;0;0;0;0;17.84;1.1;0;;0
201:607:130:410;0.55;57.79;1.72;10.28;19;0.55;0;;0.06006
201:607:130:510;94.88;105.78;5.13;19.76;18.71;0;0;;0.20579
201:607:130:610;148.95;192.23;7.36;29.59;20.62;0.34;0;;0.34854
201:607:130:710;97.73;276.91;7.97;39.42;19.64;0.28;0;;0.38261
201:607:130:810;0;161.5;3.68;48.75;20.34;0.76;0;;0.16518
201:607:130:910;716.97;188.04;16.67;56.79;21.75;0.83;0;;0.92168
201:607:131:010;698.98;233.32;17.28;62.06;22.53;1.1;0;;0.94958
201:607:131:110;584.05;288.22;16.59;62.76;23.4;1.17;0;;0.88886
201:607:131:210;327.28;359.15;13.85;58.56;24.14;1.1;0;;0.70028
201:607:131:310;597.92;154.71;15.55;51.1;24.69;1.24;0;;0.76818
201:607:131:410;426.57;139.7;12.91;42.02;24.85;1.03;0;;0.57918
201:607:131:510;217.54;134.27;9.44;32.27;24.67;0.9;0;;0.36125
201:607:131:610;71.47;90.09;6.27;22.4;24.46;0.55;0;;0.16783
201:607:131:710;0;47.83;1.16;12.79;23.65;0.28;0;;0.04899
201:607:131:810;0;14.26;0.35;3.76;22.73;0.55;0;;0.01461
201:607:131:910;0;0;0;0;20.63;0.76;0;;0
201:607:132:010;0;0;0;0;19.41;0.97;0;;0
201:607:132:110;0;0;0;0;18.86;1.1;0;;0
201:607:132:210;0;0;0;0;18.63;1.17;0;;0
201:607:132:310;0;0;0;0;18.6;1.03;0;;0
201:607:140:010;0;0;0;0;18.4;1.38;0;;0
201:607:140:110;0;0;0;0;17.95;0.69;0;;0
201:607:140:210;0;0;0;0;17.73;0.48;0;;0
201:607:140:310;0;0;0;0;17.54;0.76;0;;0
201:607:140:410;0;9.87;0.22;10.15;17.54;0.97;0;;0.01009
201:607:140:510;0;21.53;0.49;19.64;17.69;0.69;0;;0.02202
201:607:140:610;0;52.04;1.18;29.47;17.88;0.69;0;;0.05322
201:607:140:710;0;158.81;3.62;39.29;16.67;1.24;0;;0.16243
201:607:140:810;0;187.52;4.27;48.62;16.99;1.79;0;;0.19179
201:607:140:910;0;139.97;3.19;56.65;17.94;2.62;0;;0.14316
201:607:141:010;0;71.78;1.63;61.91;18.43;3.72;0;;0.07341
201:607:141:110;3.27;278.43;6.39;62.62;18.39;3.79;0;;0.28809
201:607:141:210;236.47;383.83;12.77;58.44;18.4;3.31;0;;0.63307
201:607:141:310;0;137.28;3.13;51;18.6;3.24;0;;0.14041
201:607:141:410;0;72.68;1.65;41.93;18.4;3.45;0;;0.07433
201:607:141:510;29.76;214.1;5.74;32.18;17.88;3.52;0;;0.2496
201:607:141:610;12.6;143.36;4.02;22.31;16.86;3.86;0;;0.15998
201:607:141:710;0;73.84;1.8;12.7;15.37;3.52;0;;0.07564
201:607:141:810;0;15.94;0.39;3.66;14.45;2.55;0;;0.01633
201:607:141:910;0;0;0;0;13.31;2.62;0;;0
201:607:142:010;0;0;0;0;12.86;2.55;0;;0
201:607:142:110;0;0;0;0;12.37;2.69;0;;0
201:607:142:210;0;0;0;0;11.93;2.55;0;;0
201:607:142:310;0;0;0;0;11.54;2.34;0;;0
201:607:150:010;0;0;0;0;11.06;2.07;0;;0
201:607:150:110;0;0;0;0;10.53;1.72;0;;0
201:607:150:210;0;0;0;0;9.71;1.38;0;;0
201:607:150:310;0;0;0;0;9.02;1.24;0;;0
201:607:150:410;0.07;49.73;1.21;10.02;9.56;1.03;0;;0.05101
201:607:150:510;47;129.83;4.29;19.51;11.29;1.17;0;;0.18112
201:607:150:610;246.15;156.96;8.56;29.34;12.55;2.07;0;;0.41167
201:607:150:710;508.9;140.95;12.59;39.16;14.25;2.76;0;;0.66244
201:607:150:810;588.81;201.3;14.75;48.49;15.19;2.55;0;;0.80486
201:607:150:910;397.36;351.62;14.32;56.5;15.79;2.34;0;;0.7633
201:607:151:010;407.11;378.52;15.1;61.76;16.61;2.34;0;;0.80073
201:607:151:110;2.19;275.64;6.31;62.47;17.35;2.41;0;;0.28414
201:607:151:210;375.94;354.73;14.59;58.32;17.81;2.55;0;;0.74526
201:607:151:310;318.02;314.01;13.18;50.89;18.07;2.62;0;;0.64521
201:607:151:410;190.04;275.8;10.44;41.83;18.43;2.76;0;;0.47628
201:607:151:510;275.74;101.99;10.36;32.09;18.33;2.76;0;;0.38809
201:607:151:610;24.91;143.06;4.76;22.22;18.14;2.83;0;;0.17273
201:607:151:710;0;73;1.78;12.6;17.34;2.55;0;;0.07478
201:607:151:810;0;11.75;0.29;3.56;16.26;2.48;0;;0.01204
201:607:151:910;0;0;0;0;15.25;2.83;0;;0
201:607:152:010;0;0;0;0;14.54;2.97;0;;0
201:607:152:110;0;0;0;0;13.87;2.9;0;;0
201:607:152:210;0;0;0;0;13.4;2.76;0;;0
201:607:152:310;0;0;0;0;13.14;2.62;0;;0
201:607:160:010;0;0;0;0;12.97;2.34;0;;0
201:607:160:110;0;0;0;0;12.22;2.55;0;;0
201:607:160:210;0;0;0;0;11.89;2.62;0;;0
201:607:160:310;0;0;0;0;11.39;2.62;0;;0
201:607:160:410;0;8.97;0.2;9.88;11.42;2.62;0;;0.00917
201:607:160:510;0;29.61;0.67;19.38;11.61;2.62;0;;0.03028
201:607:160:610;0;48.45;1.1;29.21;11.68;2.97;0;;0.04955
201:607:160:710;0;100.49;2.29;39.03;12.36;3.31;0;;0.10278
201:607:160:810;0;103.18;2.35;48.35;12.65;3.17;0;;0.10553
201:607:160:910;0;128.3;2.92;56.35;12.72;3.03;0;;0.13122
201:607:161:010;0;141.76;3.23;61.59;12.73;2.9;0;;0.14499
201:607:161:110;0;71.78;1.63;62.31;12.89;3.24;0;;0.07341
201:607:161:210;0;127.41;2.9;58.18;12.81;3.45;0;;0.13031
201:607:161:310;0;87.93;2;50.78;12.84;3.31;0;;0.08993
201:607:161:410;0;81.65;1.86;41.73;12.8;2.69;0;;0.08351
201:607:161:510;0;82.55;1.88;32;12.83;2.34;0;;0.08443
201:607:161:610;0;44.86;1.02;22.12;12.8;2.28;0;;0.04588
201:607:161:710;0;71.32;1.74;12.5;12.89;2.28;0;;0.07306
201:607:161:810;0;11.75;0.29;3.45;12.63;2.21;0;;0.01204
201:607:161:910;0;0;0;0;11.95;2.07;0;;0
201:607:162:010;0;0;0;0;11.85;0;0;;0
201:607:162:110;0;0;0;0;11.82;0;0;;0
201:607:162:210;0;0;0;0;11.64;2;0;;0
201:607:162:310;0;0;0;0;11.49;1.93;0;;0
201:607:170:010;0;0;0;0;11.4;2.07;0;;0
201:607:170:110;0;0;0;0;11.49;2.07;0;;0
201:607:170:210;0;0;0;0;11.44;2.07;0;;0
201:607:170:310;0;0;0;0;11.5;2.14;0;;0
201:607:170:410;0;8.97;0.2;9.74;11.69;2.21;0;;0.00917
201:607:170:510;0;21.53;0.49;19.24;12.31;2.41;0;;0.02202
201:607:170:610;0;37.68;0.86;29.08;13.01;3.1;0;;0.03854
201:607:170:710;0;47.55;1.08;38.9;12.69;2.55;0;;0.04863
201:607:170:810;0;79.85;1.82;48.21;12.64;2.69;0;;0.08167
201:607:170:910;0;88.83;2.02;56.2;12.79;2.62;0;;0.09085
201:607:171:010;0;91.52;2.08;61.43;12.77;2.55;0;;0.0936
201:607:171:110;0;94.21;2.15;62.15;13.11;2.83;0;;0.09636
201:607:171:210;0;110.36;2.51;58.04;13.49;2.9;0;;0.11287
201:607:171:310;0;130.1;2.96;50.66;14.06;3.38;0;;0.13306
201:607:171:410;0;104.98;2.39;41.63;14.45;3.45;0;;0.10737
201:607:171:510;0;115.74;2.64;31.89;14.12;2.9;0;;0.11838
201:607:171:610;0.39;97.72;2.25;22.02;13.99;2.9;0;;0.10036
201:607:171:710;0;43.63;1.06;12.39;13.81;2.76;0;;0.04469
201:607:171:810;0;14.26;0.35;3.33;13.6;2.55;0;;0.01461
201:607:171:910;0;0;0;0;12.83;1.93;0;;0
201:607:172:010;0;0;0;0;12.29;1.79;0;;0
201:607:172:110;0;0;0;0;11.65;1.72;0;;0
201:607:172:210;0;0;0;0;11.11;1.66;0;;0
201:607:172:310;0;0;0;0;10.93;1.52;0;;0
201:607:180:010;0;0;0;0;10.6;1.59;0;;0
201:607:180:110;0;0;0;0;10.46;1.66;0;;0
201:607:180:210;0;0;0;0;10.51;1.66;0;;0
201:607:180:310;0;0;0;0;10.98;1.59;0;;0
201:607:180:410;0;30.51;0.69;9.6;11.71;1.45;0;;0.0312
201:607:180:510;107.47;95.25;5.19;19.11;13.74;1.38;0;;0.20791
201:607:180:610;272.61;134.92;8.58;28.95;15.54;2.07;0;;0.41611
201:607:180:710;464.02;155.04;11.93;38.76;16.94;2.07;0;;0.63099
201:607:180:810;367.52;294.2;12.67;48.06;18.08;2.83;0;;0.67439
201:607:180:910;386.38;346.23;13.97;56.04;19.38;3.1;0;;0.74658
201:607:181:010;767.56;201.1;17.73;61.26;20.04;3.24;0;;0.98639
201:607:181:110;401.64;369.62;14.96;61.99;20.08;2.9;0;;0.78622
201:607:181:210;540.48;274.1;15.85;57.9;20.57;3.17;0;;0.83043
201:607:181:310;0;183.04;4.17;50.54;20.58;3.1;0;;0.18721
201:607:181:410;0;87.03;1.98;41.51;20.57;2.76;0;;0.08901
201:607:181:510;42.34;215.92;6.13;31.79;19.61;2.55;0;;0.26439
201:607:181:610;1.94;117.97;2.8;21.91;18.88;2.07;0;;0.12271
201:607:181:710;0;68.8;1.68;12.28;18.21;1.86;0;;0.07048
201:607:181:810;0;13.43;0.33;3.21;17.27;1.72;0;;0.01376
201:607:181:910;0;0;0;0;16.31;1.93;0;;0
201:607:182:010;0;0;0;0;15.67;1.72;0;;0
201:607:182:110;0;0;0;0;14.75;1.52;0;;0
201:607:182:210;0;0;0;0;13.52;1.52;0;;0
201:607:182:310;0;0;0;0;12.57;1.52;0;;0
201:607:190:010;0;0;0;0;12.33;1.52;0;;0
201:607:190:110;0;0;0;0;12.3;1.45;0;;0
201:607:190:210;0;0;0;0;11.77;1.45;0;;0
201:607:190:310;0;0;0;0;11.3;1.45;0;;0
201:607:190:410;0.03;39.01;2.25;9.45;11.91;1.38;0;;0.04129
201:607:190:510;127.75;82.48;5.46;18.97;13.8;1.79;0;;0.21569
201:607:190:610;99.57;201.84;6.52;28.81;14.95;2.28;0;;0.30793
201:607:190:710;139.82;275.43;8.6;38.62;16.38;2.62;0;;0.42385
201:607:190:810;84.6;329.9;8.83;47.91;17.75;0;0;;0.42333
201:607:190:910;120.81;379.97;10.48;55.87;18.15;0;0;;0.51126
201:607:191:010;95.59;394.48;10.44;61.08;18.42;2.9;0;;0.50051
201:607:191:110;110.28;403.16;10.91;61.81;19.46;2.62;0;;0.52435
201:607:191:210;0;229.69;5.23;57.75;20.16;3.17;0;;0.23492
201:607:191:310;53.84;329.88;8.5;50.41;20.12;3.03;0;;0.39222
201:607:191:410;0;125.61;2.86;41.39;20.24;2.62;0;;0.12847
201:607:191:510;10.8;191.06;4.66;31.67;20.22;2.34;0;;0.20652
201:607:191:610;1.56;115.38;2.72;21.8;19.79;1.59;0;;0.11966
201:607:191:710;0;62.09;1.51;12.16;18.65;2.07;0;;0.0636
201:607:191:810;0;9.23;0.22;3.08;17.58;1.59;0;;0.00945
201:607:191:910;0;0;0;0;16.61;1.45;0;;0
201:607:192:010;0;0;0;0;15.38;1.38;0;;0
201:607:192:110;0;0;0;0;14.41;1.38;0;;0
201:607:192:210;0;0;0;0;13.3;1.38;0;;0
201:607:192:310;0;0;0;0;12.58;1.38;0;;0
201:607:200:010;0;0;0;0;11.91;1.38;0;;0
201:607:200:110;0;0;0;0;11.5;1.45;0;;0
201:607:200:210;0;0;0;0;11.02;1.45;0;;0
201:607:200:310;0;0;0;0;10.82;1.45;0;;0
201:607:200:410;0;32.72;0.8;9.31;11.3;1.31;0;;0.03352
201:607:200:510;64.9;118.38;4.49;18.82;14.14;1.17;0;;0.18777
201:607:200:610;315.33;115.6;9.01;28.67;16.25;1.72;0;;0.43994
201:607:200:710;486.04;147.8;12.14;38.48;17.23;1.86;0;;0.64598
201:607:200:810;637.25;169.7;14.85;47.76;18.5;1.93;0;;0.8218
201:607:200:910;711.84;202.62;16.63;55.71;19.36;1.86;0;;0.93109
201:607:201:010;597.38;297.38;16.55;60.9;19.98;1.79;0;;0.91131
201:607:201:110;510.61;333.18;16.02;61.63;20.62;1.72;0;;0.85981
201:607:201:210;506.77;296.47;15.63;57.59;21.29;1.93;0;;0.81887
201:607:201:310;418.79;264.81;14;50.27;21.2;2;0;;0.6976
201:607:201:410;31.36;269.34;6.8;41.27;21.03;2;0;;0.3075
201:607:201:510;46.24;217.79;6.27;31.55;20.93;2.14;0;;0.2703
201:607:201:610;55.43;109.54;5.72;21.68;20.54;2;0;;0.17069
201:607:201:710;0;60.41;1.47;12.03;19.8;1.79;0;;0.06188
201:607:201:810;0;12.59;0.31;2.95;18.54;1.66;0;;0.0129
201:607:201:910;0;0;0;0;16.89;1.59;0;;0
201:607:202:010;0;0;0;0;15;1.45;0;;0
201:607:202:110;0;0;0;0;13.9;1.38;0;;0
201:607:202:210;0;0;0;0;13.12;1.38;0;;0
201:607:202:310;0;0;0;0;12.22;1.45;0;;0
201:607:210:010;0;0;0;0;11.59;1.45;0;;0
201:607:210:110;0;0;0;0;11.05;1.38;0;;0
201:607:210:210;0;0;0;0;10.56;1.38;0;;0
201:607:210:310;0;0;0;0;10.16;1.45;0;;0
201:607:210:410;0;46.15;1.12;9.15;10.42;1.24;0;;0.04727
201:607:210:510;131.9;79.96;5.48;18.68;13.64;0.69;0;;0.21734
201:607:210:610;307.78;118.66;8.89;28.52;17.19;0.62;0;;0.43533
201:607:210:710;500.45;142.12;12.26;38.33;18.72;0.69;0;;0.65483
201:607:210:810;665.82;157.68;15.1;47.6;19.96;0.97;0;;0.8386
201:607:210:910;754.42;180.05;16.92;55.53;20.92;1.31;0;;0.95139
201:607:211:010;811.17;184.43;18.08;60.71;21.76;1.38;0;;1.01368
201:607:211:110;836.37;166.51;18.53;61.45;22.59;1.59;0;;1.02141
201:607:211:210;574.15;264.15;16.18;57.42;23.16;1.66;0;;0.85448
201:607:211:310;522.09;210.71;14.89;50.13;23.47;1.59;0;;0.74769
201:607:211:410;390.96;170.79;12.52;41.14;23.68;1.52;0;;0.57427
201:607:211:510;183.43;163.07;8.93;31.43;23.5;1.59;0;;0.35543
201:607:211:610;82.65;75.77;6.42;21.56;23.17;1.52;0;;0.16484
201:607:211:710;0;64.61;1.57;11.9;22.44;1.1;0;;0.06618
201:607:211:810;0;8.39;0.2;2.81;21.31;0.9;0;;0.00859
201:607:211:910;0;0;0;0;20.36;1.03;0;;0
201:607:212:010;0;0;0;0;20.49;0.83;0;;0
201:607:212:110;0;0;0;0;19.55;0.9;0;;0
201:607:212:210;0;0;0;0;19.19;0.83;0;;0
201:607:212:310;0;0;0;0;18.48;0.9;0;;0
201:607:220:010;0;0;0;0;17.66;0.97;0;;0
201:607:220:110;0;0;0;0;16.91;1.1;0;;0
201:607:220:210;0;0;0;0;16.23;1.17;0;;0
201:607:220:310;0;0;0;0;15.9;1.17;0;;0
201:607:220:410;0;46.15;1.12;9;16.14;0.9;0;;0.04727
201:607:220:510;69.26;112.27;4.45;18.53;17.77;0.34;0;;0.18598
201:607:220:610;52.81;196.51;5.48;28.38;20.08;0.34;0;;0.2548
201:607:220:710;311.38;227.64;10.5;38.18;21.23;0.34;0;;0.54952
201:607:220:810;631.77;166.8;14.63;47.45;22.4;0.41;0;;0.8132
201:607:220:910;736.99;180.91;16.59;55.36;23.41;0.62;0;;0.93449
201:607:221:010;87.2;388.07;10.15;60.52;23.78;0.69;0;;0.48542
201:607:221:110;0;88.83;2.02;61.26;24.58;0.76;0;;0.09085
201:607:221:210;364.81;347.53;14.1;57.25;24.76;0.76;0;;0.72644
201:607:221:310;0;138.17;3.15;49.98;25.08;0.83;0;;0.14132
201:607:221:410;437.21;136.69;12.81;41;25.01;0.76;0;;0.58671
201:607:221:510;241.56;116.52;9.5;31.3;25.04;0.48;0;;0.36758
201:607:221:610;70.74;87.65;6.03;21.42;24.43;0.14;0;;0.16442
201:607:221:710;0;60.41;1.47;11.77;23.34;0.14;0;;0.06188
201:607:221:810;0;10.91;0.27;2.66;22.66;0.28;0;;0.01118
201:607:221:910;0;0;0;0;22.36;0.41;0;;0
201:607:222:010;0;0;0;0;21.45;0;0;;0
201:607:222:110;0;0;0;0;18.92;0;0;;0
201:607:222:210;0;0;0;0;17.55;1.45;0;;0
201:607:222:310;0;0;0;0;16.78;1.45;0;;0
201:607:230:010;0;0;0;0;16.05;1.45;0;;0
201:607:230:110;0;0;0;0;15.38;1.45;0;;0
201:607:230:210;0;0;0;0;14.97;1.38;0;;0
201:607:230:310;0;0;0;0;14.55;1.31;0;;0
201:607:230:410;0;8.39;0.2;8.84;14.49;1.31;0;;0.00859
201:607:230:510;58.4;116;4.23;18.38;17.27;0.62;0;;0.17863
201:607:230:610;64.81;197.61;5.72;28.23;20.49;0.48;0;;0.26814
201:607:230:710;395.66;189.02;11.2;38.03;21.24;0.41;0;;0.59588
201:607:230:810;676.35;146.4;15;47.28;22.61;0.28;0;;0.83775
201:607:230:910;748.03;175.98;16.65;55.18;23.46;0;0;;0.94066
201:607:231:010;826.46;169.83;18;60.32;24.52;0.21;0;;1.01429
201:607:231:110;808.12;172.99;18.06;61.06;24.97;0.21;0;;0.99917
201:607:231:210;663.89;207.34;16.65;57.07;25.38;0.28;0;;0.88788
201:607:231:310;402;266.79;13.63;49.82;25.42;0.21;0;;0.68242
201:607:231:410;432.24;139.78;12.73;40.86;25.4;0.14;0;;0.58475
201:607:231:510;245.36;113.93;9.52;31.16;24.92;0.07;0;;0.36881
201:607:231:610;55.2;105.68;5.58;21.29;24.72;0.55;0;;0.16646
201:607:231:710;0;57.06;1.39;11.62;23.38;0.21;0;;0.05845
201:607:231:810;0;10.07;0.25;2.51;22.55;0.69;0;;0.01032
201:607:231:910;0;0;0;0;22.55;0.76;0;;0
201:607:232:010;0;0;0;0;21.06;0.9;0;;0
201:607:232:110;0;0;0;0;19.28;1.24;0;;0
201:607:232:210;0;0;0;0;18.16;1.38;0;;0
201:607:232:310;0;0;0;0;17.49;1.38;0;;0
201:607:240:010;0;0;0;0;17.11;1.38;0;;0
201:607:240:110;0;0;0;0;16.59;1.38;0;;0
201:607:240:210;0;0;0;0;16.45;1.24;0;;0
201:607:240:310;0;0;0;0;16.1;1.24;0;;0
201:607:240:410;0;45.31;1.1;8.68;16.08;1.17;0;;0.04641
201:607:240:510;25.6;117.75;3.37;18.22;17.88;0.62;0;;0.14672
201:607:240:610;101.59;194.27;6.33;28.08;20.37;0.62;0;;0.30219
201:607:240:710;131.26;269.57;8.27;37.87;21.8;0.48;0;;0.4091
201:607:240:810;501.15;230.58;13.5;47.12;22.92;0.62;0;;0.74523
201:607:240:910;537.37;280.29;15;54.99;23.92;0.55;0;;0.83266
201:607:241:010;0;69.98;1.59;60.12;24.36;0.69;0;;0.07157
201:607:241:110;52.45;368.79;9.21;60.85;25.12;0.76;0;;0.43045
201:607:241:210;36.56;339.51;8.34;56.89;25.51;0.76;0;;0.38441
201:607:241:310;134.37;340.74;10.17;49.66;25.23;0.76;0;;0.48528
201:607:241:410;411.84;147.62;12.4;40.71;25.47;0.55;0;;0.57186
201:607:241:510;184.69;153.79;8.68;31.02;23.39;0.34;0;;0.34716
201:607:241:610;61.3;96.21;5.68;21.14;22.53;0.48;0;;0.16319
201:607:241:710;0;55.38;1.35;11.48;22;0.55;0;;0.05673
201:607:241:810;0;8.39;0.2;2.35;21.14;0.28;0;;0.00859
201:607:241:910;0;0;0;0;20.02;0.76;0;;0
201:607:242:010;0;0;0;0;18.85;0.83;0;;0
201:607:242:110;0;0;0;0;17.91;1.03;0;;0
201:607:242:210;0;0;0;0;17.65;0.97;0;;0
201:607:242:310;0;0;0;0;18.13;0.69;0;;0
201:607:250:010;0;0;0;0;17.11;1.03;0;;0
201:607:250:110;0;0;0;0;16.63;1.31;0;;0
201:607:250:210;0;0;0;0;16.27;1.38;0;;0
201:607:250:310;0;0;0;0;15.98;1.38;0;;0
201:607:250:410;0;44.47;1.08;8.52;16;1.31;0;;0.04555
201:607:250:510;81.8;102.69;4.54;18.07;18.18;0.83;0;;0.18903
201:607:250:610;255.61;136.99;8.09;27.92;20.12;0.55;0;;0.40069
201:607:250:710;458.35;152.49;11.54;37.71;22.37;0.34;0;;0.62238
201:607:250:810;614.77;170.36;14.28;46.95;23.56;0.34;0;;0.79941
201:607:250:910;636.3;231.54;15.69;54.81;24.44;0.9;0;;0.88353
201:607:251:010;320.65;385.07;13.65;59.91;25.01;0.97;0;;0.71937
201:607:251:110;317.73;386.04;13.77;60.65;23.43;0.97;0;;0.71754
201:607:251:210;0;208.16;4.74;56.7;23.21;1.1;0;;0.2129
201:607:251:310;0;101.39;2.31;49.49;24.36;0.28;0;;0.1037
201:607:251:410;0;49.35;1.12;40.56;22.96;0.07;0;;0.05047
201:607:251:510;0;65.5;1.49;30.87;21.18;0.28;0;;0.06699
201:607:251:610;0;35.89;0.82;21;20.68;0.62;0;;0.03671
201:607:251:710;0;22.66;0.55;11.32;20.47;0.41;0;;0.02321
201:607:251:810;0;5.03;0.12;2.19;20.14;0.41;0;;0.00515
201:607:251:910;0;0;0;0;20.03;0.34;0;;0
201:607:252:010;0;0;0;0;18.62;0.9;0;;0
201:607:252:110;0;0;0;0;17.55;1.17;0;;0
201:607:252:210;0;0;0;0;17.07;1.17;0;;0
201:607:252:310;0;0;0;0;16.47;1.24;0;;0
201:607:260:010;0;0;0;0;15.8;1.24;0;;0
201:607:260:110;0;0;0;0;15.29;1.1;0;;0
201:607:260:210;0;0;0;0;15.25;1.1;0;;0
201:607:260:310;0;0;0;0;15.23;1.03;0;;0
201:607:260:410;0;35.24;0.86;8.36;15.58;0.9;0;;0.0361
201:607:260:510;54.11;112.7;4;17.91;17.36;0.76;0;;0.17081
201:607:260:610;83.61;194;5.97;27.77;19.23;0.55;0;;0.28358
201:607:260:710;466.61;148.84;11.58;37.55;21.01;0.48;0;;0.62703
201:607:260:810;394.1;277.24;12.56;46.78;23.39;0.34;0;;0.6839
201:607:260:910;209.25;375.13;11.65;54.62;24.35;0.34;0;;0.59603
201:607:261:010;641.86;265.55;16.49;59.7;25.55;0.41;0;;0.9239
201:607:261:110;736.98;208.96;17.35;60.43;25.94;0.69;0;;0.96329
201:607:261:210;472.44;301.29;14.93;56.5;26.32;0.97;0;;0.78866
201:607:261:310;95.52;337.16;9.38;49.32;26.66;1.24;0;;0.44206
201:607:261:410;252.01;237.44;10.75;40.4;25.55;0.69;0;;0.5002
201:607:261:510;68.68;208.26;6.64;30.72;23.32;0.41;0;;0.28358
201:607:261:610;37.4;121.07;4.9;20.84;22.61;0.34;0;;0.16337
201:607:261:710;0;62.09;1.51;11.16;22.32;0.48;0;;0.0636
201:607:261:810;0;6.71;0.16;2.02;21.82;1.1;0;;0.00687
201:607:261:910;0;0;0;0;20.65;1.03;0;;0
201:607:262:010;0;0;0;0;19.51;1.1;0;;0
201:607:262:110;0;0;0;0;18.57;1.24;0;;0
201:607:262:210;0;0;0;0;17.97;1.24;0;;0
201:607:262:310;0;0;0;0;17.71;1.17;0;;0
201:607:270:010;0;0;0;0;17.56;1.03;0;;0
201:607:270:110;0;0;0;0;16.73;1.17;0;;0
201:607:270:210;0;0;0;0;15.89;1.45;0;;0
201:607:270:310;0;0;0;0;15.58;1.24;0;;0
201:607:270:410;0;6.71;0.16;8.19;15.96;0.9;0;;0.00687
201:607:270:510;0;38.58;0.88;17.75;17.28;0.62;0;;0.03946
201:607:270:610;39.01;185.59;4.94;27.61;19.35;0.62;0;;0.22954
201:607:270:710;51.56;253.52;6.6;37.39;20.38;0.34;0;;0.31168
201:607:270:810;432.98;259.81;12.83;46.6;21.86;0.76;0;;0.70562
201:607:270:910;513.12;289.15;14.67;54.42;22.57;0.76;0;;0.81694
201:607:271:010;446.29;346.75;14.81;59.48;23.78;1.03;0;;0.80785
201:607:271:110;136.1;396.94;11.11;60.21;21.89;1.03;0;;0.54415
201:607:271:210;420.63;320.34;14.38;56.3;21.97;1.1;0;;0.75535
201:607:271:310;0;205.47;4.68;49.14;22.68;0.69;0;;0.21015
201:607:271:410;0;48.45;1.1;40.23;23.08;0.69;0;;0.04955
201:607:271:510;0;89.72;2.04;30.56;21.92;0.76;0;;0.09176
201:607:271:610;11.97;130.5;3.66;20.68;21.27;0.07;0;;0.14613
201:607:271:710;0;62.09;1.51;11;20.98;0.14;0;;0.0636
201:607:271:810;0;5.87;0.14;1.85;20.65;0.48;0;;0.00601
201:607:271:910;0;0;0;0;19.51;0.76;0;;0
201:607:272:010;0;0;0;0;18.72;0.69;0;;0
201:607:272:110;0;0;0;0;17.93;0.55;0;;0
201:607:272:210;0;0;0;0;17.69;0.28;0;;0
201:607:272:310;0;0;0;0;17.57;0.07;0;;0
201:607:280:010;0;0;0;0;17.29;0.62;0;;0
201:607:280:110;0;0;0;0;17.21;0.55;0;;0
201:607:280:210;0;0;0;0;17.26;0.48;0;;0
201:607:280:310;0;0;0;0;17.28;0.41;0;;0
201:607:280:410;0;6.71;0.16;8.02;17.41;0.28;0;;0.00687
201:607:280:510;0;18.84;0.43;17.59;18.1;0.07;0;;0.01927
201:607:280:610;0;32.3;0.74;27.44;18.84;0;0;;0.03304
201:607:280:710;0;79.85;1.82;37.22;19.21;0.41;0;;0.08167
201:607:280:810;102.89;322.81;8.89;46.42;20.33;0.28;0;;0.43459
201:607:280:910;0;0;0;0;21.13;0.62;0;;0
201:607:281:010;71.33;372.6;9.54;59.26;21.39;0.9;0;;0.45347
201:607:281:110;3.38;268.58;6.17;59.98;21.08;0.41;0;;0.27813
201:607:281:210;0;147.15;3.35;56.09;21.09;0.34;0;;0.1505
201:607:281:310;48.05;315.17;8.03;48.95;21.16;0.9;0;;0.37125
201:607:281:410;20.22;245.36;6.01;40.06;20.8;0.97;0;;0.27159
201:607:281:510;0;48.45;1.1;30.39;20.25;0.07;0;;0.04955
201:607:281:610;0;53.83;1.23;20.52;19.96;0.48;0;;0.05506
201:607:281:710;0;12.59;0.31;10.83;19.61;0.41;0;;0.0129
201:607:281:810;0;2.52;0.06;1.67;19.45;0.55;0;;0.00258
201:607:281:910;0;0;0;0;18.18;0.83;0;;0
201:607:282:010;0;0;0;0;17.64;0.97;0;;0
201:607:282:110;0;0;0;0;17.13;1.1;0;;0
201:607:282:210;0;0;0;0;16.76;1.1;0;;0
201:607:282:310;0;0;0;0;15.96;1.17;0;;0
201:607:290:010;0;0;0;0;15.47;0.97;0;;0
201:607:290:110;0;0;0;0;15.2;1.03;0;;0
201:607:290:210;0;0;0;0;14.82;1.03;0;;0
201:607:290:310;0;0;0;0;14.75;1.03;0;;0
201:607:290:410;0;7.55;0.18;7.85;15.05;0.83;0;;0.00773
201:607:290:510;8.56;102.43;2.55;17.42;16.39;0.76;0;;0.11354
201:607:290:610;23.24;176.11;4.43;27.28;17.76;1.1;0;;0.20378
201:607:290:710;89.57;263.66;7.42;37.06;19.33;0.76;0;;0.36065
201:607:290:810;403.79;273.89;12.56;46.24;20.92;0.97;0;;0.69024
201:607:290:910;575.39;264.22;15.14;54.02;22.12;0.97;0;;0.85475
201:607:291:010;811.13;176.72;17.59;59.04;23.26;1.1;0;;1.00544
201:607:291:110;92.75;387.9;10.24;59.75;23.9;1.38;0;;0.49089
201:607:291:210;569.17;256.08;15.65;55.88;24.12;1.66;0;;0.8409
201:607:291:310;459.47;235.21;13.89;48.76;24.33;1.72;0;;0.70857
201:607:291:410;94.1;278.7;8.27;39.89;24.23;1.59;0;;0.38107
201:607:291:510;246.57;110.54;9.3;30.22;23.25;2;0;;0.36641
201:607:291:610;78.22;72.2;5.97;20.35;21.61;1.52;0;;0.15639
201:607:291:710;0;60.41;1.47;10.65;21.15;1.17;0;;0.06188
201:607:291:810;0;3.36;0.08;1.48;20.4;1.03;0;;0.00344
201:607:291:910;0;0;0;0;20.98;0.14;0;;0
201:607:292:010;0;0;0;0;20.22;0.14;0;;0
201:607:292:110;0;0;0;0;19.52;0.07;0;;0
201:607:292:210;0;0;0;0;19.22;0.55;0;;0
201:607:292:310;0;0;0;0;17.62;1.03;0;;0
201:607:300:010;0;0;0;0;16.12;1.17;0;;0
201:607:300:110;0;0;0;0;14.95;0.97;0;;0
201:607:300:210;0;0;0;0;14.32;0.97;0;;0
201:607:300:310;0;0;0;0;14.24;1.1;0;;0
201:607:300:410;0;41.12;1;7.67;14.12;0.97;0;;0.04212
201:607:300:510;64.26;106.96;4.09;17.25;15.96;0.69;0;;0.17531
201:607:300:610;171.69;174.14;7.11;27.12;18.17;0.55;0;;0.35294
201:607:300:710;501.89;136.25;11.81;36.88;20.05;0.41;0;;0.64995
201:607:300:810;672.28;150.56;14.69;46.06;21.7;0.55;0;;0.83753
201:607:300:910;795.96;158.13;16.84;53.81;23.19;0.97;0;;0.97093
201:607:301:010;679.28;253.8;16.73;58.81;23.98;1.59;0;;0.94981
201:607:301:110;794.05;184.57;17.71;59.52;24.2;1.72;0;;0.99633
201:607:301:210;451.66;315.55;14.73;55.66;24.28;1.59;0;;0.78194
201:607:301:310;212.98;332.26;11.32;48.56;24.16;1.52;0;;0.55656
201:607:301:410;362.92;181.42;11.83;39.7;24.31;1.66;0;;0.55617
201:607:301:510;254.32;106.97;9.4;30.05;24.09;1.52;0;;0.37069
201:607:301:610;77.61;73.03;5.95;20.17;23.82;1.38;0;;0.15659
201:607:301:710;0;51.18;1.25;10.47;23.31;0.97;0;;0.05243
201:607:301:810;0;0;0;0;22.29;0.76;0;;0
201:607:301:910;0;0;0;0;22.84;0.76;0;;0
201:607:302:010;0;0;0;0;22.16;0.41;0;;0
201:607:302:110;0;0;0;0;21.65;0.34;0;;0
201:607:302:210;0;0;0;0;21.19;0.69;0;;0
201:607:302:310;0;0;0;0;20.72;0.69;0;;0
201:607:310:010;0;0;0;0;20.24;0.83;0;;0
201:607:310:110;0;0;0;0;19.27;0.55;0;;0
201:607:310:210;0;0;0;0;18.25;0.48;0;;0
201:607:310:310;0;0;0;0;16.14;1.03;0;;0
201:607:310:410;0;37.76;0.92;7.49;15.49;1.1;0;;0.03868
201:607:310:510;90.04;91.89;4.39;17.08;16.73;0.83;0;;0.18632
201:607:310:610;280.92;120.61;8.05;26.95;18.78;0.76;0;;0.40958
201:607:310:710;467.25;147.26;11.36;36.71;21.97;1.1;0;;0.62587
201:607:310:810;621.55;168.13;14.1;45.87;23.28;1.66;0;;0.80378
201:607:310:910;473.97;305.51;14.22;53.6;24.23;2.07;0;;0.7937
201:607:311:010;55.71;362.51;9.07;58.57;24.77;2.55;0;;0.42729
201:607:311:110;7.96;293.31;6.8;59.27;23.49;1.93;0;;0.30807
201:607:311:210;0;69.98;1.59;55.43;23.91;1.79;0;;0.07157
201:607:311:310;48.51;312.64;7.97;48.35;23.3;1.59;0;;0.36912
201:607:311:410;133.81;271.57;8.91;39.51;22.49;1.24;0;;0.41429
201:607:311:510;0.75;139.08;3.19;29.87;21.17;1.17;0;;0.14302
201:607:311:610;41.52;110.76;4.86;19.99;20.12;1.03;0;;0.15714
201:607:311:710;0;49.51;1.21;10.28;19.53;0.97;0;;0.05072
201:607:311:810;0;0;0;0;18.84;1.1;0;;0
201:607:311:910;0;0;0;0;19.13;1.1;0;;0
201:607:312:010;0;0;0;0;18.96;1.24;0;;0
201:607:312:110;0;0;0;0;18.44;1.17;0;;0
201:607:312:210;0;0;0;0;18.09;1.59;0;;0
201:607:312:310;0;0;0;0;17.84;1.66;0;;0
201:608:010:010;0;0;0;0;17.63;1.31;0;;0
201:608:010:110;0;0;0;0;17.51;1.59;0;;0
201:608:010:210;0;0;0;0;17.52;1.59;0;;0
201:608:010:310;0;0;0;0;17.63;1.52;0;;0
201:608:010:410;0;29.37;0.72;7.32;17.49;1.66;0;;0.03009
201:608:010:510;0;17.94;0.41;16.91;17.65;1.45;0;;0.01835
201:608:010:610;75;187.54;5.6;26.78;18.15;1.72;0;;0.26814
201:608:010:710;473.78;142.46;11.34;36.54;18.17;1.79;0;;0.62758
201:608:010:810;311.92;301.31;11.56;45.68;18.95;2.34;0;;0.62479
201:608:010:910;74.96;350.98;9.07;53.39;19.6;2.97;0;;0.43501
201:608:011:010;196.76;396.09;11.87;58.33;20.15;3.24;0;;0.60472
201:608:011:110;341.2;376.63;13.79;59.03;20.68;3.17;0;;0.73162
201:608:011:210;542.47;267.3;15.28;55.2;20.81;2.9;0;;0.82505
201:608:011:310;354.2;281.66;12.77;48.14;20.8;2.83;0;;0.64863
201:608:011:410;360.94;176.13;11.6;39.32;20.63;2.55;0;;0.54867
201:608:011:510;182.3;149.93;8.34;29.68;20.43;2.83;0;;0.34057
201:608:011:610;66.25;80.77;5.5;19.8;20.03;2.55;0;;0.15252
201:608:011:710;0;54.54;1.33;10.09;19.36;2.14;0;;0.05587
201:608:011:810;0;0;0;0;18.26;1.93;0;;0
201:608:011:910;0;0;0;0;17.57;1.86;0;;0
201:608:012:010;0;0;0;0;16.8;1.72;0;;0
201:608:012:110;0;0;0;0;16.12;1.66;0;;0
201:608:012:210;0;0;0;0;15.52;1.59;0;;0
201:608:012:310;0;0;0;0;15.01;1.52;0;;0
201:608:020:010;0;0;0;0;14.57;1.45;0;;0
201:608:020:110;0;0;0;0;14.43;1.45;0;;0
201:608:020:210;0;0;0;0;14.06;1.38;0;;0
201:608:020:310;0;0;0;0;13.26;1.45;0;;0
201:608:020:410;0;34.4;0.84;7.13;12.9;1.31;0;;0.03524
201:608:020:510;39.35;110.53;3.49;16.74;14.44;1.03;0;;0.15337
201:608:020:610;173.61;172.23;7.03;26.6;16.64;1.24;0;;0.35287
201:608:020:710;0;0;0;0;18.12;1.24;0;;0
201:608:020:810;673.92;150.5;14.57;45.49;19.43;1.03;0;;0.83899
201:608:020:910;786.2;163.37;16.61;53.17;20.36;1.03;0;;0.96618
201:608:021:010;868.93;155.77;18;58.09;21.06;1.03;0;;1.0427
201:608:021:110;826.45;170.85;17.88;58.77;21.58;1.03;0;;1.01518
201:608:021:210;729.63;174.8;16.79;54.96;21.98;1.24;0;;0.92122
201:608:021:310;545.57;193.63;14.55;47.93;22.08;1.31;0;;0.75375
201:608:021:410;275.24;227.88;10.85;39.12;22.23;1.52;0;;0.51397
201:608:021:510;281.82;89.09;9.64;29.49;21.96;1.72;0;;0.38055
201:608:021:610;51.82;99.09;5.15;19.61;21.41;1.66;0;;0.15606
201:608:021:710;0;55.38;1.35;9.89;20.53;1.72;0;;0.05673
201:608:021:810;0;0;0;0;18.93;1.72;0;;0
201:608:021:910;0;0;0;0;17.49;1.52;0;;0
201:608:022:010;0;0;0;0;16.51;1.24;0;;0
201:608:022:110;0;0;0;0;15.95;1.1;0;;0
201:608:022:210;0;0;0;0;15.72;1.03;0;;0
201:608:022:310;0;0;0;0;16.02;0.9;0;;0
201:608:030:010;0;0;0;0;16.46;0.76;0;;0
201:608:030:110;0;0;0;0;16.12;0.83;0;;0
201:608:030:210;0;0;0;0;15.68;0.97;0;;0
201:608:030:310;0;0;0;0;14.98;1.17;0;;0
201:608:030:410;0;26.85;0.65;6.95;14.74;1.17;0;;0.0275
201:608:030:510;98.84;86.17;4.41;16.56;16.07;0.83;0;;0.18942
201:608:030:610;302.54;111.09;8.15;26.43;17.05;0.83;0;;0.42178
201:608:030:710;0;0;0;0;18.44;1.45;0;;0
201:608:030:810;590.05;188.96;13.81;45.29;19.3;1.45;0;;0.79282
201:608:030:910;285.37;363.04;12.38;52.95;19.93;1.38;0;;0.66079
201:608:031:010;275.34;392.09;12.91;57.84;20.41;1.31;0;;0.68034
201:608:031:110;760.16;200.39;17.22;58.52;20.76;1.24;0;;0.97777
201:608:031:210;528.23;277.73;15.16;54.72;21.1;1.24;0;;0.82112
201:608:031:310;525.56;199.55;14.24;47.71;21.66;1.24;0;;0.73935
201:608:031:410;454.86;124.11;12.46;38.91;21.61;1.24;0;;0.59143
201:608:031:510;254.81;102.37;9.17;29.29;21.77;1.31;0;;0.36635
201:608:031:610;64.09;81.88;5.39;19.41;21.49;1.38;0;;0.15136
201:608:031:710;0;52.02;1.27;9.69;20.86;1.17;0;;0.05329
201:608:031:810;0;0;0;0;19.54;1.1;0;;0
201:608:031:910;0;0;0;0;18.43;0.9;0;;0
201:608:032:010;0;0;0;0;18.5;0.69;0;;0
201:608:032:110;0;0;0;0;18.01;0.55;0;;0
201:608:032:210;0;0;0;0;17.57;0.48;0;;0
201:608:032:310;0;0;0;0;17.2;0.55;0;;0
201:608:040:010;0;0;0;0;16.88;0.55;0;;0
201:608:040:110;0;0;0;0;16.75;0.48;0;;0
201:608:040:210;0;0;0;0;16.66;0.55;0;;0
201:608:040:310;0;0;0;0;16.33;0.76;0;;0
201:608:040:410;0;35.24;0.86;6.77;15.95;0.83;0;;0.0361
201:608:040:510;110.37;77.29;4.47;16.38;16.52;0.34;0;;0.19213
201:608:040:610;194.58;157.61;7.05;26.25;19.12;0.41;0;;0.35924
201:608:040:710;462.23;146.33;11.07;35.99;20.55;0.83;0;;0.61963
201:608:040:810;577.13;188.76;13.55;45.09;21.67;1.1;0;;0.77944
201:608:040:910;767.98;161.26;16.16;52.72;22.94;1.52;0;;0.9454
201:608:041:010;838.13;159.08;17.43;57.59;23.33;1.79;0;;1.01464
201:608:041:110;715.37;217.85;16.73;58.25;24.09;1.72;0;;0.94995
201:608:041:210;436.64;311.15;14.22;54.47;24.32;1.72;0;;0.76201
201:608:041:310;524.27;193.66;14.06;47.48;24.69;1.93;0;;0.73199
201:608:041:410;280.21;215.21;10.62;38.7;24.37;1.72;0;;0.50604
201:608:041:510;107.27;185.09;7.05;29.08;24.27;1.72;0;;0.29941
201:608:041:610;36.98;109.27;4.56;19.21;23.75;1.45;0;;0.15081
201:608:041:710;0;52.02;1.27;9.48;23.2;1.38;0;;0.05329
201:608:041:810;0;0;0;0;21.99;1.45;0;;0
201:608:041:910;0;0;0;0;20.85;1.59;0;;0
201:608:042:010;0;0;0;0;19.34;1.45;0;;0
201:608:042:110;0;0;0;0;18.33;1.38;0;;0
201:608:042:210;0;0;0;0;17.6;1.38;0;;0
201:608:042:310;0;0;0;0;16.97;1.38;0;;0
201:608:050:010;0;0;0;0;16.56;1.38;0;;0
201:608:050:110;0;0;0;0;16.12;1.38;0;;0
201:608:050:210;0;0;0;0;15.77;1.45;0;;0
201:608:050:310;0;0;0;0;15.62;1.45;0;;0
201:608:050:410;0;31.05;0.76;6.58;15.82;1.45;0;;0.03181
201:608:050:510;28.06;105.06;3.06;16.2;17.9;1.24;0;;0.13618
201:608:050:610;277.94;120.12;7.78;26.08;20.64;1.52;0;;0.40584
201:608:050:710;100.43;257.53;7.38;35.81;20.92;1.66;0;;0.36534
201:608:050:810;40.04;288.64;7.15;44.89;22.27;2.69;0;;0.33583
201:608:050:910;35.63;320.4;7.8;52.5;23.01;2.97;0;;0.36383
201:608:051:010;287.78;385.32;12.91;57.33;23.71;3.17;0;;0.68601
201:608:051:110;561.68;297.55;15.63;57.99;24.14;3.24;0;;0.87486
201:608:051:210;177.25;373.65;11.26;54.22;24.33;2.97;0;;0.56216
201:608:051:310;436.89;241.69;13.34;47.25;24.41;2.69;0;;0.69192
201:608:051:410;50.2;262.37;6.97;38.48;24.67;2.62;0;;0.31954
201:608:051:510;110.83;183.46;7.09;28.87;24.26;2.28;0;;0.30138
201:608:051:610;66.76;74.17;5.33;19;23.81;1.52;0;;0.14626
201:608:051:710;0;43.63;1.06;9.27;23.13;1.17;0;;0.04469
201:608:051:810;0;0;0;0;22.07;0.97;0;;0
201:608:051:910;0;0;0;0;20.55;1.17;0;;0
201:608:052:010;0;0;0;0;19.64;1.17;0;;0
201:608:052:110;0;0;0;0;18.89;1.17;0;;0
201:608:052:210;0;0;0;0;18.2;1.45;0;;0
201:608:052:310;0;0;0;0;17.88;1.52;0;;0
201:608:060:010;0;0;0;0;17.8;1.45;0;;0
201:608:060:110;0;0;0;0;17.44;1.52;0;;0
201:608:060:210;0;0;0;0;16.6;1.66;0;;0
201:608:060:310;0;0;0;0;16.36;1.59;0;;0
201:608:060:410;0;5.03;0.12;6.39;16.11;1.66;0;;0.00515
201:608:060:510;0;17.05;0.39;16.02;16.2;1.59;0;;0.01744
201:608:060:610;0;84.34;1.92;25.9;16.52;1.72;0;;0.08626
201:608:060:710;0;73.57;1.68;35.62;16.91;1.72;0;;0.07525
201:608:060:810;34.3;279.75;6.86;44.69;17.43;1.72;0;;0.32091
201:608:060:910;3.58;249.8;5.74;52.26;17.85;1.72;0;;0.25912
201:608:061:010;0;77.16;1.76;57.07;17.98;1.86;0;;0.07892
201:608:061:110;0;120.23;2.74;57.71;17.41;2.21;0;;0.12297
201:608:061:210;1.12;227.09;5.19;53.96;16.44;2.14;0;;0.2334
201:608:061:310;1.05;215.42;4.92;47.01;16.14;2.28;0;;0.22139
201:608:061:410;427.99;131.61;11.91;38.26;16.26;2.34;0;;0.57151
201:608:061:510;207.96;126.25;8.36;28.66;16.97;2.62;0;;0.34257
201:608:061:610;70.54;67.93;5.37;18.78;16.99;2.41;0;;0.14384
201:608:061:710;0;48.67;1.18;9.05;16.75;2.34;0;;0.04985
201:608:061:810;0;0;0;0;16.04;2.21;0;;0
201:608:061:910;0;0;0;0;15.58;1.93;0;;0
201:608:062:010;0;0;0;0;14.97;1.79;0;;0
201:608:062:110;0;0;0;0;14.18;1.79;0;;0
201:608:062:210;0;0;0;0;13.48;1.79;0;;0
201:608:062:310;0;0;0;0;13.04;1.86;0;;0
201:608:070:010;0;0;0;0;12.73;1.93;0;;0
201:608:070:110;0;0;0;0;12.73;1.93;0;;0
201:608:070:210;0;0;0;0;12.49;1.93;0;;0
201:608:070:310;0;0;0;0;12.05;1.93;0;;0
201:608:070:410;0;29.37;0.72;6.2;11.81;1.86;0;;0.03009
201:608:070:510;128.83;69.82;4.66;15.84;13.06;1.66;0;;0.20331
201:608:070:610;311.52;109.71;8.11;25.71;15.37;2.07;0;;0.42934
201:608:070:710;501.42;139.17;11.46;35.43;16.14;2.41;0;;0.65205
201:608:070:810;672.16;155.7;14.36;44.48;17.55;2.83;0;;0.84222
201:608:070:910;795.54;163.18;16.49;52.03;18.6;3.24;0;;0.97521
201:608:071:010;866.89;162;17.8;56.8;19.41;3.17;0;;1.04669
201:608:071:110;857.5;159.83;17.94;57.44;19.9;2.9;0;;1.03527
201:608:071:210;768.88;158.86;16.94;53.69;20.27;2.9;0;;0.94468
201:608:071:310;667.57;128.67;15.36;46.76;20.38;2.9;0;;0.8116
201:608:071:410;446.95;132.11;12.28;38.03;20.23;2.76;0;;0.59134
201:608:071:510;253.18;103.17;9.01;28.44;19.86;2.55;0;;0.36536
201:608:071:610;75.53;64.51;5.56;18.56;19.27;2.28;0;;0.1456
201:608:071:710;0;46.15;1.12;8.82;18.29;1.86;0;;0.04727
201:608:071:810;0;0;0;0;16.82;1.66;0;;0
201:608:071:910;0;0;0;0;15.38;1.52;0;;0
201:608:072:010;0;0;0;0;14.68;1.24;0;;0
201:608:072:110;0;0;0;0;14.14;1.17;0;;0
201:608:072:210;0;0;0;0;13.48;1.1;0;;0
201:608:072:310;0;0;0;0;12.37;1.17;0;;0
201:608:080:010;0;0;0;0;11.58;1.24;0;;0
201:608:080:110;0;0;0;0;10.83;1.24;0;;0
201:608:080:210;0;0;0;0;10.43;1.24;0;;0
201:608:080:310;0;0;0;0;10.08;1.17;0;;0
201:608:080:410;0;28.53;0.69;6.01;9.93;1.17;0;;0.02922
201:608:080:510;125.09;70.07;4.54;15.66;12;0.62;0;;0.1997
201:608:080:610;305.07;110.91;7.97;25.53;15.81;0.34;0;;0.42395
201:608:080:710;501.71;136.27;11.36;35.24;17.61;0.14;0;;0.64934
201:608:080:810;672.66;151.56;14.24;44.27;18.94;0.34;0;;0.83846
201:608:080:910;785.34;165.55;16.3;51.79;20.1;0.48;0;;0.96719
201:608:081:010;856.84;163.26;17.59;56.54;21.14;0.62;0;;1.03769
201:608:081:110;859.29;155.69;17.84;57.15;21.99;0.62;0;;1.03282
201:608:081:210;790.74;144.18;17;53.42;22.68;0.41;0;;0.95192
201:608:081:310;666.91;125.77;15.24;46.51;23.12;0.41;0;;0.80792
201:608:081:410;445.95;129.42;12.16;37.8;23.28;0.48;0;;0.58753
201:608:081:510;251.24;101.61;8.89;28.21;23.17;0.62;0;;0.36174
201:608:081:610;73.58;64.78;5.46;18.34;22.68;0.62;0;;0.14382
201:608:081:710;0;46.15;1.12;8.59;21.76;0.83;0;;0.04727
201:608:081:810;0;0;0;0;20.11;0.97;0;;0
201:608:081:910;0;0;0;0;19.65;0.83;0;;0
201:608:082:010;0;0;0;0;19.15;0.48;0;;0
201:608:082:110;0;0;0;0;18.43;0.28;0;;0
201:608:082:210;0;0;0;0;17.93;0.14;0;;0
201:608:082:310;0;0;0;0;17.51;0.34;0;;0
201:608:090:010;0;0;0;0;17;0.76;0;;0
201:608:090:110;0;0;0;0;15.9;1.03;0;;0
201:608:090:210;0;0;0;0;14.26;1.17;0;;0
201:608:090:310;0;0;0;0;13.35;1.24;0;;0
201:608:090:410;0;29.37;0.72;5.81;12.88;1.17;0;;0.03009
201:608:090:510;111.84;74.87;4.29;15.47;14.9;0.62;0;;0.191
201:608:090:610;292.08;113.92;7.74;25.34;18.18;0.21;0;;0.41374
201:608:090:710;488.06;139.47;11.13;35.05;19.93;0.55;0;;0.63866
201:608:090:810;664.81;152.84;14.08;44.06;21.16;0.76;0;;0.83173
201:608:090:910;777.51;165.69;16.12;51.55;22.2;0.97;0;;0.95932
201:608:091:010;847.95;164.54;17.41;56.26;22.91;1.1;0;;1.0299
201:608:091:110;850.59;155.84;17.63;56.87;23.19;1.17;0;;1.02406
201:608:091:210;761.93;154.99;16.63;53.15;23.22;1.03;0;;0.93355
201:608:091:310;650.28;131.18;14.98;46.26;23.5;1.03;0;;0.79644
201:608:091:410;427.63;135.48;11.85;37.56;23.28;1.17;0;;0.57496
201:608:091:510;226.55;114.86;8.5;27.98;23.25;1.24;0;;0.34991
201:608:091:610;75.71;59.74;5.43;18.11;22.87;1.03;0;;0.14088
201:608:091:710;0;41.12;1;8.36;22.01;0.83;0;;0.04212
201:608:091:810;0;0;0;0;20.69;0.97;0;;0
201:608:091:910;0;0;0;0;18.67;1.45;0;;0
201:608:092:010;0;0;0;0;17.38;1.31;0;;0
201:608:092:110;0;0;0;0;16.03;1.38;0;;0
201:608:092:210;0;0;0;0;15.27;1.31;0;;0
201:608:092:310;0;0;0;0;14.77;1.31;0;;0
201:608:100:010;0;0;0;0;14.73;1.31;0;;0
201:608:100:110;0;0;0;0;14.47;1.31;0;;0
201:608:100:210;0;0;0;0;14.56;1.24;0;;0
201:608:100:310;0;0;0;0;14.69;1.17;0;;0
201:608:100:410;0;5.87;0.14;5.62;14.77;1.1;0;;0.00601
201:608:100:510;0.87;65.53;1.51;15.28;15.18;0.97;0;;0.06791
201:608:100:610;0;96;2.19;25.16;16.01;1.03;0;;0.09819
201:608:100:710;32.79;227.44;5.66;34.85;16.44;0.76;0;;0.26589
201:608:100:810;0;84.34;1.92;43.84;17.05;0.76;0;;0.08626
201:608:100:910;0;145.35;3.31;51.31;17.36;0.62;0;;0.14866
201:608:101:010;0;172.27;3.92;55.99;17.03;0.9;0;;0.17619
201:608:101:110;0;148.04;3.37;56.58;16.76;1.24;0;;0.15141
201:608:101:210;0;133.69;3.04;52.87;16.47;1.24;0;;0.13673
201:608:101:310;0;56.53;1.29;46;16.67;1.45;0;;0.05782
201:608:101:410;0;45.76;1.04;37.32;16.48;1.38;0;;0.0468
201:608:101:510;0;115.74;2.64;27.75;16.11;1.31;0;;0.11838
201:608:101:610;0;48.45;1.1;17.88;15.21;1.59;0;;0.04955
201:608:101:710;0;36.08;0.88;8.12;14.18;1.86;0;;0.03696
201:608:101:810;0;0;0;0;13.35;2;0;;0
201:608:101:910;0;0;0;0;11.52;2;0;;0
201:608:102:010;0;0;0;0;10.77;1.93;0;;0
201:608:102:110;0;0;0;0;10.1;1.93;0;;0
201:608:102:210;0;0;0;0;9.48;1.93;0;;0
201:608:102:310;0;0;0;0;9.13;1.86;0;;0
201:608:110:010;0;0;0;0;9.13;1.86;0;;0
201:608:110:110;0;0;0;0;8.9;1.86;0;;0
201:608:110:210;0;0;0;0;8.51;1.79;0;;0
201:608:110:310;0;0;0;0;8.3;1.72;0;;0
201:608:110:410;0;27.69;0.67;5.42;8.16;1.59;0;;0.02836
201:608:110:510;15.84;95.92;2.53;15.09;9.54;1.45;0;;0.11429
201:608:110:610;188.81;160.69;6.78;24.97;11.25;2.28;0;;0.35628
201:608:110:710;283.8;231.53;9.5;34.66;11.63;2.34;0;;0.52483
201:608:110:810;302.16;307.07;11.24;43.63;12.11;2.34;0;;0.62047
201:608:110:910;85.05;351.49;9.15;51.06;12.95;2.28;0;;0.44569
201:608:111:010;274.7;391.54;12.71;55.71;13.6;2.14;0;;0.67895
201:608:111:110;227.75;397.58;12.28;56.28;14.05;2;0;;0.63761
201:608:111:210;88.83;361.61;9.56;52.58;14.36;2.14;0;;0.46
201:608:111:310;48.35;306.91;7.78;45.73;14.57;2.14;0;;0.36304
201:608:111:410;56.35;261.55;7.03;37.07;15.09;2.14;0;;0.32493
201:608:111:510;11.87;171.65;4.21;27.5;14.75;2.21;0;;0.18773
201:608:111:610;10.66;113.06;3.17;17.64;14.16;2;0;;0.12689
201:608:111:710;0;35.24;0.86;7.88;13.76;1.59;0;;0.0361
201:608:111:810;0;0;0;0;12.52;1.52;0;;0
201:608:111:910;0;0;0;0;11.9;1.45;0;;0
201:608:112:010;0;0;0;0;10.47;1.52;0;;0
201:608:112:110;0;0;0;0;9.22;1.52;0;;0
201:608:112:210;0;0;0;0;8.23;1.52;0;;0
201:608:112:310;0;0;0;0;7.49;1.52;0;;0
201:608:120:010;0;0;0;0;6.93;1.52;0;;0
201:608:120:110;0;0;0;0;7.02;1.45;0;;0
201:608:120:210;0;0;0;0;6.84;1.38;0;;0
201:608:120:310;0;0;0;0;6.67;1.31;0;;0
201:608:120:410;0;26.01;0.63;5.22;6.64;1.24;0;;0.02664
201:608:120:510;81.96;88.98;3.82;14.9;8.66;0.76;0;;0.17476
201:608:120:610;294.21;117.35;7.7;24.78;11.87;0.62;0;;0.41926
201:608:120:710;498.55;141.2;11.18;34.46;13.41;0.76;0;;0.65093
201:608:120:810;669.02;158.84;14.08;43.41;14.88;0.83;0;;0.84194
201:608:120:910;696.57;219.78;15.61;50.81;16.07;1.31;0;;0.93196
201:608:121:010;734.07;235.67;16.65;55.42;16.93;1.66;0;;0.98639
201:608:121:110;453.63;352.89;14.71;55.98;17.63;2.07;0;;0.82123
201:608:121:210;4.57;259.75;5.99;52.29;17.67;2.07;0;;0.27031
201:608:121:310;0;197.39;4.49;45.46;17.21;2;0;;0.20188
201:608:121:410;0;104.98;2.39;36.81;17.03;1.66;0;;0.10737
201:608:121:510;85.91;188.76;6.46;27.26;16.82;1.31;0;;0.28113
201:608:121:610;13.95;113.92;3.37;17.39;16.8;1.31;0;;0.13124
201:608:121:710;0;38.6;0.94;7.63;16.02;1.24;0;;0.03954
201:608:121:810;0;0;0;0;14.97;1.17;0;;0
201:608:121:910;0;0;0;0;14.18;0.97;0;;0
201:608:122:010;0;0;0;0;13.8;0.9;0;;0
201:608:122:110;0;0;0;0;13.39;0.9;0;;0
201:608:122:210;0;0;0;0;13.19;0.83;0;;0
201:608:122:310;0;0;0;0;12.63;0.83;0;;0
201:608:130:010;0;0;0;0;12.21;0.83;0;;0
201:608:130:110;0;0;0;0;11.41;0.76;0;;0
201:608:130:210;0;0;0;0;10.96;0.83;0;;0
201:608:130:310;0;0;0;0;10.92;0.76;0;;0
201:608:130:410;0;23.49;0.57;5.02;10.9;0.69;0;;0.02406
201:608:130:510;34.28;96.19;2.92;14.71;11.61;0.41;0;;0.13339
201:608:130:610;17.83;155.32;3.82;24.59;13.61;0.21;0;;0.17697
201:608:130:710;122.67;252.45;7.48;34.25;15.16;0.69;0;;0.3826
201:608:130:810;197.62;316.53;9.89;43.19;16.17;1.31;0;;0.52404
201:608:130:910;241.31;361.52;11.48;50.55;16.61;1.45;0;;0.61431
201:608:131:010;174.81;387.99;11.2;55.13;17.15;1.38;0;;0.574
201:608:131:110;7.13;282.51;6.54;55.68;17.59;1.31;0;;0.29618
201:608:131:210;30.98;316.87;7.68;52;17.8;1.31;0;;0.35553
201:608:131:310;76.91;314.02;8.4;45.19;17.99;1.31;0;;0.39933
201:608:131:410;0.98;171.43;3.92;36.55;17.98;1.1;0;;0.17633
201:608:131:510;6.4;155.38;3.7;27.01;17.94;0.83;0;;0.16548
201:608:131:610;69.35;59.61;5.09;17.14;17.89;0.9;0;;0.13405
201:608:131:710;0;38.6;0.94;7.37;17.49;0.9;0;;0.03954
201:608:131:810;0;0;0;0;16.92;0.97;0;;0
201:608:131:910;0;0;0;0;15.56;0.83;0;;0
201:608:132:010;0;0;0;0;15.29;0.76;0;;0
201:608:132:110;0;0;0;0;15.01;0.62;0;;0
201:608:132:210;0;0;0;0;14.57;0.62;0;;0
201:608:132:310;0;0;0;0;14.21;0.55;0;;0
201:608:140:010;0;0;0;0;13.99;0.62;0;;0
201:608:140:110;0;0;0;0;13.91;0.76;0;;0
201:608:140:210;0;0;0;0;14.23;0.69;0;;0
201:608:140:310;0;0;0;0;14.44;0.62;0;;0
201:608:140:410;0;9.23;0.22;4.82;14.69;0.48;0;;0.00945
201:608:140:510;12.79;87.77;2.27;14.52;15.08;0.34;0;;0.10283
201:608:140:610;276.37;117.34;7.29;24.39;16.5;0.41;0;;0.401
201:608:140:710;474.38;143.28;10.71;34.05;18.27;1.17;0;;0.62837
201:608:140:810;596.92;182.91;13.24;42.96;19.51;1.66;0;;0.79307
201:608:140:910;298.9;351.52;12.05;50.3;20.42;2.14;0;;0.66247
201:608:141:010;237.65;385.49;11.99;54.84;21.08;2.21;0;;0.63513
201:608:141:110;256.57;384.71;12.36;55.37;21.63;1.93;0;;0.65364
201:608:141:210;431.99;310.96;13.77;51.7;22.1;2;0;;0.75672
201:608:141:310;443.8;234.53;12.95;44.91;22.39;2.28;0;;0.69128
201:608:141:410;238.37;226.96;9.73;36.29;22.58;2.28;0;;0.47506
201:608:141:510;257.13;90.07;8.56;26.75;22.48;2.34;0;;0.35576
201:608:141:610;59.1;66.88;4.72;16.89;21.84;1.38;0;;0.1307
201:608:141:710;0;36.92;0.9;7.11;20.95;1.17;0;;0.03782
201:608:141:810;0;0;0;0;19.34;1.03;0;;0
201:608:141:910;0;0;0;0;19.16;1.03;0;;0
201:608:142:010;0;0;0;0;18.91;0.97;0;;0
201:608:142:110;0;0;0;0;18.09;0.9;0;;0
201:608:142:210;0;0;0;0;15.99;1.24;0;;0
201:608:142:310;0;0;0;0;14.94;1.24;0;;0
201:608:150:010;0;0;0;0;14.69;1.03;0;;0
201:608:150:110;0;0;0;0;13.94;1.1;0;;0
201:608:150:210;0;0;0;0;12.83;1.45;0;;0
201:608:150:310;0;0;0;0;12.31;1.59;0;;0
201:608:150:410;0;20.98;0.51;4.61;12;1.52;0;;0.02149
201:608:150:510;2.78;71.02;1.68;14.32;13.56;0.97;0;;0.07548
201:608:150:610;27.18;161.01;4.09;24.2;16.54;0.76;0;;0.19228
201:608:150:710;83.15;247.51;6.78;33.85;18.79;1.03;0;;0.33744
201:608:150:810;205.68;315.31;9.93;42.73;19.72;1.1;0;;0.53092
201:608:150:910;769.58;171.43;15.73;50.04;21.08;1.52;0;;0.95674
201:608:151:010;499.19;329.39;14.61;54.55;21.6;2.21;0;;0.84319
201:608:151:110;548.67;306.75;15.16;55.06;21.95;2.28;0;;0.87058
201:608:151:210;0;0;0;0;22.09;2.28;0;;0
201:608:151:310;440.22;238.93;12.93;44.62;22.07;2.21;0;;0.69208
201:608:151:410;406.74;143.14;11.3;36.02;21.73;2.28;0;;0.56118
201:608:151:510;141.35;158.32;7.11;26.49;21.04;2.21;0;;0.30678
201:608:151:610;57.87;67.73;4.68;16.63;20.19;1.93;0;;0.13028
201:608:151:710;0;26.01;0.63;6.85;19.2;1.59;0;;0.02664
201:608:151:810;0;0;0;0;17.52;1.59;0;;0
201:608:151:910;0;0;0;0;15.76;1.79;0;;0
201:608:152:010;0;0;0;0;14.1;1.59;0;;0
201:608:152:110;0;0;0;0;13.1;1.45;0;;0
201:608:152:210;0;0;0;0;12.61;1.31;0;;0
201:608:152:310;0;0;0;0;12.23;1.24;0;;0
201:608:160:010;0;0;0;0;12.06;1.17;0;;0
201:608:160:110;0;0;0;0;12.17;1.03;0;;0
201:608:160:210;0;0;0;0;11.51;1.1;0;;0
201:608:160:310;0;0;0;0;11.27;1.1;0;;0
201:608:160:410;0;20.98;0.51;4.41;11.55;0.97;0;;0.02149
201:608:160:510;22.52;92.15;2.55;14.12;12.97;0.48;0;;0.11722
201:608:160:610;92.49;174.34;5.37;24;15.17;0.34;0;;0.2722
201:608:160:710;273.99;228.65;9.11;33.64;17.43;0.55;0;;0.51175
201:608:160:810;243.83;310.87;10.34;42.5;18.43;0.9;0;;0.56504
201:608:160:910;389.55;334.67;12.93;49.77;18.82;1.59;0;;0.73715
201:608:161:010;144.95;383.32;10.64;54.25;19.59;2.48;0;;0.53891
201:608:161:110;61.34;356.68;8.97;54.74;19.62;2.62;0;;0.42699
201:608:161:210;103.34;357.71;9.64;51.09;19.38;2.34;0;;0.47069
201:608:161:310;87.77;314.76;8.56;44.33;19.22;2.07;0;;0.41109
201:608:161:410;48.73;248.53;6.56;35.74;19.21;1.93;0;;0.30382
201:608:161:510;4.87;149.08;3.51;26.23;18.92;1.59;0;;0.15746
201:608:161:610;6.98;102.39;2.72;16.37;18.64;1.1;0;;0.11209
201:608:161:710;0;28.53;0.69;6.58;17.8;0.76;0;;0.02922
201:608:161:810;0;0;0;0;16.88;0.76;0;;0
201:608:161:910;0;0;0;0;16.82;0.83;0;;0
201:608:162:010;0;0;0;0;16.71;0.76;0;;0
201:608:162:110;0;0;0;0;16.04;0.83;0;;0
201:608:162:210;0;0;0;0;15.23;0.97;0;;0
201:608:162:310;0;0;0;0;14.52;0.97;0;;0
201:608:170:010;0;0;0;0;13.61;1.24;0;;0
201:608:170:110;0;0;0;0;13.5;0.9;0;;0
201:608:170:210;0;0;0;0;13.48;0.83;0;;0
201:608:170:310;0;0;0;0;13.53;0.9;0;;0
201:608:170:410;0;14.26;0.35;4.2;13.53;0.83;0;;0.01461
201:608:170:510;0;52.94;1.21;13.93;13.73;0.69;0;;0.05415
201:608:170:610;17.27;149.97;3.68;23.8;14.21;0.41;0;;0.17092
201:608:170:710;12.2;197.05;4.66;33.43;14.47;0.76;0;;0.21391
201:608:170:810;274.9;303.17;10.58;42.27;14.8;1.24;0;;0.58865
201:608:170:910;18.69;285.93;6.76;49.51;15.86;1.24;0;;0.31138
201:608:171:010;233.12;385.81;11.87;53.95;17.42;1.38;0;;0.6308
201:608:171:110;536.11;310.02;14.93;54.42;18.63;1.72;0;;0.86106
201:608:171:210;17.49;292.75;6.93;50.77;19.05;2.34;0;;0.31717
201:608:171:310;512.37;200.61;13.36;44.04;19.09;2.48;0;;0.72634
201:608:171:410;130.9;253.3;8.17;35.47;18.79;2.34;0;;0.39237
201:608:171:510;38.37;179.89;5.03;25.96;18.72;2.07;0;;0.22329
201:608:171:610;57.02;63.68;4.54;16.1;18.31;1.79;0;;0.12524
201:608:171:710;0;33.56;0.82;6.31;17.44;1.45;0;;0.03438
201:608:171:810;0;0;0;0;16.09;1.38;0;;0
201:608:171:910;0;0;0;0;15.88;0.62;0;;0
201:608:172:010;0;0;0;0;14.61;0.83;0;;0
201:608:172:110;0;0;0;0;14.34;0.76;0;;0
201:608:172:210;0;0;0;0;14.02;0.69;0;;0
201:608:172:310;0;0;0;0;13.61;0.62;0;;0
201:608:180:010;0;0;0;0;13.45;0.69;0;;0
201:608:180:110;0;0;0;0;13.04;0.76;0;;0
201:608:180:210;0;0;0;0;12.79;0.83;0;;0
201:608:180:310;0;0;0;0;12.74;0.83;0;;0
201:608:180:410;0;18.46;0.45;4;12.43;0.97;0;;0.01891
201:608:180:510;48.26;90.54;3;13.73;13.22;0.55;0;;0.1418
201:608:180:610;47.62;166.5;4.49;23.6;14.67;0.69;0;;0.21861
201:608:180:710;436.97;165.62;10.3;33.22;15.33;1.1;0;;0.61289
201:608:180:810;450.08;255.12;12.12;42.04;16.37;0.9;0;;0.71732
201:608:180:910;521.92;292.52;13.95;49.24;17.45;0.9;0;;0.82839
201:608:181:010;47.06;342.27;8.42;53.64;18.18;0.97;0;;0.39775
201:608:181:110;292.17;381.93;12.71;54.1;18.72;1.24;0;;0.68681
201:608:181:210;565.46;259.48;14.75;50.46;19.27;1.45;0;;0.83969
201:608:181:310;47.59;295.45;7.48;43.74;19.15;1.66;0;;0.35052
201:608:181:410;94.4;255.81;7.54;35.18;19.06;1.59;0;;0.35775
201:608:181:510;173.21;138.21;7.38;25.68;18.89;1.45;0;;0.3188
201:608:181:610;59.44;59.89;4.58;15.83;18.49;1.24;0;;0.12391
201:608:181:710;0;30.21;0.74;6.03;17.81;1.17;0;;0.03095
201:608:181:810;0;0;0;0;16.46;1.24;0;;0
201:608:181:910;0;0;0;0;15.03;1.38;0;;0
201:608:182:010;0;0;0;0;14.24;1.31;0;;0
201:608:182:110;0;0;0;0;13.54;1.31;0;;0
201:608:182:210;0;0;0;0;13.44;1.1;0;;0
201:608:182:310;0;0;0;0;13.44;1.03;0;;0
201:608:190:010;0;0;0;0;12.94;1.1;0;;0
201:608:190:110;0;0;0;0;12.27;1.17;0;;0
201:608:190:210;0;0;0;0;12.17;1.17;0;;0
201:608:190:310;0;0;0;0;12.41;1.03;0;;0
201:608:190:410;0;8.39;0.2;3.79;12.28;1.1;0;;0.00859
201:608:190:510;0;44.86;1.02;13.53;13.12;0.76;0;;0.04588
201:608:190:610;5.86;127.1;2.98;23.4;15.21;0.62;0;;0.13594
201:608:190:710;29.65;214.76;5.29;33.01;15.91;0.76;0;;0.2497
201:608:190:810;3.77;206.77;4.76;41.8;17.05;1.17;0;;0.2153
201:608:190:910;27.66;296.24;7.11;48.97;18.56;1.24;0;;0.33101
201:608:191:010;19.9;301.33;7.13;53.33;19.46;1.38;0;;0.32836
201:608:191:110;90.08;362.92;9.48;53.77;20.18;1.45;0;;0.46248
201:608:191:210;108.16;350.43;9.52;50.13;20.26;1.31;0;;0.46811
201:608:191:310;393.56;250.22;12.18;43.44;20.78;1.17;0;;0.65596
201:608:191:410;350.23;166.21;10.46;34.89;20.96;1.1;0;;0.5269
201:608:191:510;127.12;155.31;6.6;25.4;20.75;0.83;0;;0.28903
201:608:191:610;48.33;67.49;4.17;15.55;20.32;0.62;0;;0.11999
201:608:191:710;0;29.37;0.72;5.75;19.75;0.76;0;;0.03009
201:608:191:810;0;0;0;0;18.41;0.76;0;;0
201:608:191:910;0;0;0;0;17.61;0.83;0;;0
201:608:192:010;0;0;0;0;17.04;0.9;0;;0
201:608:192:110;0;0;0;0;16.6;0.9;0;;0
201:608:192:210;0;0;0;0;16.68;0.76;0;;0
201:608:192:310;0;0;0;0;15.29;1.03;0;;0
201:608:200:010;0;0;0;0;14.48;1.1;0;;0
201:608:200:110;0;0;0;0;14.02;1.17;0;;0
201:608:200:210;0;0;0;0;13.65;1.17;0;;0
201:608:200:310;0;0;0;0;13.02;1.24;0;;0
201:608:200:410;0;11.75;0.29;3.58;12.55;1.31;0;;0.01204
201:608:200:510;43.76;85.95;2.78;13.33;13.97;0.83;0;;0.13249
201:608:200:610;223.42;136.64;6.52;23.2;17.51;0.34;0;;0.36658
201:608:200:710;333.19;201.59;9.3;32.79;18.34;0.48;0;;0.54408
201:608:200:810;602.57;178.18;12.89;41.56;20.61;0.97;0;;0.79364
201:608:200:910;689.59;205.17;14.77;48.69;21.83;1.52;0;;0.90953
201:608:201:010;756.88;204.18;15.98;53.02;22.09;1.72;0;;0.97704
201:608:201:110;239.58;377.56;11.83;53.44;22.71;1.93;0;;0.62897
201:608:201:210;305.79;340.82;12.2;49.81;22.72;2.07;0;;0.65881
201:608:201:310;280.33;289.85;11.05;43.13;22.82;2.07;0;;0.58123
201:608:201:410;165.36;240.02;8.46;34.6;22.59;1.66;0;;0.41384
201:608:201:510;0;48.45;1.1;25.12;22.56;1.52;0;;0.04955
201:608:201:610;45.41;68.72;4.05;15.27;22.19;1.38;0;;0.11818
201:608:201:710;0;26.85;0.65;5.47;21.26;1.38;0;;0.0275
201:608:201:810;0;0;0;0;19.77;1.45;0;;0
201:608:201:910;0;0;0;0;17.97;1.38;0;;0
201:608:202:010;0;0;0;0;16.87;1.38;0;;0
201:608:202:110;0;0;0;0;15.77;1.45;0;;0
201:608:202:210;0;0;0;0;15.17;1.45;0;;0
201:608:202:310;0;0;0;0;14.82;1.45;0;;0
201:608:210:010;0;0;0;0;14.48;1.45;0;;0
201:608:210:110;0;0;0;0;14.09;1.45;0;;0
201:608:210:210;0;0;0;0;13.82;1.45;0;;0
201:608:210:310;0;0;0;0;13.81;1.45;0;;0
201:608:210:410;0;10.07;0.25;3.37;13.79;1.45;0;;0.01032
201:608:210:510;0;39.48;0.9;13.12;14.99;1.17;0;;0.04038
201:608:210:610;5.96;125.33;2.94;22.99;17.86;0.9;0;;0.13423
201:608:210:710;2.5;155.47;3.58;32.57;19.6;1.03;0;;0.16155
201:608:210:810;5.08;213.22;4.92;41.32;20.11;1.38;0;;0.22322
201:608:210:910;0;165.99;3.78;48.42;20.44;1.45;0;;0.16977
201:608:211:010;2.51;238.03;5.46;52.71;20.57;1.1;0;;0.246
201:608:211:110;0;206.36;4.7;53.1;20.8;0.97;0;;0.21106
201:608:211:210;0;78.96;1.8;49.48;21.07;0.76;0;;0.08076
201:608:211:310;0;74.47;1.7;42.81;20.46;0.83;0;;0.07617
201:608:211:410;11.22;199.22;4.74;34.31;19.12;0.83;0;;0.21518
201:608:211:510;0;53.83;1.23;24.83;18.54;0.76;0;;0.05506
201:608:211:610;0;17.94;0.41;14.98;18.14;0.83;0;;0.01835
201:608:211:710;0;7.55;0.18;5.18;17.75;1.03;0;;0.00773
201:608:211:810;0;0;0;0;17.21;1.1;0;;0
201:608:211:910;0;0;0;0;16.56;1.45;0;;0
201:608:212:010;0;0;0;0;16.12;1.66;0;;0
201:608:212:110;0;0;0;0;15.75;1.86;0;;0
201:608:212:210;0;0;0;0;15.34;2.07;0;;0
201:608:212:310;0;0;0;0;14.87;2.07;0;;0
201:608:220:010;0;0;0;0;14.43;2.14;0;;0
201:608:220:110;0;0;0;0;13.61;2.28;0;;0
201:608:220:210;0;0;0;0;13.29;2.28;0;;0
201:608:220:310;0;0;0;0;13.04;2.55;0;;0
201:608:220:410;0;1.68;0.04;3.16;12.82;2.69;0;;0.00172
201:608:220:510;0;13.46;0.31;12.92;12.76;2.76;0;;0.01377
201:608:220:610;0;81.65;1.86;22.79;13;2.76;0;;0.08351
201:608:220:710;0;74.47;1.7;32.36;13.72;2.69;0;;0.07617
201:608:220:810;0;113.95;2.59;41.08;14.57;2.9;0;;0.11654
201:608:220:910;0;72.68;1.65;48.14;14.56;2.83;0;;0.07433
201:608:221:010;0;90.62;2.06;52.39;15.12;2.97;0;;0.09268
201:608:221:110;0;108.57;2.47;52.76;14.92;2.83;0;;0.11104
201:608:221:210;0;100.49;2.29;49.14;15;2.83;0;;0.10278
201:608:221:310;0;87.93;2;42.5;14.67;2.69;0;;0.08993
201:608:221:410;0;73.57;1.68;34;14.86;2.69;0;;0.07525
201:608:221:510;0;96;2.19;24.54;14.89;2.62;0;;0.09819
201:608:221:610;23.66;84.93;3.25;14.69;14.79;2.48;0;;0.11184
201:608:221:710;0;22.66;0.55;4.89;14.59;2.62;0;;0.02321
201:608:221:810;0;0;0;0;14.15;2.55;0;;0
201:608:221:910;0;0;0;0;13.71;2.34;0;;0
201:608:222:010;0;0;0;0;13.7;2.28;0;;0
201:608:222:110;0;0;0;0;13.66;2.28;0;;0
201:608:222:210;0;0;0;0;13.62;2.14;0;;0
201:608:222:310;0;0;0;0;13.36;2.07;0;;0
201:608:230:010;0;0;0;0;12.92;2;0;;0
201:608:230:110;0;0;0;0;12.95;2;0;;0
201:608:230:210;0;0;0;0;12.72;2;0;;0
201:608:230:310;0;0;0;0;12.4;2;0;;0
201:608:230:410;0;12.59;0.31;2.95;11.9;2;0;;0.0129
201:608:230:510;100.17;68.51;3.37;12.71;12.35;1.72;0;;0.17205
201:608:230:610;283.18;113.38;6.86;22.58;14.25;1.66;0;;0.40342
201:608:230:710;483.22;141.36;10.28;32.14;15.79;2.55;0;;0.63486
201:608:230:810;654.72;158.9;13.16;40.83;17.25;2.34;0;;0.82678
201:608:230:910;767.25;172.83;15.2;47.86;18.74;2.34;0;;0.95528
201:608:231:010;823.77;178.06;16.37;52.07;19.92;2.41;0;;1.0182
201:608:231:110;823.3;170.15;16.55;52.42;20.84;2.48;0;;1.01
201:608:231:210;730.89;167.81;15.49;48.81;21.3;2.55;0;;0.91419
201:608:231:310;616.22;142.26;13.75;42.18;21.56;2.62;0;;0.77223
201:608:231:410;407.15;134.01;10.73;33.7;21.51;2.55;0;;0.55189
201:608:231:510;212.11;103.53;7.4;24.25;21.08;2.34;0;;0.32304
201:608:231:610;48.04;59.62;3.98;14.4;20.18;2.07;0;;0.11164
201:608:231:710;0;21.82;0.53;4.59;18.75;2.07;0;;0.02235
201:608:231:810;0;0;0;0;17.06;2.07;0;;0
201:608:231:910;0;0;0;0;16.02;1.93;0;;0
201:608:232:010;0;0;0;0;14.42;1.79;0;;0
201:608:232:110;0;0;0;0;13.05;1.72;0;;0
201:608:232:210;0;0;0;0;12.16;1.66;0;;0
201:608:232:310;0;0;0;0;11.76;1.59;0;;0
201:608:240:010;0;0;0;0;11.37;1.59;0;;0
201:608:240:110;0;0;0;0;11.43;1.59;0;;0
201:608:240:210;0;0;0;0;11.23;1.59;0;;0
201:608:240:310;0;0;0;0;11.28;1.52;0;;0
201:608:240:410;0;10.07;0.25;2.73;11.14;1.52;0;;0.01032
201:608:240:510;100.81;67.94;3.33;12.51;12.28;1.24;0;;0.17208
201:608:240:610;283.45;112.82;6.8;22.37;15.9;1.1;0;;0.40307
201:608:240:710;476.33;143.84;10.15;31.91;18.31;1.93;0;;0.63032
201:608:240:810;645.44;163.74;13.03;40.58;19.68;1.79;0;;0.82221
201:608:240:910;755.51;178.8;15.06;47.57;20.94;1.52;0;;0.94937
201:608:241:010;753.74;213.18;15.83;51.74;21.94;1.24;0;;0.98275
201:608:241:110;447.65;336.53;13.81;52.08;22.6;1.1;0;;0.79799
201:608:241:210;610.42;229.37;14.59;48.47;22.97;1.17;0;;0.85438
201:608:241:310;503.11;199.42;12.81;41.85;23.13;1.24;0;;0.71534
201:608:241:410;324.4;176.37;9.95;33.39;23;1.45;0;;0.51072
201:608:241:510;198.12;110.28;7.17;23.95;22.7;1.72;0;;0.31557
201:608:241:610;39.4;66.84;3.7;14.1;21.83;1.45;0;;0.10994
201:608:241:710;0;20.14;0.49;4.29;20.52;1.52;0;;0.02063
201:608:241:810;0;0;0;0;18.8;1.66;0;;0
201:608:241:910;0;0;0;0;17.03;1.72;0;;0
201:608:242:010;0;0;0;0;15.44;1.66;0;;0
201:608:242:110;0;0;0;0;14.21;1.59;0;;0
201:608:242:210;0;0;0;0;13.31;1.52;0;;0
201:608:242:310;0;0;0;0;12.63;1.45;0;;0
201:608:250:010;0;0;0;0;12.08;1.45;0;;0
201:608:250:110;0;0;0;0;11.39;1.45;0;;0
201:608:250:210;0;0;0;0;10.81;1.38;0;;0
201:608:250:310;0;0;0;0;10.3;1.38;0;;0
201:608:250:410;0;9.23;0.22;2.52;9.88;1.38;0;;0.00945
201:608:250:510;101.49;67.39;3.29;12.3;11.21;1.03;0;;0.17217
201:608:250:610;287.46;112.5;6.8;22.16;14.86;0.69;0;;0.40676
201:608:250:710;489.94;140.48;10.24;31.69;17.83;0.97;0;;0.64066
201:608:250:810;662.04;159.11;13.14;40.33;19.02;1.17;0;;0.83429
201:608:250:910;764.38;178.54;15.12;47.28;20.11;1.17;0;;0.95804
201:608:251:010;820.99;182.56;16.26;51.42;20.99;1.24;0;;1.01981
201:608:251:110;779.37;195.25;16.16;51.73;21.69;1.17;0;;0.99078
201:608:251:210;727.88;170.99;15.36;48.12;22.13;1.1;0;;0.91423
201:608:251:310;621.13;141.08;13.69;41.52;22.52;1.03;0;;0.7759
201:608:251:410;408.56;132.83;10.62;33.08;22.62;1.03;0;;0.55201
201:608:251:510;207.92;104.06;7.23;23.64;22.53;0.97;0;;0.31921
201:608:251:610;42.14;61.22;3.72;13.8;21.45;0.34;0;;0.10708
201:608:251:710;0;18.46;0.45;3.99;20.4;0.69;0;;0.01891
201:608:251:810;0;0;0;0;18.7;1.1;0;;0
201:608:251:910;0;0;0;0;17.13;1.38;0;;0
201:608:252:010;0;0;0;0;15.97;1.45;0;;0
201:608:252:110;0;0;0;0;15.12;1.45;0;;0
201:608:252:210;0;0;0;0;14.4;1.45;0;;0
201:608:252:310;0;0;0;0;13.44;1.45;0;;0
201:608:260:010;0;0;0;0;12.36;1.52;0;;0
201:608:260:110;0;0;0;0;11.06;1.59;0;;0
201:608:260:210;0;0;0;0;10.22;1.59;0;;0
201:608:260:310;0;0;0;0;9.64;1.52;0;;0
201:608:260:410;0;8.39;0.2;2.31;9.2;1.52;0;;0.00859
201:608:260:510;98.92;67.63;3.21;12.09;10.25;1.24;0;;0.16976
201:608:260:610;281.57;114.88;6.7;21.95;14.5;0.76;0;;0.40315
201:608:260:710;479.16;146.29;10.11;31.46;18.3;0.69;0;;0.63556
201:608:260:810;667.11;158.7;13.14;40.08;19.57;1.17;0;;0.83895
201:608:260:910;756.46;183.52;15.02;46.99;20.41;1.38;0;;0.955
201:608:261:010;826.05;182.11;16.26;51.09;21.17;1.59;0;;1.02442
201:608:261:110;823.02;175.18;16.43;51.38;21.77;1.59;0;;1.01463
201:608:261:210;717.91;178.03;15.26;47.77;22.22;1.59;0;;0.9112
201:608:261:310;605.86;148.88;13.5;41.19;22.45;1.59;0;;0.76824
201:608:261:410;402.5;136.2;10.52;32.76;22.38;1.52;0;;0.54922
201:608:261:510;203.24;106.19;7.13;23.34;22.01;1.38;0;;0.31656
201:608:261:610;43.64;56.71;3.7;13.5;21.32;1.17;0;;0.10405
201:608:261:710;0;16.78;0.41;3.68;20.11;1.24;0;;0.01719
201:608:261:810;0;0;0;0;17.96;1.17;0;;0
201:608:261:910;0;0;0;0;18.53;0.9;0;;0
201:608:262:010;0;0;0;0;17.97;0.97;0;;0
201:608:262:110;0;0;0;0;17.12;1.03;0;;0
201:608:262:210;0;0;0;0;15.76;1.1;0;;0
201:608:262:310;0;0;0;0;14.79;1.24;0;;0
201:608:270:010;0;0;0;0;14.1;1.31;0;;0
201:608:270:110;0;0;0;0;12.83;1.31;0;;0
201:608:270:210;0;0;0;0;12.31;1.38;0;;0
201:608:270:310;0;0;0;0;11.89;1.38;0;;0
201:608:270:410;0;5.87;0.14;2.09;11.45;1.38;0;;0.00601
201:608:270:510;96.26;67.86;3.13;11.88;11.85;1.24;0;;0.16725
201:608:270:610;270.52;119.11;6.56;21.74;15.09;0.55;0;;0.39619
201:608:270:710;472.16;148.8;9.99;31.24;18.44;0.69;0;;0.63095
201:608:270:810;648.63;166.76;12.93;39.83;19.99;1.1;0;;0.82832
201:608:270:910;769.4;177.46;15.04;46.7;20.94;1.45;0;;0.9619
201:608:271:010;811.84;189.24;16.1;50.76;21.75;1.52;0;;1.01718
201:608:271:110;822.98;174.52;16.34;51.02;22.43;1.52;0;;1.01384
201:608:271:210;717.63;177.4;15.18;47.42;22.91;1.66;0;;0.91021
201:608:271:310;604.32;149.32;13.42;40.86;23.09;1.66;0;;0.76706
201:608:271:410;408;131.61;10.48;32.44;22.97;1.59;0;;0.55009
201:608:271:510;208.91;100.88;7.11;23.03;22.56;1.52;0;;0.3169
201:608:271:610;42.69;55.87;3.64;13.19;21.85;1.24;0;;0.1022
201:608:271:710;0;14.26;0.35;3.37;20.66;1.24;0;;0.01461
201:608:271:810;0;0;0;0;18.5;1.24;0;;0
201:608:271:910;0;0;0;0;17.77;1.1;0;;0
201:608:272:010;0;0;0;0;17.56;0.97;0;;0
201:608:272:110;0;0;0;0;16.47;1.1;0;;0
201:608:272:210;0;0;0;0;15.33;1.17;0;;0
201:608:272:310;0;0;0;0;14.52;1.24;0;;0
201:608:280:010;0;0;0;0;13.71;1.31;0;;0
201:608:280:110;0;0;0;0;13.24;1.38;0;;0
201:608:280:210;0;0;0;0;12.75;1.38;0;;0
201:608:280:310;0;0;0;0;12.29;1.45;0;;0
201:608:280:410;0;5.03;0.12;1.87;12.05;1.45;0;;0.00515
201:608:280:510;91.23;67.89;3;11.67;12.72;1.24;0;;0.16212
201:608:280:610;270.75;116.34;6.46;21.52;15.99;0.62;0;;0.39355
201:608:280:710;465.09;148.95;9.83;31.01;19.37;0.69;0;;0.62387
201:608:280:810;641.84;166.99;12.77;39.57;20.94;1.1;0;;0.8216
201:608:280:910;748.36;184.28;14.77;46.4;22.02;1.45;0;;0.94741
201:608:281:010;788.48;197.11;15.81;50.42;22.94;1.86;0;;1.0014
201:608:281:110;759.67;203.08;15.79;50.66;23.57;2.07;0;;0.97854
201:608:281:210;668.4;199.88;14.73;47.07;23.95;2.21;0;;0.88301
201:608:281:310;588.86;152.64;13.16;40.52;24.03;2.21;0;;0.75466
201:608:281:410;393.43;135.78;10.24;32.12;23.91;2.14;0;;0.53945
201:608:281:510;192.87;106.68;6.82;22.71;23.43;2;0;;0.30637
201:608:281:610;38.13;57.42;3.43;12.88;22.58;1.66;0;;0.09898
201:608:281:710;0;12.59;0.31;3.05;21.35;1.45;0;;0.0129
201:608:281:810;0;0;0;0;19.54;1.38;0;;0
201:608:281:910;0;0;0;0;19.21;1.03;0;;0
201:608:282:010;0;0;0;0;19.24;0.9;0;;0
201:608:282:110;0;0;0;0;18.97;0.76;0;;0
201:608:282:210;0;0;0;0;18.45;0.69;0;;0
201:608:282:310;0;0;0;0;17.9;0.83;0;;0
201:608:290:010;0;0;0;0;17.36;0.97;0;;0
201:608:290:110;0;0;0;0;17.24;0.9;0;;0
201:608:290:210;0;0;0;0;16.8;0.97;0;;0
201:608:290:310;0;0;0;0;16.53;0.97;0;;0
201:608:290:410;0;3.36;0.08;1.66;16.37;0.9;0;;0.00344
201:608:290:510;63.93;71.87;2.62;11.46;16.22;0.83;0;;0.13842
201:608:290:610;219.39;130.18;5.92;21.31;16.91;0.28;0;;0.35549
201:608:290:710;411.61;164.39;9.28;30.78;20.53;0.34;0;;0.58528
201:608:290:810;539.36;203.68;11.87;39.31;22.07;1.03;0;;0.75491
201:608:290:910;707.33;193.52;14.26;46.11;23.17;1.38;0;;0.91511
201:608:291:010;761.01;197.53;15.34;50.08;24.03;1.52;0;;0.97388
201:608:291:110;732.69;203.49;15.32;50.3;24.72;1.66;0;;0.9515
201:608:291:210;19.68;275.24;6.54;46.71;25.07;1.86;0;;0.30146
201:608:291:310;0;159.71;3.64;40.18;24.14;2.07;0;;0.16335
201:608:291:410;0;50.25;1.14;31.79;23.6;1.03;0;;0.05139
201:608:291:510;0;77.16;1.76;22.39;23.05;0.9;0;;0.07892
201:608:291:610;0.8;60.86;1.43;12.57;21.81;1.1;0;;0.06309
201:608:291:710;0;10.91;0.27;2.74;20.59;1.59;0;;0.01118
201:608:291:810;0;0;0;0;19.34;1.38;0;;0
201:608:291:910;0;0;0;0;18.77;1.52;0;;0
201:608:292:010;0;0;0;0;17.64;1.52;0;;0
201:608:292:110;0;0;0;0;16.53;1.52;0;;0
201:608:292:210;0;0;0;0;15.63;1.52;0;;0
201:608:292:310;0;0;0;0;15.44;1.45;0;;0
201:608:300:010;0;0;0;0;15.6;1.45;0;;0
201:608:300:110;0;0;0;0;15.82;1.45;0;;0
201:608:300:210;0;0;0;0;15.6;1.45;0;;0
201:608:300:310;0;0;0;0;15.12;1.52;0;;0
201:608:300:410;0;0;0;0;14.46;1.59;0;;0
201:608:300:510;35.56;74.02;2.21;11.25;14.89;1.45;0;;0.11179
201:608:300:610;237.37;125.84;6.05;21.09;17.08;1.45;0;;0.36926
201:608:300:710;429.35;160.56;9.4;30.55;18.03;2;0;;0.59931
201:608:300:810;618.75;171.7;12.38;39.05;19.04;2.28;0;;0.80283
201:608:300:910;734.88;184.76;14.44;45.8;19.85;2.34;0;;0.93408
201:608:301:010;729.38;221.31;15.22;49.74;20.59;2.69;0;;0.96591
201:608:301:110;481.82;316.99;13.65;49.94;20.87;2.83;0;;0.81246
201:608:301:210;641.53;205.39;14.28;46.35;20.77;2.97;0;;0.8612
201:608:301:310;573.97;153.12;12.79;39.83;20.19;2.9;0;;0.73988
201:608:301:410;373.53;140.19;9.85;31.46;20.06;2.97;0;;0.52357
201:608:301:510;190.26;101.57;6.58;22.07;19.69;2.83;0;;0.29841
201:608:301:610;35.42;53.55;3.21;12.25;18.93;2.41;0;;0.09218
201:608:301:710;0;8.39;0.2;2.42;17.74;2.07;0;;0.00859
201:608:301:810;0;0;0;0;16.22;1.79;0;;0
201:608:301:910;0;0;0;0;15.09;1.79;0;;0
201:608:302:010;0;0;0;0;13.58;1.72;0;;0
201:608:302:110;0;0;0;0;12.26;1.59;0;;0
201:608:302:210;0;0;0;0;11.33;1.52;0;;0
201:608:302:310;0;0;0;0;10.71;1.45;0;;0
201:608:310:010;0;0;0;0;10.08;1.45;0;;0
201:608:310:110;0;0;0;0;9.95;1.45;0;;0
201:608:310:210;0;0;0;0;9.65;1.38;0;;0
201:608:310:310;0;0;0;0;9.61;1.31;0;;0
201:608:310:410;0;0;0;0;9.17;1.31;0;;0
201:608:310:510;91.93;65.15;2.84;11.04;9.92;1.03;0;;0.15992
201:608:310:610;275.54;113.94;6.31;20.87;13.21;0.62;0;;0.39579
201:608:310:710;466.19;148.48;9.64;30.31;16.17;0.62;0;;0.62431
201:608:310:810;642.66;167.61;12.59;38.79;17.62;0.48;0;;0.82286
201:608:310:910;749.41;184.89;14.59;45.5;18.65;0;0;;0.94889
201:608:311:010;803.87;190;15.71;49.4;19.59;0.34;0;;1.00958
201:608:311:110;788.48;187.25;15.75;49.58;20.18;0.41;0;;0.99148
201:608:311:210;693.16;185.56;14.67;45.99;20.73;0.55;0;;0.89339
201:608:311:310;584.16;152.92;12.89;39.48;21.03;0.55;0;;0.74997
201:608:311:410;388.82;133.89;9.95;31.13;21.08;0.55;0;;0.53266
201:608:311:510;187.18;104.69;6.54;21.75;20.87;0.48;0;;0.29841
201:608:311:610;34.46;52.7;3.15;11.93;19.82;0.14;0;;0.09031
201:608:311:710;0;7.55;0.18;2.09;19.1;0.21;0;;0.00773
201:608:311:810;0;0;0;0;18.54;0.21;0;;0
201:608:311:910;0;0;0;0;17.93;0.48;0;;0
201:608:312:010;0;0;0;0;16.99;0.83;0;;0
201:608:312:110;0;0;0;0;15.83;0.97;0;;0
201:608:312:210;0;0;0;0;14.81;1.03;0;;0
201:608:312:310;0;0;0;0;14.38;1.03;0;;0
201:609:010:010;0;0;0;0;14.62;0.97;0;;0
201:609:010:110;0;0;0;0;14.21;0.83;0;;0
201:609:010:210;0;0;0;0;13.56;0.9;0;;0
201:609:010:310;0;0;0;0;12.84;1.03;0;;0
201:609:010:410;0;0;0;0;12.18;1.1;0;;0
201:609:010:510;109.89;57.63;2.92;10.82;11.74;1.03;0;;0.17044
201:609:010:610;317.22;96.58;6.54;20.66;14.03;0.21;0;;0.42034
201:609:010:710;517.15;124.39;9.89;30.08;15.9;0.14;0;;0.65143
201:609:010:810;681.77;144.45;12.69;38.52;18.44;0.55;0;;0.83891
201:609:010:910;808.36;151.28;14.81;45.2;19.72;1.03;0;;0.97445
201:609:011:010;889.68;142.48;16.12;49.05;20.59;1.31;0;;1.04828
201:609:011:110;849.07;151.66;16;49.21;21.23;1.31;0;;1.01673
201:609:011:210;791.52;129.73;15.18;45.62;21.7;1.24;0;;0.93643
201:609:011:310;618.22;129.71;12.97;39.13;21.88;1.17;0;;0.7609
201:609:011:410;423.89;112.13;10.11;30.79;21.87;1.1;0;;0.54613
201:609:011:510;215.51;84.36;6.7;21.42;21.56;1.1;0;;0.30657
201:609:011:610;35.85;47.38;3.11;11.61;21.04;1.03;0;;0.08634
201:609:011:710;0;5.03;0.12;1.77;19.56;1.17;0;;0.00515
201:609:011:810;0;0;0;0;17.46;1.31;0;;0
201:609:011:910;0;0;0;0;16.27;1.31;0;;0
201:609:012:010;0;0;0;0;15.37;1.31;0;;0
201:609:012:110;0;0;0;0;14.02;1.38;0;;0
201:609:012:210;0;0;0;0;12.92;1.45;0;;0
201:609:012:310;0;0;0;0;11.97;1.45;0;;0
201:609:020:010;0;0;0;0;11.34;1.52;0;;0
201:609:020:110;0;0;0;0;11.18;1.52;0;;0
201:609:020:210;0;0;0;0;10.91;1.52;0;;0
201:609:020:310;0;0;0;0;10.69;1.52;0;;0
201:609:020:410;0;0;0;0;10.39;1.52;0;;0
201:609:020:510;59.28;68.77;2.37;10.61;11.14;1.31;0;;0.13042
201:609:020:610;250.68;117.6;5.92;20.44;14.76;0.76;0;;0.3742
201:609:020:710;482.97;133.99;9.5;29.84;18.66;0.83;0;;0.62646
201:609:020:810;654.68;152.34;12.36;38.26;20.74;1.03;0;;0.81938
201:609:020:910;742.62;177.21;14.22;44.89;21.84;1.1;0;;0.93405
201:609:021:010;473.59;317.9;13.2;48.71;22.67;1.24;0;;0.80469
201:609:021:110;0;197.39;4.49;48.84;22.94;1.24;0;;0.20188
201:609:021:210;0;136.38;3.11;45.25;23;1.45;0;;0.13949
201:609:021:310;0;117.54;2.68;38.77;23.05;1.38;0;;0.12022
201:609:021:410;0;61.91;1.41;30.45;22.77;1.38;0;;0.06332
201:609:021:510;64.24;145.69;4.68;21.09;21.86;1.03;0;;0.21461
201:609:021:610;14.49;65.36;2.33;11.28;21.08;0.97;0;;0.08218
201:609:021:710;0;0;0;0;19.89;1.1;0;;0
201:609:021:810;0;0;0;0;18.06;1.31;0;;0
201:609:021:910;0;0;0;0;17.7;1.1;0;;0
201:609:022:010;0;0;0;0;16.81;1.17;0;;0
201:609:022:110;0;0;0;0;16;1.17;0;;0
201:609:022:210;0;0;0;0;14.98;1.31;0;;0
201:609:022:310;0;0;0;0;14.18;1.31;0;;0
201:609:030:010;0;0;0;0;13.54;1.24;0;;0
201:609:030:110;0;0;0;0;12.86;1.31;0;;0
201:609:030:210;0;0;0;0;12.33;1.31;0;;0
201:609:030:310;0;0;0;0;12.18;1.24;0;;0
201:609:030:410;0;0;0;0;12.01;1.24;0;;0
201:609:030:510;72.18;64.5;2.43;10.39;12.57;1.1;0;;0.13911
201:609:030:610;254.89;115.16;5.88;20.21;14.92;0.34;0;;0.37593
201:609:030:710;389.15;172.58;8.83;29.6;17.48;0.21;0;;0.57056
201:609:030:810;643.72;156.04;12.2;37.99;20;0.34;0;;0.81196
201:609:030:910;613.86;236.72;13.36;44.58;21.35;0.97;0;;0.86394
201:609:031:010;697.3;229;14.63;48.36;22.25;1.03;0;;0.94093
201:609:031:110;719.34;209.36;14.89;48.46;22.57;1.1;0;;0.94359
201:609:031:210;630.63;202.68;13.81;44.88;23.14;1.17;0;;0.84712
201:609:031:310;392.39;230.1;11.07;38.42;23.34;1.31;0;;0.63356
201:609:031:410;113.41;220.15;6.82;30.11;23.24;1.24;0;;0.34038
201:609:031:510;36.47;142.31;4;20.76;22.97;1.03;0;;0.18278
201:609:031:610;5.06;65.1;1.78;10.95;22.01;0.55;0;;0.07194
201:609:031:710;0;0;0;0;20.7;0.83;0;;0
201:609:031:810;0;0;0;0;20.66;0.69;0;;0
201:609:031:910;0;0;0;0;19.96;0.69;0;;0
201:609:032:010;0;0;0;0;19.34;0.62;0;;0
201:609:032:110;0;0;0;0;18.79;0.55;0;;0
201:609:032:210;0;0;0;0;18.5;0.48;0;;0
201:609:032:310;0;0;0;0;18.43;0.48;0;;0
201:609:040:010;0;0;0;0;18.3;0.62;0;;0
201:609:040:110;0;0;0;0;17.99;0.28;0;;0
201:609:040:210;0;0;0;0;17.91;0.14;0;;0
201:609:040:310;0;0;0;0;17.8;0.14;0;;0
201:609:040:410;0;0;0;0;17.54;0.34;0;;0
201:609:040:510;9.22;57.61;1.43;10.17;17.36;0.55;0;;0.06826
201:609:040:610;114.44;145.87;4.64;19.99;17.54;0.41;0;;0.26495
201:609:040:710;299.38;198.99;8.09;29.36;19.9;0.9;0;;0.50646
201:609:040:810;249.47;282.23;9.26;37.72;21.24;1.52;0;;0.54096
201:609:040:910;280.69;327.72;10.69;44.27;22.28;2.07;0;;0.6191
201:609:041:010;317.6;347.08;11.67;48;22.86;2.55;0;;0.67635
201:609:041:110;497.68;297.86;13.26;48.09;22.9;2.76;0;;0.8088
201:609:041:210;424.73;282.96;12.2;44.5;23.06;2.76;0;;0.71989
201:609:041:310;384.99;226.9;10.85;38.06;23.29;2.76;0;;0.62274
201:609:041:410;86.46;216.42;6.29;29.76;23.39;2.55;0;;0.30917
201:609:041:510;141.55;113.36;5.58;20.43;22.89;2.21;0;;0.26049
201:609:041:610;19.32;55.35;2.39;10.62;21.47;1.52;0;;0.07706
201:609:041:710;0;0;0;0;19.65;1.24;0;;0
201:609:041:810;0;0;0;0;17.9;0.76;0;;0
201:609:041:910;0;0;0;0;18.78;1.59;0;;0
201:609:042:010;0;0;0;0;17.74;1.31;0;;0
201:609:042:110;0;0;0;0;17.62;0.48;0;;0
201:609:042:210;0;0;0;0;16.26;0.83;0;;0
201:609:042:310;0;0;0;0;15.47;0.97;0;;0
201:609:050:010;0;0;0;0;14.99;0.83;0;;0
201:609:050:110;0;0;0;0;14.49;0.97;0;;0
201:609:050:210;0;0;0;0;14.15;1.24;0;;0
201:609:050:310;0;0;0;0;14.33;1.38;0;;0
201:609:050:410;0;0;0;0;14.66;1.17;0;;0
201:609:050:510;0;9.87;0.22;9.96;14.7;1.24;0;;0.01009
201:609:050:610;0;39.48;0.9;19.77;14.93;1.1;0;;0.04038
201:609:050:710;0;50.25;1.14;29.12;14.89;1.1;0;;0.05139
201:609:050:810;0;71.78;1.63;37.44;15.31;1.17;0;;0.07341
201:609:050:910;0;111.26;2.53;43.95;15.53;1.17;0;;0.11379
201:609:051:010;0;142.66;3.25;47.65;16.05;0.97;0;;0.14591
201:609:051:110;0;132.79;3.02;47.71;16.73;1.17;0;;0.13581
201:609:051:210;0;113.95;2.59;44.13;17.06;1.59;0;;0.11654
201:609:051:310;97.11;275.64;7.6;37.69;17.71;1.66;0;;0.38035
201:609:051:410;0;52.94;1.21;29.41;17.36;2;0;;0.05415
201:609:051:510;157.55;103.72;5.68;20.09;16.1;1.59;0;;0.26695
201:609:051:610;24.54;47.26;2.51;10.29;16.07;1.59;0;;0.07431
201:609:051:710;0;0;0;0;15.42;1.45;0;;0
201:609:051:810;0;0;0;0;14.52;1.59;0;;0
201:609:051:910;0;0;0;0;13.74;1.59;0;;0
201:609:052:010;0;0;0;0;13.26;1.66;0;;0
201:609:052:110;0;0;0;0;13.23;1.72;0;;0
201:609:052:210;0;0;0;0;12.73;1.72;0;;0
201:609:052:310;0;0;0;0;12.63;1.59;0;;0
201:609:060:010;0;0;0;0;12.44;1.66;0;;0
201:609:060:110;0;0;0;0;12.31;1.86;0;;0
201:609:060:210;0;0;0;0;12.43;2.14;0;;0
201:609:060:310;0;0;0;0;12.26;2.21;0;;0
201:609:060:410;0;0;0;0;12.12;2.21;0;;0
201:609:060:510;0;8.97;0.2;9.74;12.14;1.93;0;;0.00917
201:609:060:610;0;26.92;0.61;19.54;12.33;1.86;0;;0.02753
201:609:060:710;0;78.06;1.78;28.87;13.11;2;0;;0.07984
201:609:060:810;1.4;167.04;3.82;37.17;14.01;2.28;0;;0.17226
201:609:060:910;8.27;231.66;5.37;43.64;16.02;2.34;0;;0.2453
201:609:061:010;2.71;221.03;5.07;47.29;17.47;2.21;0;;0.22881
201:609:061:110;0;58.32;1.33;47.33;18.93;2.55;0;;0.05965
201:609:061:210;0;144.45;3.29;43.75;20.27;2.83;0;;0.14774
201:609:061:310;35.41;246.03;6.09;37.33;19.87;2.48;0;;0.28753
201:609:061:410;53.94;204.64;5.5;29.06;20.06;2.41;0;;0.26408
201:609:061:510;101.87;124.53;4.92;19.75;20.1;2.28;0;;0.23132
201:609:061:610;20.15;48.9;2.31;9.95;19.43;1.59;0;;0.07136
201:609:061:710;0;0;0;0;18.53;1.66;0;;0
201:609:061:810;0;0;0;0;17.38;1.79;0;;0
201:609:061:910;0;0;0;0;16.71;1.79;0;;0
201:609:062:010;0;0;0;0;15.9;1.86;0;;0
201:609:062:110;0;0;0;0;15.16;1.86;0;;0
201:609:062:210;0;0;0;0;14.63;1.79;0;;0
201:609:062:310;0;0;0;0;14.22;1.72;0;;0
201:609:070:010;0;0;0;0;13.81;1.59;0;;0
201:609:070:110;0;0;0;0;13.22;1.59;0;;0
201:609:070:210;0;0;0;0;12.73;1.52;0;;0
201:609:070:310;0;0;0;0;12.27;1.59;0;;0
201:609:070:410;0;0;0;0;11.92;1.66;0;;0
201:609:070:510;66.45;60.29;2.15;9.52;12.23;1.52;0;;0.12889
201:609:070:610;168.56;135.9;4.99;19.31;15.48;1.31;0;;0.30945
201:609:070:710;0;0;0;0;18.08;1.38;0;;0
201:609:070:810;630.95;160.26;11.81;36.89;19.95;1.38;0;;0.80302
201:609:070:910;769.04;162.96;14;43.32;21.46;1.38;0;;0.946
201:609:071:010;846.65;155.33;15.24;46.93;22.53;1.45;0;;1.01722
201:609:071:110;816.62;158.62;15.18;46.95;23.29;2;0;;0.99042
201:609:071:210;726.63;151.01;14.1;43.37;23.7;2.28;0;;0.89174
201:609:071:310;584.73;135.13;12.12;36.96;23.24;1.93;0;;0.73198
201:609:071:410;398.4;112.03;9.3;28.71;23.08;1.86;0;;0.51973
201:609:071:510;193.26;83.09;5.92;19.41;22.52;1.45;0;;0.28227
201:609:071:610;24.85;41;2.41;9.61;21.82;1.24;0;;0.06826
201:609:071:710;0;0;0;0;20.04;0.97;0;;0
201:609:071:810;0;0;0;0;19.98;0.76;0;;0
201:609:071:910;0;0;0;0;19.78;0.9;0;;0
201:609:072:010;0;0;0;0;18.62;0.97;0;;0
201:609:072:110;0;0;0;0;16.91;1.17;0;;0
201:609:072:210;0;0;0;0;15.52;1.38;0;;0
201:609:072:310;0;0;0;0;14.42;1.45;0;;0
201:609:080:010;0;0;0;0;13.51;1.52;0;;0
201:609:080:110;0;0;0;0;13.07;1.52;0;;0
201:609:080:210;0;0;0;0;12.54;0;0;;0
201:609:080:310;0;0;0;0;12.31;0;0;;0
201:609:080:410;0;0;0;0;12.02;1.45;0;;0
201:609:080:510;86.95;55.66;2.27;9.3;12.28;1.31;0;;0.14488
201:609:080:610;277.63;105.1;5.72;19.09;15.9;0.62;0;;0.38845
201:609:080:710;476.91;137.37;9.07;28.38;19.43;0.62;0;;0.62335
201:609:080:810;647.86;156.89;11.91;36.61;21.62;0.62;0;;0.81666
201:609:080:910;777.63;162.72;14.04;43;22.9;0.62;0;;0.95439
201:609:081:010;853.9;156.2;15.28;46.57;23.74;0.83;0;;1.02538
201:609:081:110;812.89;162.75;15.12;46.57;24.2;0.9;0;;0.99076
201:609:081:210;722.85;155.04;14.04;42.99;24.46;0.97;0;;0.89193
201:609:081:310;507.97;173.27;11.52;36.59;24.52;0.83;0;;0.69276
201:609:081:410;334.02;143.08;8.72;28.36;24.39;0.69;0;;0.48582
201:609:081:510;183.58;86.16;5.74;19.06;23.51;0.28;0;;0.27548
201:609:081:610;21.24;42.39;2.25;9.27;22.46;0.28;0;;0.06588
201:609:081:710;0;0;0;0;21.67;0.48;0;;0
201:609:081:810;0;0;0;0;21.04;0.41;0;;0
201:609:081:910;0;0;0;0;20.55;0.69;0;;0
201:609:082:010;0;0;0;0;19.55;0.76;0;;0
201:609:082:110;0;0;0;0;18.62;0.97;0;;0
201:609:082:210;0;0;0;0;16.67;1.24;0;;0
201:609:082:310;0;0;0;0;15.24;1.38;0;;0
201:609:090:010;0;0;0;0;14.41;1.45;0;;0
201:609:090:110;0;0;0;0;13.83;1.45;0;;0
201:609:090:210;0;0;0;0;13.36;1.45;0;;0
201:609:090:310;0;0;0;0;12.82;1.45;0;;0
201:609:090:410;0;0;0;0;12.42;1.45;0;;0
201:609:090:510;71.34;57.54;2.08;9.07;12.64;1.31;0;;0.13096
201:609:090:610;257.66;108.72;5.48;18.86;16.01;0.55;0;;0.37186
201:609:090:710;466.51;137.31;8.87;28.13;19.62;0.41;0;;0.61269
201:609:090:810;643.66;154.78;11.75;36.33;22.19;0.28;0;;0.81019
201:609:090:910;763.92;163.93;13.79;42.68;23.65;0.07;0;;0.94164
201:609:091:010;840.62;156.24;15.02;46.21;24.54;0.21;0;;1.01188
201:609:091:110;798.4;163.97;14.85;46.18;25.01;0.41;0;;0.97722
201:609:091:210;729.48;147.46;13.93;42.6;25.39;0.69;0;;0.89087
201:609:091:310;562.1;141.13;11.73;36.22;25.48;0.83;0;;0.71496
201:609:091:410;378.98;116.68;8.93;28;25.52;0.9;0;;0.50459
201:609:091:510;183.35;82.6;5.62;18.71;24.66;0.41;0;;0.27157
201:609:091:610;22.84;37.68;2.25;8.93;23.62;0.48;0;;0.06277
201:609:091:710;0;0;0;0;22.67;0.55;0;;0
201:609:091:810;0;0;0;0;22.16;0.55;0;;0
201:609:091:910;0;0;0;0;20.72;1.03;0;;0
201:609:092:010;0;0;0;0;18.45;1.38;0;;0
201:609:092:110;0;0;0;0;17.44;1.45;0;;0
201:609:092:210;0;0;0;0;16.87;1.45;0;;0
201:609:092:310;0;0;0;0;16.54;1.31;0;;0
201:609:100:010;0;0;0;0;16.24;1.31;0;;0
201:609:100:110;0;0;0;0;15.82;1.31;0;;0
201:609:100:210;0;0;0;0;15.12;1.38;0;;0
201:609:100:310;0;0;0;0;14.41;1.45;0;;0
201:609:100:410;0;0;0;0;13.9;1.38;0;;0
201:609:100:510;71.7;56.97;2.04;8.85;14.05;1.24;0;;0.13071
201:609:100:610;260.91;107.3;5.43;18.63;16.56;0.41;0;;0.37364
201:609:100:710;471.97;135.88;8.85;27.88;20.4;0.41;0;;0.6167
201:609:100:810;652.31;150.87;11.73;36.05;22.4;0.48;0;;0.81491
201:609:100:910;764.17;163.31;13.71;42.35;23.61;0.69;0;;0.94119
201:609:101:010;839.67;156.79;14.93;45.85;24.13;0.9;0;;1.01139
201:609:101:110;797.3;164.53;14.77;45.8;24.76;1.03;0;;0.9766
201:609:101:210;707.4;155.59;13.67;42.21;25.04;0.97;0;;0.87666
201:609:101:310;535.61;150.9;11.42;35.85;25.15;0.9;0;;0.69793
201:609:101:410;273.07;162.5;7.99;27.64;24.74;0.9;0;;0.44356
201:609:101:510;170.56;86.53;5.39;18.37;24.14;0.83;0;;0.26248
201:609:101:610;16.74;41.36;1.98;8.58;23.28;0.97;0;;0.06008
201:609:101:710;0;0;0;0;21.86;0.9;0;;0
201:609:101:810;0;0;0;0;21.69;0.76;0;;0
201:609:101:910;0;0;0;0;21.19;0.62;0;;0
201:609:102:010;0;0;0;0;20.51;0.83;0;;0
201:609:102:110;0;0;0;0;18.99;1.03;0;;0
201:609:102:210;0;0;0;0;17.86;1.17;0;;0
201:609:102:310;0;0;0;0;16.91;1.24;0;;0
201:609:110:010;0;0;0;0;15.9;1.31;0;;0
201:609:110:110;0;0;0;0;15.07;1.38;0;;0
201:609:110:210;0;0;0;0;14.33;1.45;0;;0
201:609:110:310;0;0;0;0;13.81;1.38;0;;0
201:609:110:410;0;0;0;0;13.4;1.38;0;;0
201:609:110:510;64.24;55.37;1.9;8.63;13.53;1.24;0;;0.12151
201:609:110:610;228.22;116.41;5.15;18.39;16.55;0.41;0;;0.34978
201:609:110:710;449.61;142.37;8.6;27.63;20.64;0.34;0;;0.60058
201:609:110:810;632.23;157.94;11.5;35.76;22.96;0.34;0;;0.80167
201:609:110:910;750.26;168.29;13.53;42.03;24.47;0.55;0;;0.93208
201:609:111:010;824.82;161.8;14.73;45.48;25.45;1.31;0;;1.00135
201:609:111:110;782.62;168.19;14.55;45.41;25.73;1.79;0;;0.96536
201:609:111:210;660.06;176.73;13.26;41.83;25.83;1.79;0;;0.85005
201:609:111:310;415.61;204.75;10.52;35.47;25.58;1.59;0;;0.63088
201:609:111:410;367.28;118.36;8.64;27.28;25.58;1.45;0;;0.49428
201:609:111:510;172.23;83.03;5.31;18.02;24.83;1.24;0;;0.26057
201:609:111:610;15.43;38.99;1.86;8.24;23.84;1.24;0;;0.05628
201:609:111:710;0;0;0;0;21.7;1.31;0;;0
201:609:111:810;0;0;0;0;19.76;1.45;0;;0
201:609:111:910;0;0;0;0;18.5;1.59;0;;0
201:609:112:010;0;0;0;0;16.81;1.66;0;;0
201:609:112:110;0;0;0;0;16;1.59;0;;0
201:609:112:210;0;0;0;0;15.42;1.59;0;;0
201:609:112:310;0;0;0;0;14.77;1.59;0;;0
201:609:120:010;0;0;0;0;14.1;1.59;0;;0
201:609:120:110;0;0;0;0;13.49;1.52;0;;0
201:609:120:210;0;0;0;0;13;1.45;0;;0
201:609:120:310;0;0;0;0;12.56;1.45;0;;0
201:609:120:410;0;0;0;0;12.18;1.45;0;;0
201:609:120:510;77.3;53.2;1.96;8.4;12.45;1.24;0;;0.13246
201:609:120:610;275.3;102.74;5.41;18.16;16.34;0.62;0;;0.38345
201:609:120:710;463.93;137.92;8.64;27.37;20.21;0.62;0;;0.61049
201:609:120:810;642.41;154.15;11.5;35.48;22.67;0.55;0;;0.80806
201:609:120:910;751.9;167.76;13.46;41.7;23.94;0.76;0;;0.93312
201:609:121:010;825.22;162.44;14.67;45.12;24.66;1.03;0;;1.00233
201:609:121:110;784.2;167.66;14.49;45.02;24.8;1.1;0;;0.96635
201:609:121:210;703.64;155.45;13.46;41.44;25.12;0.97;0;;0.87255
201:609:121:310;538.73;147.68;11.28;35.1;25.16;0.9;0;;0.69769
201:609:121:410;284.37;155.06;7.93;26.92;24.78;0.83;0;;0.44736
201:609:121:510;165.08;85.16;5.17;17.66;24.34;0.76;0;;0.25541
201:609:121:610;15.54;36.23;1.82;7.89;23.52;0.9;0;;0.05359
201:609:121:710;0;0;0;0;21.75;0.97;0;;0
201:609:121:810;0;0;0;0;20.23;1.17;0;;0
201:609:121:910;0;0;0;0;19.48;1.24;0;;0
201:609:122:010;0;0;0;0;19;1.17;0;;0
201:609:122:110;0;0;0;0;17.92;1.24;0;;0
201:609:122:210;0;0;0;0;16.87;1.38;0;;0
201:609:122:310;0;0;0;0;15.88;1.45;0;;0
201:609:130:010;0;0;0;0;15.27;1.38;0;;0
201:609:130:110;0;0;0;0;14.53;1.38;0;;0
201:609:130:210;0;0;0;0;14.16;1.38;0;;0
201:609:130:310;0;0;0;0;13.75;1.38;0;;0
201:609:130:410;0;0;0;0;13.37;1.38;0;;0
201:609:130:510;56.33;52.99;1.72;8.18;13.59;1.24;0;;0.11104
201:609:130:610;248.12;108.05;5.13;17.93;16.87;0.69;0;;0.3613
201:609:130:710;442.63;143.22;8.4;27.12;20.35;0.55;0;;0.59425
201:609:130:810;616.16;162.07;11.22;35.19;22.44;0.62;0;;0.78945
201:609:130:910;742.09;169.16;13.28;41.37;23.6;0.69;0;;0.92453
201:609:131:010;793.29;172.93;14.32;44.75;24.04;0.83;0;;0.98054
201:609:131:110;762.47;173.45;14.2;44.63;24.02;0.83;0;;0.95012
201:609:131:210;614.46;193.29;12.75;41.05;24.3;0.69;0;;0.8205
201:609:131:310;361.09;219.94;9.91;34.72;23.63;0.55;0;;0.59094
201:609:131:410;0;38.58;0.88;26.56;22.48;0.83;0;;0.03946
201:609:131:510;37.95;118.06;3.39;17.31;21.25;0.28;0;;0.1594
201:609:131:610;14.58;34.56;1.74;7.54;20.9;0.41;0;;0.05088
201:609:131:710;0;0;0;0;20.13;0.48;0;;0
201:609:131:810;0;0;0;0;18.93;0.83;0;;0
201:609:131:910;0;0;0;0;18.73;0.97;0;;0
201:609:132:010;0;0;0;0;18.75;0.83;0;;0
201:609:132:110;0;0;0;0;18.44;0.76;0;;0
201:609:132:210;0;0;0;0;17.91;0.83;0;;0
201:609:132:310;0;0;0;0;16.24;1.1;0;;0
201:609:140:010;0;0;0;0;15.02;1.31;0;;0
201:609:140:110;0;0;0;0;14.13;1.38;0;;0
201:609:140:210;0;0;0;0;13.37;1.45;0;;0
201:609:140:310;0;0;0;0;12.69;1.45;0;;0
201:609:140:410;0;0;0;0;12.28;1.45;0;;0
201:609:140:510;35.82;52.33;1.49;7.95;12.25;1.31;0;;0.08964
201:609:140:610;193.66;123.44;4.74;17.69;15.41;0.76;0;;0.32184
201:609:140:710;380.22;168.81;8.01;26.86;19.06;0.55;0;;0.55704
201:609:140:810;579.24;180.3;10.97;34.9;21.4;0.69;0;;0.77051
201:609:140:910;727.84;177.92;13.16;41.04;22.42;0.9;0;;0.91892
201:609:141:010;802.04;171.5;14.34;44.38;22.9;0.97;0;;0.98788
201:609:141:110;757.09;178.81;14.14;44.24;23.38;0.97;0;;0.95004
201:609:141:210;690.52;159.78;13.2;40.66;23.5;0.9;0;;0.8635
201:609:141:310;534.35;146.41;11.05;34.34;23.5;0.69;0;;0.69181
201:609:141:410;351.08;120.42;8.23;26.19;23.24;0.34;0;;0.47973
201:609:141:510;145.38;90.12;4.8;16.96;22.85;0.34;0;;0.2403
201:609:141:610;6.47;39.24;1.33;7.19;21.73;0.41;0;;0.04704
201:609:141:710;0;0;0;0;21.3;0.21;0;;0
201:609:141:810;0;0;0;0;20.67;0.28;0;;0
201:609:141:910;0;0;0;0;18.66;1.1;0;;0
201:609:142:010;0;0;0;0;17.37;1.24;0;;0
201:609:142:110;0;0;0;0;16.6;1.24;0;;0
201:609:142:210;0;0;0;0;16.07;1.31;0;;0
201:609:142:310;0;0;0;0;15.85;1.24;0;;0
201:609:150:010;0;0;0;0;15.63;1.1;0;;0
201:609:150:110;0;0;0;0;14.87;1.1;0;;0
201:609:150:210;0;0;0;0;14.32;1.1;0;;0
201:609:150:310;0;0;0;0;13.84;1.17;0;;0
201:609:150:410;0;0;0;0;13.36;1.17;0;;0
201:609:150:510;19.33;46.04;1.21;7.73;13.04;1.17;0;;0.06658
201:609:150:610;204.22;119.72;4.74;17.46;14.62;0.55;0;;0.32868
201:609:150:710;423.26;151.73;8.17;26.6;17.02;0.62;0;;0.58316
201:609:150:810;601.18;170.08;11.01;34.61;17.94;0.76;0;;0.78227
201:609:150:910;726.52;177.27;13.06;40.71;19.09;0.97;0;;0.91685
201:609:151:010;788.16;176.54;14.16;44.01;20.09;1.1;0;;0.97886
201:609:151:110;740.57;186.04;13.95;43.85;20.96;1.24;0;;0.94056
201:609:151:210;480.2;250.14;11.77;40.26;21.64;1.24;0;;0.74211
201:609:151:310;170.71;258.54;8.01;33.96;21.49;1.17;0;;0.43726
201:609:151:410;282.97;148.31;7.62;25.82;21.49;1.24;0;;0.4389
201:609:151:510;142.91;88.44;4.68;16.6;21.2;1.17;0;;0.23603
201:609:151:610;9.99;33.7;1.45;6.84;20.53;1.1;0;;0.04514
201:609:151:710;0;0;0;0;19.05;1.24;0;;0
201:609:151:810;0;0;0;0;17.16;1.24;0;;0
201:609:151:910;0;0;0;0;16.4;1.38;0;;0
201:609:152:010;0;0;0;0;15.73;1.31;0;;0
201:609:152:110;0;0;0;0;15.17;1.31;0;;0
201:609:152:210;0;0;0;0;14.51;1.38;0;;0
201:609:152:310;0;0;0;0;14.03;1.45;0;;0
201:609:160:010;0;0;0;0;13.65;1.45;0;;0
201:609:160:110;0;0;0;0;13.56;1.38;0;;0
201:609:160:210;0;0;0;0;13.19;1.52;0;;0
201:609:160:310;0;0;0;0;12.71;1.59;0;;0
201:609:160:410;0;0;0;0;12.36;1.59;0;;0
201:609:160:510;41.7;48.77;1.43;7.5;12.27;1.52;0;;0.0919
201:609:160:610;231.12;110.69;4.82;17.22;14.79;0.9;0;;0.34663
201:609:160:710;424.08;148.81;8.07;26.34;16.69;0.97;0;;0.58096
201:609:160:810;580.1;175.58;10.77;34.32;19.1;1.24;0;;0.76645
201:609:160:910;738.36;169.72;13.01;40.37;20.59;2.28;0;;0.92109
201:609:161:010;751.23;189.04;13.79;43.63;21.19;2.55;0;;0.95406
201:609:161:110;152.32;328.54;9.11;43.45;21.67;2.48;0;;0.48997
201:609:161:210;153.35;303.27;8.64;39.87;22.39;2.55;0;;0.46526
201:609:161:310;109.38;251.78;7.07;33.58;22.12;2.07;0;;0.36823
201:609:161:410;59.5;183.81;5.01;25.46;22.13;1.66;0;;0.24832
201:609:161:510;29.94;108.58;3;16.25;21.81;1.24;0;;0.14152
201:609:161:610;3.25;34.82;1.02;6.49;21.2;1.31;0;;0.03909
201:609:161:710;0;0;0;0;19.79;1.45;0;;0
201:609:161:810;0;0;0;0;18.67;1.38;0;;0
201:609:161:910;0;0;0;0;17.51;1.38;0;;0
201:609:162:010;0;0;0;0;16.97;1.31;0;;0
201:609:162:110;0;0;0;0;16.48;1.31;0;;0
201:609:162:210;0;0;0;0;16.13;1.31;0;;0
201:609:162:310;0;0;0;0;15.66;1.31;0;;0
201:609:170:010;0;0;0;0;15.38;1.31;0;;0
201:609:170:110;0;0;0;0;14.78;1.38;0;;0
201:609:170:210;0;0;0;0;14.64;1.38;0;;0
201:609:170:310;0;0;0;0;14.64;1.38;0;;0
201:609:170:410;0;0;0;0;14.47;1.38;0;;0
201:609:170:510;0;21.53;0.49;7.27;14.36;1.31;0;;0.02202
201:609:170:610;61.85;121.91;3.31;16.98;15.82;1.03;0;;0.18707
201:609:170:710;0;54.73;1.25;26.08;16.71;0.9;0;;0.05598
201:609:170:810;0;42.17;0.96;34.02;17.63;0.97;0;;0.04313
201:609:170:910;0;57.42;1.31;40.04;17.75;0.9;0;;0.05873
201:609:171:010;0;60.11;1.37;43.26;18.11;1.52;0;;0.06148
201:609:171:110;0;67.29;1.53;43.06;17.9;1.31;0;;0.06882
201:609:171:210;0;49.35;1.12;39.47;17.79;1.31;0;;0.05047
201:609:171:310;0;96.9;2.21;33.19;18.06;1.38;0;;0.09911
201:609:171:410;0;33.2;0.76;25.09;17.88;1.24;0;;0.03396
201:609:171:510;6.27;88.43;2.12;15.89;17.23;0.76;0;;0.09682
201:609:171:610;0.32;26.83;0.63;6.14;17.04;0.97;0;;0.02778
201:609:171:710;0;0;0;0;15.95;0.9;0;;0
201:609:171:810;0;0;0;0;15.98;0.76;0;;0
201:609:171:910;0;0;0;0;15.04;0.97;0;;0
201:609:172:010;0;0;0;0;14.63;0.55;0;;0
201:609:172:110;0;0;0;0;14.72;0.21;0;;0
201:609:172:210;0;0;0;0;14.65;0.28;0;;0
201:609:172:310;0;0;0;0;14.49;0.21;0;;0
201:609:180:010;0;0;0;0;14.3;0.69;0;;0
201:609:180:110;0;0;0;0;14.23;0.83;0;;0
201:609:180:210;0;0;0;0;14.14;0.9;0;;0
201:609:180:310;0;0;0;0;13.83;1.03;0;;0
201:609:180:410;0;0;0;0;13.02;1.24;0;;0
201:609:180:510;0;21.53;0.49;7.04;12.98;0.83;0;;0.02202
201:609:180:610;36.32;114.83;2.92;16.74;13.79;0.83;0;;0.15407
201:609:180:710;333.43;176.12;7.38;25.82;14.86;1.03;0;;0.51693
201:609:180:810;506.69;203.11;10.19;33.72;15.72;0.97;0;;0.71999
201:609:180:910;556.72;242.93;11.79;39.7;16.62;1.03;0;;0.81144
201:609:181:010;315.63;325.65;10.71;42.88;17.54;1.24;0;;0.65199
201:609:181:110;364.78;312.49;11.16;42.66;18.17;1.38;0;;0.68843
201:609:181:210;4.12;203.28;4.68;39.08;18.75;1.45;0;;0.21208
201:609:181:310;410.72;191.59;9.81;32.81;18.89;1.24;0;;0.61212
201:609:181:410;244.68;153.5;6.99;24.72;18.53;1.1;0;;0.40517
201:609:181:510;12.69;96.25;2.41;15.53;18.25;1.03;0;;0.11135
201:609:181:610;0;16.15;0.37;5.79;17.84;1.03;0;;0.01652
201:609:181:710;0;0;0;0;16.38;1.03;0;;0
201:609:181:810;0;0;0;0;15.48;0.97;0;;0
201:609:181:910;0;0;0;0;14.28;1.1;0;;0
201:609:182:010;0;0;0;0;13.68;1.1;0;;0
201:609:182:110;0;0;0;0;13.02;1.1;0;;0
201:609:182:210;0;0;0;0;12.55;1.17;0;;0
201:609:182:310;0;0;0;0;12;1.31;0;;0
201:609:190:010;0;0;0;0;11.78;1.31;0;;0
201:609:190:110;0;0;0;0;11.12;1.38;0;;0
201:609:190:210;0;0;0;0;10.54;1.45;0;;0
201:609:190:310;0;0;0;0;10.26;1.45;0;;0
201:609:190:410;0;0;0;0;9.98;1.45;0;;0
201:609:190:510;60.05;45.33;1.43;6.81;10.04;1.45;0;;0.10681
201:609:190:610;162.45;121.13;4.17;16.5;12.82;1.31;0;;0.28775
201:609:190:710;0;0;0;0;14.82;2.21;0;;0
201:609:190:810;544.07;188.78;10.34;33.43;16.24;2.21;0;;0.74319
201:609:190:910;567.74;238.82;11.79;39.36;17.59;2.28;0;;0.81835
201:609:191:010;758.83;182.81;13.57;42.51;18.47;2;0;;0.95521
201:609:191:110;391.13;306.01;11.3;42.26;18.86;1.93;0;;0.70844
201:609:191:210;142.42;294.77;8.27;38.68;18.77;2.07;0;;0.44546
201:609:191:310;74.49;237.7;6.29;32.43;17.54;1.93;0;;0.31848
201:609:191:410;47.38;173.39;4.58;24.35;16.67;1.86;0;;0.22535
201:609:191:510;68.56;102.44;3.49;15.17;16.27;2;0;;0.17449
201:609:191:610;0.88;26.07;0.67;5.43;15.25;2.14;0;;0.02762
201:609:191:710;0;0;0;0;14.24;2.28;0;;0
201:609:191:810;0;0;0;0;13.16;2.34;0;;0
201:609:191:910;0;0;0;0;12.46;2.48;0;;0
201:609:192:010;0;0;0;0;11.77;2.34;0;;0
201:609:192:110;0;0;0;0;11.21;2.34;0;;0
201:609:192:210;0;0;0;0;10.9;2.34;0;;0
201:609:192:310;0;0;0;0;10.73;2.28;0;;0
201:609:200:010;0;0;0;0;10.59;2.28;0;;0
201:609:200:110;0;0;0;0;10.27;2.14;0;;0
201:609:200:210;0;0;0;0;10.34;2.07;0;;0
201:609:200:310;0;0;0;0;9.76;2.07;0;;0
201:609:200:410;0;0;0;0;9.31;1.93;0;;0
201:609:200:510;78.8;44.02;1.51;6.58;9.04;1.79;0;;0.12433
201:609:200:610;275.3;98.56;4.86;16.25;9.73;1.59;0;;0.37872
201:609:200:710;392.5;163.86;7.7;25.29;10.92;2.21;0;;0.56406
201:609:200:810;197.09;267.25;7.89;33.13;12.06;2.55;0;;0.47223
201:609:200:910;208.47;311.55;9.07;39.02;13;2.62;0;;0.52909
201:609:201:010;271.08;333.32;10.3;42.13;13.45;2.62;0;;0.6147
201:609:201:110;593.81;252.28;12.77;41.87;13.95;2.62;0;;0.85886
201:609:201:210;379.91;277.52;10.71;38.28;14.11;2.62;0;;0.66814
201:609:201:310;509.2;152.77;10.38;32.04;14.13;2.62;0;;0.67235
201:609:201:410;328.47;121.88;7.54;23.98;13.51;2.76;0;;0.45789
201:609:201:510;134.59;82.28;4.19;14.81;12.73;2.83;0;;0.22106
201:609:201:610;2.53;24.23;0.8;5.08;11.59;2.55;0;;0.02756
201:609:201:710;0;0;0;0;10.43;2.28;0;;0
201:609:201:810;0;0;0;0;9.52;2;0;;0
201:609:201:910;0;0;0;0;9.07;1.66;0;;0
201:609:202:010;0;0;0;0;8.17;1.45;0;;0
201:609:202:110;0;0;0;0;7.67;1.31;0;;0
201:609:202:210;0;0;0;0;7.08;1.24;0;;0
201:609:202:310;0;0;0;0;6.78;1.17;0;;0
201:609:210:010;0;0;0;0;6.53;1.1;0;;0
201:609:210:110;0;0;0;0;6.73;1.03;0;;0
201:609:210:210;0;0;0;0;6.33;1.1;0;;0
201:609:210:310;0;0;0;0;5.9;1.17;0;;0
201:609:210:410;0;0;0;0;5.44;1.17;0;;0
201:609:210:510;86.04;41.99;1.49;6.34;5.17;1.1;0;;0.12952
201:609:210:610;60.37;119.78;3.19;16.01;6.86;0.69;0;;0.18334
201:609:210:710;20.94;161.42;3.86;25.02;9.35;0.83;0;;0.18622
201:609:210:810;21.72;209.95;4.99;32.83;10.51;0.97;0;;0.23666
201:609:210:910;86.05;287.69;7.36;38.68;11.47;1.1;0;;0.3811
201:609:211:010;54.55;290.35;7.15;41.75;12;1.45;0;;0.35205
201:609:211:110;0;74.47;1.7;41.47;11.65;1.38;0;;0.07617
201:609:211:210;0;49.35;1.12;37.89;12.06;1.38;0;;0.05047
201:609:211:310;0;113.05;2.57;31.66;12.14;1.52;0;;0.11562
201:609:211:410;11.43;145.89;3.47;23.61;12.53;1.52;0;;0.16079
201:609:211:510;85.82;96.03;3.6;14.46;12.21;1.31;0;;0.18545
201:609:211:610;0;16.15;0.37;4.73;11.83;1.1;0;;0.01652
201:609:211:710;0;0;0;0;10.7;1.24;0;;0
201:609:211:810;0;0;0;0;9.04;1.31;0;;0
201:609:211:910;0;0;0;0;8.76;1.17;0;;0
201:609:212:010;0;0;0;0;8.15;1.17;0;;0
201:609:212:110;0;0;0;0;7.17;1.31;0;;0
201:609:212:210;0;0;0;0;7.19;1.24;0;;0
201:609:212:310;0;0;0;0;6.77;1.24;0;;0
201:609:220:010;0;0;0;0;6.21;1.31;0;;0
201:609:220:110;0;0;0;0;6.11;1.17;0;;0
201:609:220:210;0;0;0;0;5.97;1.17;0;;0
201:609:220:310;0;0;0;0;5.1;1.31;0;;0
201:609:220:410;0;0;0;0;4.7;1.38;0;;0
201:609:220:510;80.44;41.87;1.41;6.11;4.48;1.31;0;;0.12372
201:609:220:610;283.67;97.12;4.8;15.76;6.33;0.97;0;;0.38559
201:609:220:710;0;0;0;0;7.9;1.17;0;;0
201:609:220:810;644.08;157.67;10.83;32.52;9.87;1.31;0;;0.81258
201:609:220:910;738.51;178.12;12.69;38.34;11.63;1.59;0;;0.92932
201:609:221:010;713.48;216.57;13.3;41.37;13.07;2.28;0;;0.94335
201:609:221:110;162.23;323.69;8.99;41.07;13.73;2.48;0;;0.49491
201:609:221:210;128.3;292.47;8.01;37.49;13.64;2.48;0;;0.42878
201:609:221:310;89.78;239.94;6.48;31.27;13.71;2.62;0;;0.3362
201:609:221:410;6.41;134.45;3.15;23.24;13.68;2.55;0;;0.14401
201:609:221:510;26.78;96.21;2.62;14.1;13.11;2.07;0;;0.12561
201:609:221:610;3.24;18.81;0.78;4.37;12.32;1.86;0;;0.02283
201:609:221:710;0;0;0;0;10.78;1.72;0;;0
201:609:221:810;0;0;0;0;9.22;1.59;0;;0
201:609:221:910;0;0;0;0;7.78;1.45;0;;0
201:609:222:010;0;0;0;0;6.94;1.38;0;;0
201:609:222:110;0;0;0;0;6.42;1.31;0;;0
201:609:222:210;0;0;0;0;6.05;1.24;0;;0
201:609:222:310;0;0;0;0;5.8;1.17;0;;0
201:609:230:010;0;0;0;0;5.71;1.17;0;;0
201:609:230:110;0;0;0;0;5.31;1.24;0;;0
201:609:230:210;0;0;0;0;4.76;1.31;0;;0
201:609:230:310;0;0;0;0;4.4;1.31;0;;0
201:609:230:410;0;0;0;0;4.22;1.31;0;;0
201:609:230:510;53.46;40.59;1.18;5.88;4.22;1.24;0;;0.09523
201:609:230:610;188.48;116.21;4.15;15.52;6.82;0.69;0;;0.30884
201:609:230:710;351.63;172.78;7.23;24.49;8.96;0.55;0;;0.53164
201:609:230:810;168.56;261.44;7.42;32.22;11.87;0.62;0;;0.43742
201:609:230:910;336.54;300.27;10.05;37.99;13.58;1.31;0;;0.64686
201:609:231:010;644.79;240.6;12.77;41;14.55;2.28;0;;0.89816
201:609:231:110;600.48;244.76;12.52;40.67;14.8;2.21;0;;0.85776
201:609:231:210;475.45;243.82;11.11;37.09;14.82;1.79;0;;0.73038
201:609:231:310;217.95;239.38;7.95;30.89;14.74;1.45;0;;0.46528
201:609:231:410;117.88;174.85;5.46;22.87;14.49;1.31;0;;0.29819
201:609:231:510;113.24;82.32;3.7;13.74;14.09;1.03;0;;0.19926
201:609:231:610;0;18.46;0.45;4.02;13.49;0.97;0;;0.01891
201:609:231:710;0;0;0;0;12.79;0.76;0;;0
201:609:231:810;0;0;0;0;12.66;0.55;0;;0
201:609:231:910;0;0;0;0;12.81;0.48;0;;0
201:609:232:010;0;0;0;0;12.3;0.48;0;;0
201:609:232:110;0;0;0;0;11.77;0.62;0;;0
201:609:232:210;0;0;0;0;11.3;0.62;0;;0
201:609:232:310;0;0;0;0;10.96;0.62;0;;0
201:609:240:010;0;0;0;0;10.76;0.62;0;;0
201:609:240:110;0;0;0;0;10.29;0.69;0;;0
201:609:240:210;0;0;0;0;9.75;0.9;0;;0
201:609:240:310;0;0;0;0;8.3;1.1;0;;0
201:609:240:410;0;0;0;0;7.6;1.1;0;;0
201:609:240:510;46.02;34.78;1.08;5.64;6.83;1.1;0;;0.08188
201:609:240:610;220.35;108.06;4.25;15.27;8.47;0.62;0;;0.33266
201:609:240:710;366.8;165.57;7.21;24.22;11.49;0.34;0;;0.53958
201:609:240:810;493.77;208.13;9.75;31.92;14.12;0.48;0;;0.71165
201:609:240:910;203.28;302.38;8.72;37.65;15.41;0.9;0;;0.51438
201:609:241:010;70.59;291.76;7.31;40.62;16.12;1.24;0;;0.36966
201:609:241:110;439.99;291.01;11.34;40.28;16.57;1.72;0;;0.74234
201:609:241:210;177.18;289.87;8.44;36.7;16.85;1.72;0;;0.47549
201:609:241:310;197.55;236.97;7.62;30.5;16.89;1.59;0;;0.44214
201:609:241:410;121.69;169.88;5.37;22.5;16.67;1.38;0;;0.29694
201:609:241:510;103.48;82.03;3.49;13.38;16.34;0.97;0;;0.189
201:609:241:610;0;16.78;0.41;3.67;15.57;1.03;0;;0.01719
201:609:241:710;0;0;0;0;13.9;1.1;0;;0
201:609:241:810;0;0;0;0;13;1.1;0;;0
201:609:241:910;0;0;0;0;11.29;1.31;0;;0
201:609:242:010;0;0;0;0;10.38;1.31;0;;0
201:609:242:110;0;0;0;0;9.61;1.31;0;;0
201:609:242:210;0;0;0;0;9.14;1.38;0;;0
201:609:242:310;0;0;0;0;8.52;1.38;0;;0
201:609:250:010;0;0;0;0;7.9;1.45;0;;0
201:609:250:110;0;0;0;0;7.6;1.45;0;;0
201:609:250:210;0;0;0;0;7.24;1.45;0;;0
201:609:250:310;0;0;0;0;6.93;1.45;0;;0
201:609:250:410;0;0;0;0;6.65;0;0;;0
201:609:250:510;60.69;32.05;1.1;5.41;6.38;0;0;;0.09384
201:609:250:610;56.89;111.34;2.92;15.02;9.26;0.76;0;;0.17115
201:609:250:710;315.21;178.2;6.84;23.94;11.07;0.83;0;;0.50025
201:609:250:810;449.65;222.45;9.44;31.61;13.38;0.83;0;;0.68154
201:609:250:910;279.09;301.84;9.42;37.3;14.91;1.03;0;;0.59035
201:609:251:010;362.76;314.29;10.71;40.24;16.04;1.31;0;;0.68776
201:609:251:110;351.28;309.29;10.62;39.88;16.46;1.1;0;;0.67119
201:609:251:210;162.56;287.83;8.21;36.3;16.5;0.83;0;;0.4586
201:609:251:310;399.63;188.3;9.17;30.12;16.28;0.62;0;;0.5971
201:609:251:410;261.75;137.19;6.56;22.13;16.32;0.48;0;;0.4055
201:609:251:510;71.26;88.44;3.09;13.02;15.42;0.21;0;;0.16279
201:609:251:610;0;14.26;0.35;3.31;14.95;0.48;0;;0.01461
201:609:251:710;0;0;0;0;14.5;0.34;0;;0
201:609:251:810;0;0;0;0;13.78;0.07;0;;0
201:609:251:910;0;0;0;0;10.26;1.24;0;;0
201:609:252:010;0;0;0;0;10.52;1.31;0;;0
201:609:252:110;0;0;0;0;10.61;1.1;0;;0
201:609:252:210;0;0;0;0;11.26;0.83;0;;0
201:609:252:310;0;0;0;0;10.82;0.83;0;;0
201:609:260:010;0;0;0;0;9.84;0.97;0;;0
201:609:260:110;0;0;0;0;8.62;1.1;0;;0
201:609:260:210;0;0;0;0;7.79;1.17;0;;0
201:609:260:310;0;0;0;0;7.25;1.17;0;;0
201:609:260:410;0;0;0;0;6.91;1.17;0;;0
201:609:260:510;15.87;28.32;0.74;5.17;6.91;1.03;0;;0.04493
201:609:260:610;14.92;89.57;2.15;14.77;8.73;0.48;0;;0.10664
201:609:260:710;318.47;175.86;6.78;23.67;11.38;0.48;0;;0.50111
201:609:260:810;359.68;242.13;8.79;31.3;12.58;0.41;0;;0.6106
201:609:260:910;690.01;191.2;11.99;36.96;14.43;0.28;0;;0.8932
201:609:261:010;646.5;233.52;12.46;39.86;15.43;0.41;0;;0.89248
201:609:261:110;215.39;314.99;9.26;39.48;15.78;0.28;0;;0.53964
201:609:261:210;350.55;269.67;9.91;35.9;15.99;0.07;0;;0.63013
201:609:261:310;206.34;232.31;7.56;29.73;15.75;0.41;0;;0.44621
201:609:261:410;0;32.3;0.74;21.76;15.61;0.62;0;;0.03304
201:609:261:510;13.06;79.52;2;12.66;15.21;0.69;0;;0.09458
201:609:261:610;0;11.75;0.29;2.96;14.49;0.83;0;;0.01204
201:609:261:710;0;0;0;0;13.14;0.83;0;;0
201:609:261:810;0;0;0;0;12.95;0.76;0;;0
201:609:261:910;0;0;0;0;13.06;0.62;0;;0
201:609:262:010;0;0;0;0;12.58;0.62;0;;0
201:609:262:110;0;0;0;0;12.03;0.62;0;;0
201:609:262:210;0;0;0;0;11.55;0.55;0;;0
201:609:262:310;0;0;0;0;11.33;0.55;0;;0
201:609:270:010;0;0;0;0;11.09;0.55;0;;0
201:609:270:110;0;0;0;0;11.04;0.62;0;;0
201:609:270:210;0;0;0;0;11.05;0.69;0;;0
201:609:270:310;0;0;0;0;11.13;0.62;0;;0
201:609:270:410;0;0;0;0;11.24;0.55;0;;0
201:609:270:510;49.9;29.35;0.94;4.93;11.22;0.41;0;;0.08019
201:609:270:610;212.33;106.93;4;14.52;11.27;0.34;0;;0.32326
201:609:270:710;417.65;148.26;7.27;23.39;11.77;0.41;0;;0.57318
201:609:270:810;583.7;174.53;10.01;30.99;14.25;0.62;0;;0.76824
201:609:270:910;679.07;195.17;11.85;36.61;15.53;1.38;0;;0.88609
201:609:271:010;693.56;214.34;12.65;39.47;16.32;1.72;0;;0.92055
201:609:271:110;624.96;228.62;12.28;39.08;17;1.72;0;;0.86586
201:609:271:210;455.11;241.74;10.58;35.5;17.1;1.59;0;;0.70743
201:609:271:310;363.71;196.75;8.74;29.35;17.16;1.52;0;;0.5692
201:609:271:410;275.47;127.61;6.46;21.39;17.05;1.31;0;;0.40954
201:609:271:510;115.97;71.3;3.35;12.3;16.69;1.1;0;;0.19062
201:609:271:610;0;10.07;0.25;2.61;15.8;1.24;0;;0.01032
201:609:271:710;0;0;0;0;13.59;1.38;0;;0
201:609:271:810;0;0;0;0;11.92;1.38;0;;0
201:609:271:910;0;0;0;0;10.89;1.45;0;;0
201:609:272:010;0;0;0;0;10.07;1.31;0;;0
201:609:272:110;0;0;0;0;9.29;1.31;0;;0
201:609:272:210;0;0;0;0;8.87;0;0;;0
201:609:272:310;0;0;0;0;8.47;0;0;;0
201:609:280:010;0;0;0;0;8.41;1.17;0;;0
201:609:280:110;0;0;0;0;7.82;1.17;0;;0
201:609:280:210;0;0;0;0;7.35;1.24;0;;0
201:609:280:310;0;0;0;0;7.59;1.1;0;;0
201:609:280:410;0;0;0;0;7.47;1.1;0;;0
201:609:280:510;40.78;27.67;0.84;4.69;8.14;0.97;0;;0.06929
201:609:280:610;175.43;110.82;3.72;14.27;9.08;0.69;0;;0.28997
201:609:280:710;278.5;181.31;6.39;23.12;11.23;0.07;0;;0.4662
201:609:280:810;501.57;202.56;9.48;30.68;14.27;0.9;0;;0.71361
201:609:280:910;485.96;261.79;10.69;36.26;15.92;1.45;0;;0.75844
201:609:281:010;221.91;316.83;9.21;39.09;16.89;2.83;0;;0.54795
201:609:281:110;260.35;311.63;9.58;38.68;17.16;3.1;0;;0.58156
201:609:281:210;480.38;231.34;10.64;35.11;17.11;2.55;0;;0.72236
201:609:281:310;75.63;219.19;5.78;28.97;17.6;2.83;0;;0.3006
201:609:281:410;12.29;129.97;3.11;21.02;17.34;2.48;0;;0.14537
201:609:281:510;15.99;75.45;1.94;11.95;16.55;1.72;0;;0.09338
201:609:281:610;0;8.39;0.2;2.26;15.65;1.38;0;;0.00859
201:609:281:710;0;0;0;0;14.09;1.31;0;;0
201:609:281:810;0;0;0;0;12.88;1.38;0;;0
201:609:281:910;0;0;0;0;12.31;1.45;0;;0
201:609:282:010;0;0;0;0;11.68;1.52;0;;0
201:609:282:110;0;0;0;0;11.46;1.52;0;;0
201:609:282:210;0;0;0;0;11.41;1.45;0;;0
201:609:282:310;0;0;0;0;11.35;1.24;0;;0
201:609:290:010;0;0;0;0;10.98;1.31;0;;0
201:609:290:110;0;0;0;0;9.78;1.38;0;;0
201:609:290:210;0;0;0;0;9.09;1.38;0;;0
201:609:290:310;0;0;0;0;8.85;1.24;0;;0
201:609:290:410;0;0;0;0;8.8;1.17;0;;0
201:609:290:510;0;13.46;0.31;4.45;8.62;1.17;0;;0.01377
201:609:290:610;78.44;105.63;2.88;14.02;9.48;0.97;0;;0.18695
201:609:290:710;248.26;178.49;6.03;22.84;12.42;0.69;0;;0.43278
201:609:290:810;259.45;244.18;7.72;30.37;15.01;0.97;0;;0.51135
201:609:290:910;476.63;254.24;10.4;35.91;16.41;1.1;0;;0.74127
201:609:291:010;651.51;217.7;12.05;38.71;17.45;1.31;0;;0.88126
201:609:291:110;552.94;240.71;11.48;38.29;18.16;1.52;0;;0.80513
201:609:291:210;519.34;206.11;10.62;34.71;18.61;1.59;0;;0.73607
201:609:291:310;371.29;183.12;8.48;28.58;18.55;1.52;0;;0.56289
201:609:291:410;201.57;141.62;5.64;20.66;18.39;1.38;0;;0.34883
201:609:291:510;48.86;77.67;2.43;11.59;17.88;1.24;0;;0.12896
201:609:291:610;0;5.87;0.14;1.91;16.76;1.24;0;;0.00601
201:609:291:710;0;0;0;0;15.21;1.03;0;;0
201:609:291:810;0;0;0;0;14.99;0.97;0;;0
201:609:291:910;0;0;0;0;15;1.03;0;;0
201:609:292:010;0;0;0;0;15.02;0.97;0;;0
201:609:292:110;0;0;0;0;14.86;0.9;0;;0
201:609:292:210;0;0;0;0;14.58;0.83;0;;0
201:609:292:310;0;0;0;0;13.92;0.97;0;;0
201:609:300:010;0;0;0;0;12.72;1.17;0;;0
201:609:300:110;0;0;0;0;12.16;1.17;0;;0
201:609:300:210;0;0;0;0;12.15;1.03;0;;0
201:609:300:310;0;0;0;0;11.82;1.03;0;;0
201:609:300:410;0;0;0;0;11.3;1.03;0;;0
201:609:300:510;32.43;24.12;0.69;4.21;10.64;1.03;0;;0.05724
201:609:300:610;247.4;94.56;3.94;13.76;10.35;1.03;0;;0.3459
201:609:300:710;408.24;143.33;6.91;22.56;13.05;0.55;0;;0.55848
201:609:300:810;576.53;168.55;9.62;30.06;15.14;0.76;0;;0.7547
201:609:300:910;658.23;194.83;11.38;35.56;16.65;1.03;0;;0.86444
201:609:301:010;699.57;200.66;12.28;38.33;17.82;1.17;0;;0.91251
201:609:301:110;635.96;212.29;11.93;37.89;18.73;1.31;0;;0.86018
201:609:301:210;551.43;196.44;10.79;34.32;19.24;1.52;0;;0.75866
201:609:301:310;445.6;155.15;8.87;28.2;19.34;1.59;0;;0.60962
201:609:301:410;283.5;114.56;6.15;20.29;19.04;1.59;0;;0.40421
201:609:301:510;122.62;61.91;3.13;11.24;18.32;1.31;0;;0.18766
201:609:301:610;0;5.03;0.12;1.56;17.08;1.31;0;;0.00515
201:609:301:710;0;0;0;0;15.47;1.24;0;;0
201:609:301:810;0;0;0;0;14.24;1.03;0;;0
201:609:301:910;0;0;0;0;14.28;0.97;0;;0
201:609:302:010;0;0;0;0;13.74;0.97;0;;0
201:609:302:110;0;0;0;0;12.46;1.1;0;;0
201:609:302:210;0;0;0;0;11.49;1.24;0;;0
201:609:302:310;0;0;0;0;10.93;1.24;0;;0
201:610:010:010;0;0;0;0;10.47;1.24;0;;0
201:610:010:110;0;0;0;0;10.36;1.31;0;;0
201:610:010:210;0;0;0;0;9.75;1.38;0;;0
201:610:010:310;0;0;0;0;9.34;1.31;0;;0
201:610:010:410;0;0;0;0;8.98;1.38;0;;0
201:610:010:510;24.06;21.55;0.59;3.97;8.69;1.38;0;;0.0462
201:610:010:610;22.34;87.61;2.12;13.51;9.91;0.97;0;;0.11207
201:610:010:710;255.49;178.94;6.01;22.28;12.05;0.62;0;;0.44044
201:610:010:810;463.74;207.36;8.97;29.75;14.13;0.76;0;;0.68007
201:610:010:910;782.62;141.65;11.95;35.21;16.69;1.59;0;;0.93622
201:610:011:010;641.4;225.08;11.91;37.95;17.79;2.55;0;;0.87839
201:610:011:110;515.9;255.51;11.18;37.49;18.1;2.69;0;;0.78259
201:610:011:210;438.38;235.33;10.03;33.92;18.1;2.55;0;;0.68374
201:610:011:310;484.64;137.94;9.01;27.82;17.87;2.55;0;;0.63159
201:610:011:410;72.06;150.61;4.21;19.92;17.61;2.41;0;;0.22688
201:610:011:510;75.6;71.67;2.62;10.88;16.72;1.38;0;;0.14989
201:610:011:610;0;0;0;0;15.69;1.38;0;;0
201:610:011:710;0;0;0;0;14.22;1.31;0;;0
201:610:011:810;0;0;0;0;12.67;1.24;0;;0
201:610:011:910;0;0;0;0;13.06;1.1;0;;0
201:610:012:010;0;0;0;0;12.69;1.1;0;;0
201:610:012:110;0;0;0;0;11.9;1.24;0;;0
201:610:012:210;0;0;0;0;11.51;1.17;0;;0
201:610:012:310;0;0;0;0;10.94;1.24;0;;0
201:610:020:010;0;0;0;0;10.75;1.24;0;;0
201:610:020:110;0;0;0;0;10.32;1.31;0;;0
201:610:020:210;0;0;0;0;9.71;1.45;0;;0
201:610:020:310;0;0;0;0;9.32;1.45;0;;0
201:610:020:410;0;0;0;0;9.21;1.38;0;;0
201:610:020:510;32.92;20.26;0.59;3.73;8.87;1.38;0;;0.05377
201:610:020:610;173.68;101.44;3.37;13.25;10.13;1.03;0;;0.27849
201:610:020:710;234.84;175.11;5.72;22;12.34;1.1;0;;0.41567
201:610:020:810;465.96;199.66;8.81;29.44;13.51;1.03;0;;0.67443
201:610:020:910;250.82;282.15;8.52;34.86;15.47;1.17;0;;0.54149
201:610:021:010;175.68;298.02;8.29;37.57;17.1;1.45;0;;0.48199
201:610:021:110;553.44;233.8;11.18;37.1;17.99;1.66;0;;0.79842
201:610:021:210;25.71;215.9;5.17;33.53;18.19;1.79;0;;0.24678
201:610:021:310;13.29;167.05;3.94;27.44;17.88;1.86;0;;0.18428
201:610:021:410;0;44.86;1.02;19.56;17.17;1.31;0;;0.04588
201:610:021:510;0;41.27;0.94;10.53;16.28;0.97;0;;0.04221
201:610:021:610;0;0;0;0;15.44;1.03;0;;0
201:610:021:710;0;0;0;0;14.54;1.1;0;;0
201:610:021:810;0;0;0;0;13.85;1.03;0;;0
201:610:021:910;0;0;0;0;13.49;0.83;0;;0
201:610:022:010;0;0;0;0;13.36;0.76;0;;0
201:610:022:110;0;0;0;0;13.18;0.69;0;;0
201:610:022:210;0;0;0;0;12.94;0.55;0;;0
201:610:022:310;0;0;0;0;12.71;0.41;0;;0
201:610:030:010;0;0;0;0;12.49;0.41;0;;0
201:610:030:110;0;0;0;0;12.29;0.55;0;;0
201:610:030:210;0;0;0;0;12.34;0.69;0;;0
201:610:030:310;0;0;0;0;12.34;0.69;0;;0
201:610:030:410;0;0;0;0;12.26;0.83;0;;0
201:610:030:510;0;15.1;0.37;3.49;12.21;1.24;0;;0.01547
201:610:030:610;0;23.33;0.53;13;12.21;1.59;0;;0.02386
201:610:030:710;0;29.61;0.67;21.72;11.36;2.34;0;;0.03028
201:610:030:810;0;111.26;2.53;29.12;11.1;2.34;0;;0.11379
201:610:030:910;78.75;254.6;6.44;34.51;11.25;2.41;0;;0.33979
201:610:031:010;30.28;240.27;5.74;37.19;10.93;2.55;0;;0.27629
201:610:031:110;0;157.02;3.58;36.7;10.74;2.55;0;;0.1606
201:610:031:210;0;135.48;3.09;33.14;10.81;2.55;0;;0.13857
201:610:031:310;4.47;145.95;3.37;27.06;11.23;2.69;0;;0.15379
201:610:031:410;1.45;91.68;2.1;19.19;11.18;2.55;0;;0.09523
201:610:031:510;14.97;62.03;1.59;10.18;10.9;2.34;0;;0.07859
201:610:031:610;0;0;0;0;10.14;2;0;;0
201:610:031:710;0;0;0;0;9.17;1.86;0;;0
201:610:031:810;0;0;0;0;8.72;1.79;0;;0
201:610:031:910;0;0;0;0;8.86;2.34;0;;0
201:610:032:010;0;0;0;0;8.74;2.48;0;;0
201:610:032:110;0;0;0;0;8.5;2.41;0;;0
201:610:032:210;0;0;0;0;8.23;2.34;0;;0
201:610:032:310;0;0;0;0;7.97;2.14;0;;0
201:610:040:010;0;0;0;0;7.8;2.07;0;;0
201:610:040:110;0;0;0;0;7.58;1.93;0;;0
201:610:040:210;0;0;0;0;7.54;1.72;0;;0
201:610:040:310;0;0;0;0;7.6;1.52;0;;0
201:610:040:410;0;0;0;0;7.69;1.72;0;;0
201:610:040:510;0;1.68;0.04;3.24;7.71;1.72;0;;0.00172
201:610:040:610;0;48.45;1.1;12.74;7.85;1.86;0;;0.04955
201:610:040:710;0;43.07;0.98;21.44;7.92;1.31;0;;0.04405
201:610:040:810;3.45;150.34;3.45;28.81;8.43;1.24;0;;0.15724
201:610:040:910;0;77.16;1.76;34.16;8.65;1.72;0;;0.07892
201:610:041:010;0;126.51;2.88;36.81;9.21;1.86;0;;0.12939
201:610:041:110;0;69.09;1.57;36.31;10.01;1.72;0;;0.07066
201:610:041:210;0;106.77;2.43;32.75;11.07;2.48;0;;0.1092
201:610:041:310;0;34.09;0.78;26.68;11.11;2.76;0;;0.03487
201:610:041:410;0;40.38;0.92;18.83;10.62;2.9;0;;0.0413
201:610:041:510;19.49;62.77;1.65;9.83;9.39;3.52;0;;0.08391
201:610:041:610;0;0;0;0;8.37;3.79;0;;0
201:610:041:710;0;0;0;0;7.69;3.93;0;;0
201:610:041:810;0;0;0;0;7.15;4;0;;0
201:610:041:910;0;0;0;0;6.51;4.34;0;;0
201:610:042:010;0;0;0;0;5.85;4.28;0;;0
201:610:042:110;0;0;0;0;5.3;4.21;0;;0
201:610:042:210;0;0;0;0;4.83;4;0;;0
201:610:042:310;0;0;0;0;4.32;3.79;0;;0
201:610:050:010;0;0;0;0;3.84;3.66;0;;0
201:610:050:110;0;0;0;0;3.65;3.59;0;;0
201:610:050:210;0;0;0;0;3.42;3.59;0;;0
201:610:050:310;0;0;0;0;3.47;3.66;0;;0
201:610:050:410;0;0;0;0;3.05;3.52;0;;0
201:610:050:510;0;10.91;0.27;3;2.74;3.31;0;;0.01118
201:610:050:610;203.41;98.53;3.39;12.48;3.07;2.69;0;;0.30533
201:610:050:710;457.88;128.23;6.82;21.16;4.04;4.83;0;;0.59293
201:610:050:810;603.31;161.82;9.44;28.49;4.44;4.76;0;;0.77457
201:610:050:910;93.25;263.67;6.72;33.81;4.9;4.48;0;;0.36364
201:610:051:010;161.58;297.69;8.09;36.43;5.56;4.55;0;;0.46736
201:610:051:110;0;158.81;3.62;35.92;5.76;4.28;0;;0.16243
201:610:051:210;0;115.74;2.64;32.36;5.21;3.72;0;;0.11838
201:610:051:310;0;96.9;2.21;26.31;4.74;3.1;0;;0.09911
201:610:051:410;11.88;115.71;2.76;18.47;4.26;2.55;0;;0.13035
201:610:051:510;2.85;48.78;1.14;9.48;3.58;2.48;0;;0.05277
201:610:051:610;0;0;0;0;2.97;2.21;0;;0
201:610:051:710;0;0;0;0;2.65;1.93;0;;0
201:610:051:810;0;0;0;0;2.5;1.79;0;;0
201:610:051:910;0;0;0;0;2.8;2.07;0;;0
201:610:052:010;0;0;0;0;2.67;2.14;0;;0
201:610:052:110;0;0;0;0;2.61;2.07;0;;0
201:610:052:210;0;0;0;0;2.49;2;0;;0
201:610:052:310;0;0;0;0;2.39;1.86;0;;0
201:610:060:010;0;0;0;0;2.35;1.86;0;;0
201:610:060:110;0;0;0;0;2.3;1.17;0;;0
201:610:060:210;0;0;0;0;2.12;0.97;0;;0
201:610:060:310;0;0;0;0;2.04;0.97;0;;0
201:610:060:410;0;0;0;0;1.82;0.76;0;;0
201:610:060:510;0;10.07;0.25;2.76;1.72;0.48;0;;0.01032
201:610:060:610;95.9;98.48;2.68;12.22;1.96;0.34;0;;0.19706
201:610:060:710;71.85;161.94;4.13;20.87;2.78;0.69;0;;0.23792
201:610:060:810;54.37;207.23;5.11;28.18;3.22;0.69;0;;0.26671
201:610:060:910;5.03;182.9;4.21;33.46;4.57;0.48;0;;0.19214
201:610:061:010;56.95;260.24;6.39;36.05;5.38;0.48;0;;0.32358
201:610:061:110;25.44;230.45;5.48;35.52;6.08;0.55;0;;0.26137
201:610:061:210;0;132.79;3.02;31.97;6.54;0.76;0;;0.13581
201:610:061:310;229.85;206.97;6.93;25.94;6.46;0.62;0;;0.44375
201:610:061:410;0;67.29;1.53;18.11;6.45;0.41;0;;0.06882
201:610:061:510;0;9.87;0.22;9.14;5.99;0.48;0;;0.01009
201:610:061:610;0;0;0;0;5.72;0.21;0;;0
201:610:061:710;0;0;0;0;5.12;0.21;0;;0
201:610:061:810;0;0;0;0;4.39;0.28;0;;0
201:610:061:910;0;0;0;0;3.23;0.41;0;;0
201:610:062:010;0;0;0;0;2.5;0.62;0;;0
201:610:062:110;0;0;0;0;1.94;0.55;0;;0
201:610:062:210;0;0;0;0;1.5;0.48;0;;0
201:610:062:310;0;0;0;0;1.05;0.62;0;;0
201:610:070:010;0;0;0;0;-0.34;1.03;0;;0
201:610:070:110;0;0;0;0;-0.78;1.24;0;;0
201:610:070:210;0;0;0;0;-1.04;1.24;0;;0
201:610:070:310;0;0;0;0;-0.96;1.1;0;;0
201:610:070:410;0;0;0;0;-1.15;1.1;0;;0
201:610:070:510;0;9.23;0.22;2.51;-1.35;1.17;0;;0.00945
201:610:070:610;4.55;62.66;1.45;11.96;0.19;0.69;0;;0.06866
201:610:070:710;9.57;120.96;2.82;20.59;2.15;0.69;0;;0.13335
201:610:070:810;49.55;203.61;4.99;27.86;3.91;0.76;0;;0.25815
201:610:070:910;145.37;272.94;7.29;33.11;5.56;0.55;0;;0.4256
201:610:071:010;340.86;296.15;9.6;35.67;6.46;0;0;;0.64661
201:610:071:110;3.2;182.59;4.19;35.13;7.26;0;0;;0.18998
201:610:071:210;14.15;196.08;4.6;31.59;7.47;0.55;0;;0.21483
201:610:071:310;0;87.93;2;25.56;7.44;0.48;0;;0.08993
201:610:071:410;13.72;111.55;2.68;17.76;7.51;0.48;0;;0.12795
201:610:071:510;21.03;56.92;1.51;8.79;7.34;0.55;0;;0.07946
201:610:071:610;0;0;0;0;6.92;0.69;0;;0
201:610:071:710;0;0;0;0;6.1;0.69;0;;0
201:610:071:810;0;0;0;0;5.87;0.62;0;;0
201:610:071:910;0;0;0;0;4.88;0.9;0;;0
201:610:072:010;0;0;0;0;4.35;1.03;0;;0
201:610:072:110;0;0;0;0;3.74;1.03;0;;0
201:610:072:210;0;0;0;0;3.35;1.03;0;;0
201:610:072:310;0;0;0;0;2.65;1.1;0;;0
201:610:080:010;0;0;0;0;2.35;1.03;0;;0
201:610:080:110;0;0;0;0;1.76;1.17;0;;0
201:610:080:210;0;0;0;0;1.39;1.17;0;;0
201:610:080:310;0;0;0;0;1.04;1.1;0;;0
201:610:080:410;0;0;0;0;0.88;1.1;0;;0
201:610:080:510;0;6.71;0.16;2.26;0.65;1.03;0;;0.00687
201:610:080:610;0;19.74;0.45;11.7;1.92;0.69;0;;0.02019
201:610:080:710;9.68;119.2;2.78;20.3;2.78;1.1;0;;0.13166
201:610:080:810;41.06;193.64;4.7;27.54;4.64;0.69;0;;0.2394
201:610:080:910;3.41;174.57;4;32.76;6.8;0.69;0;;0.18198
201:610:081:010;163.4;290.37;7.89;35.3;7.89;0.9;0;;0.46166
201:610:081:110;330.63;284.71;9.36;34.75;9.12;1.24;0;;0.6247
201:610:081:210;71.29;235.91;5.99;31.2;9.53;1.66;0;;0.31319
201:610:081:310;174.95;205.8;6.27;25.19;9.35;1.52;0;;0.38702
201:610:081:410;0;69.98;1.59;17.4;8.98;1.52;0;;0.07157
201:610:081:510;30.88;56.71;1.59;8.45;8.27;1.45;0;;0.08918
201:610:081:610;0;0;0;0;7.58;1.24;0;;0
201:610:081:710;0;0;0;0;6.33;1.17;0;;0
201:610:081:810;0;0;0;0;4.71;1.1;0;;0
201:610:081:910;0;0;0;0;3.64;1.24;0;;0
201:610:082:010;0;0;0;0;2.99;1.17;0;;0
201:610:082:110;0;0;0;0;2.58;1.1;0;;0
201:610:082:210;0;0;0;0;2.17;1.1;0;;0
201:610:082:310;0;0;0;0;1.74;1.1;0;;0
201:610:090:010;0;0;0;0;1.37;1.1;0;;0
201:610:090:110;0;0;0;0;1.04;1.17;0;;0
201:610:090:210;0;0;0;0;0.95;1.17;0;;0
201:610:090:310;0;0;0;0;1.09;1.1;0;;0
201:610:090:410;0;0;0;0;1.02;1.1;0;;0
201:610:090:510;0;6.71;0.16;2.02;1.18;1.03;0;;0.00687
201:610:090:610;35.56;80;1.96;11.44;2;0.83;0;;0.11752
201:610:090:710;70.54;155.64;3.94;20.02;3.78;0.41;0;;0.23012
201:610:090:810;457.6;200.49;8.29;27.23;6.36;0.34;0;;0.66638
201:610:090:910;276.35;275.55;8.36;32.41;7.75;0.48;0;;0.56026
201:610:091:010;774.69;161.25;11.85;34.92;8.91;0.69;0;;0.94779
201:610:091:110;0;139.97;3.19;34.36;9.54;0.9;0;;0.14316
201:610:091:210;290.67;250.52;8.29;30.82;9.33;0.9;0;;0.54948
201:610:091:310;182.98;202.58;6.25;24.82;9.17;0.9;0;;0.39181
201:610:091:410;70.55;130.75;3.62;17.05;9.24;0.9;0;;0.20492
201:610:091:510;44.51;55.12;1.68;8.11;8.84;0.76;0;;0.10131
201:610:091:610;0;0;0;0;7.88;0.9;0;;0
201:610:091:710;0;0;0;0;6.54;0.97;0;;0
201:610:091:810;0;0;0;0;5.96;0.9;0;;0
201:610:091:910;0;0;0;0;4.3;1.1;0;;0
201:610:092:010;0;0;0;0;3.22;1.24;0;;0
201:610:092:110;0;0;0;0;2.35;1.24;0;;0
201:610:092:210;0;0;0;0;1.83;1.24;0;;0
201:610:092:310;0;0;0;0;1.46;1.24;0;;0
201:610:100:010;0;0;0;0;1.09;1.24;0;;0
201:610:100:110;0;0;0;0;0.82;1.31;0;;0
201:610:100:210;0;0;0;0;0.47;1.31;0;;0
201:610:100:310;0;0;0;0;0.29;1.31;0;;0
201:610:100:410;0;0;0;0;0.1;1.31;0;;0
201:610:100:510;0;5.03;0.12;1.77;-0.08;1.31;0;;0.00515
201:610:100:610;38.75;78.92;1.94;11.17;1.24;0.97;0;;0.11961
201:610:100:710;45.62;143.91;3.53;19.73;5.23;0.62;0;;0.19306
201:610:100:810;27.27;181;4.31;26.91;8.3;0.9;0;;0.21258
201:610:100:910;105.52;254.99;6.56;32.06;9.58;0.83;0;;0.36707
201:610:101:010;812.15;144.42;11.95;34.55;10.47;0.48;0;;0.96852
201:610:101:110;139.12;276.26;7.4;33.97;11.12;0.41;0;;0.42278
201:610:101:210;228.64;252.67;7.7;30.44;10.68;0.28;0;;0.48901
201:610:101:310;41.42;176.09;4.37;24.46;10.74;0.34;0;;0.22188
201:610:101:410;6.36;96.03;2.25;16.7;10.66;0.62;0;;0.10464
201:610:101:510;1.64;36.99;0.86;7.78;10.31;0.69;0;;0.03949
201:610:101:610;0;0;0;0;8.95;0.69;0;;0
201:610:101:710;0;0;0;0;8.69;0.48;0;;0
201:610:101:810;0;0;0;0;7.77;0.69;0;;0
201:610:101:910;0;0;0;0;6.26;1.17;0;;0
201:610:102:010;0;0;0;0;6.08;1.17;0;;0
201:610:102:110;0;0;0;0;6.04;1.17;0;;0
201:610:102:210;0;0;0;0;5.95;1.1;0;;0
201:610:102:310;0;0;0;0;5.47;1.1;0;;0
201:610:110:010;0;0;0;0;5.16;1.17;0;;0
201:610:110:110;0;0;0;0;4.63;1.31;0;;0
201:610:110:210;0;0;0;0;4.59;1.31;0;;0
201:610:110:310;0;0;0;0;4.38;1.31;0;;0
201:610:110:410;0;0;0;0;4.36;1.38;0;;0
201:610:110:510;0;0;0;0;4.35;1.38;0;;0
201:610:110:610;0;31.4;0.72;10.91;4.41;1.17;0;;0.03212
201:610:110:710;0;52.94;1.21;19.44;5.02;1.31;0;;0.05415
201:610:110:810;0;93.31;2.12;26.59;5.78;1.24;0;;0.09543
201:610:110:910;0;102.28;2.33;31.71;6.53;1.38;0;;0.10461
201:610:111:010;0;64.6;1.47;34.17;7.31;1.45;0;;0.06607
201:610:111:110;0;122.02;2.78;33.59;7.31;1.72;0;;0.1248
201:610:111:210;0;60.11;1.37;30.06;7.08;1.45;0;;0.06148
201:610:111:310;0;37.68;0.86;24.09;7.04;1.79;0;;0.03854
201:610:111:410;0;34.99;0.8;16.35;6.91;1.45;0;;0.03579
201:610:111:510;0;28.71;0.65;7.44;6.55;1.03;0;;0.02936
201:610:111:610;0;0;0;0;6.06;0.97;0;;0
201:610:111:710;0;0;0;0;5.64;1.03;0;;0
201:610:111:810;0;0;0;0;5.45;1.17;0;;0
201:610:111:910;0;0;0;0;5.08;1.24;0;;0
201:610:112:010;0;0;0;0;4.99;1.24;0;;0
201:610:112:110;0;0;0;0;5.04;1.24;0;;0
201:610:112:210;0;0;0;0;5.11;1.24;0;;0
201:610:112:310;0;0;0;0;5.11;1.31;0;;0
201:610:120:010;0;0;0;0;5.13;1.38;0;;0
201:610:120:110;0;0;0;0;5.09;1.31;0;;0
201:610:120:210;0;0;0;0;5.08;1.31;0;;0
201:610:120:310;0;0;0;0;5.12;1.31;0;;0
201:610:120:410;0;0;0;0;5.13;1.38;0;;0
201:610:120:510;0;0;0;0;5.12;1.38;0;;0
201:610:120:610;27.85;70.22;1.7;10.65;5.23;1.45;0;;0.09977
201:610:120:710;34.57;132.49;3.21;19.16;5.96;1.45;0;;0.17027
201:610:120:810;614.88;140.74;8.72;26.27;6.87;1.72;0;;0.76434
201:610:120:910;646.69;183.67;10.19;31.36;8.12;2.07;0;;0.84055
201:610:121:010;90.07;259.4;6.58;33.8;8.87;2.14;0;;0.35605
201:610:121:110;350.54;270.06;9.09;33.21;9.06;1.93;0;;0.62969
201:610:121:210;551.66;173.58;9.56;29.68;8.89;2;0;;0.7348
201:610:121:310;398.36;149.61;7.4;23.73;8.85;2.07;0;;0.55537
201:610:121:410;44.23;116.38;3.02;16.01;8.62;1.86;0;;0.16363
201:610:121:510;0;21.53;0.49;7.11;8.22;1.59;0;;0.02202
201:610:121:610;0;0;0;0;7.55;1.31;0;;0
201:610:121:710;0;0;0;0;6.89;1.24;0;;0
201:610:121:810;0;0;0;0;6.51;1.24;0;;0
201:610:121:910;0;0;0;0;6.37;1.52;0;;0
201:610:122:010;0;0;0;0;5.86;1.38;0;;0
201:610:122:110;0;0;0;0;5.53;1.17;0;;0
201:610:122:210;0;0;0;0;4.8;1.03;0;;0
201:610:122:310;0;0;0;0;4.43;1.03;0;;0
201:610:130:010;0;0;0;0;4.42;1.03;0;;0
201:610:130:110;0;0;0;0;4.72;0.97;0;;0
201:610:130:210;0;0;0;0;4.74;0.97;0;;0
201:610:130:310;0;0;0;0;4.77;0.97;0;;0
201:610:130:410;0;0;0;0;4.83;0.97;0;;0
201:610:130:510;0;0;0;0;4.69;0.9;0;;0
201:610:130:610;28.49;68.58;1.65;10.38;5.12;0.62;0;;0.09872
201:610:130:710;129.77;158.41;4.27;18.87;6.05;0.41;0;;0.29245
201:610:130:810;250.51;222.86;6.7;25.96;6.43;0.41;0;;0.48007
201:610:130:910;56.68;225.66;5.54;31.02;7.34;0.55;0;;0.28788
201:610:131:010;208.87;280.49;7.93;33.43;8.09;0.76;0;;0.49729
201:610:131:110;0;153.43;3.49;32.83;8.2;0.62;0;;0.15692
201:610:131:210;0;0;0;0;8.14;0.48;0;;0
201:610:131:310;0;57.42;1.31;23.37;8.53;0.69;0;;0.05873
201:610:131:410;0;41.27;0.94;15.67;8.44;0.76;0;;0.04221
201:610:131:510;3.63;32.78;0.78;6.78;8.2;0.76;0;;0.03719
201:610:131:610;0;0;0;0;7.75;0.9;0;;0
201:610:131:710;0;0;0;0;7.06;1.03;0;;0
201:610:131:810;0;0;0;0;6.16;0.97;0;;0
201:610:131:910;0;0;0;0;5.69;1.03;0;;0
201:610:132:010;0;0;0;0;4.97;1.1;0;;0
201:610:132:110;0;0;0;0;4.44;1.1;0;;0
201:610:132:210;0;0;0;0;4.62;0.97;0;;0
201:610:132:310;0;0;0;0;4.16;0.97;0;;0
201:610:140:010;0;0;0;0;3.79;0.97;0;;0
201:610:140:110;0;0;0;0;2.67;0.97;0;;0
201:610:140:210;0;0;0;0;2.52;0.97;0;;0
201:610:140:310;0;0;0;0;2.02;1.03;0;;0
201:610:140:410;0;0;0;0;1.69;1.03;0;;0
201:610:140:510;0;0;0;0;1.56;1.03;0;;0
201:610:140:610;0;36.79;0.84;10.12;2.28;0.97;0;;0.03763
201:610:140:710;8.35;106.42;2.47;18.58;4.55;1.52;0;;0.11724
201:610:140:810;60.39;189.95;4.7;25.64;5.65;1.59;0;;0.25504
201:610:140:910;298.2;257.8;8.01;30.67;7.09;2.14;0;;0.56401
201:610:141:010;119.02;262.93;6.84;33.06;7.4;2.21;0;;0.38879
201:610:141:110;25.3;209;4.96;32.45;8.29;2.34;0;;0.23926
201:610:141:210;0;94.21;2.15;28.94;8.92;2.48;0;;0.09636
201:610:141:310;14.94;142.39;3.37;23.02;8.86;2.48;0;;0.1607
201:610:141:410;79.42;117.39;3.31;15.33;8.53;2.34;0;;0.20012
201:610:141:510;47.08;42.23;1.31;6.46;7.93;2.14;0;;0.09062
201:610:141:610;0;0;0;0;7.04;2;0;;0
201:610:141:710;0;0;0;0;6.57;1.93;0;;0
201:610:141:810;0;0;0;0;5.65;1.79;0;;0
201:610:141:910;0;0;0;0;5.97;1.93;0;;0
201:610:142:010;0;0;0;0;5.98;1.72;0;;0
201:610:142:110;0;0;0;0;5.97;1.72;0;;0
201:610:142:210;0;0;0;0;6.07;1.59;0;;0
201:610:142:310;0;0;0;0;6.17;1.66;0;;0
201:610:150:010;0;0;0;0;5.99;1.59;0;;0
201:610:150:110;0;0;0;0;5.52;1.66;0;;0
201:610:150:210;0;0;0;0;5.25;1.66;0;;0
201:610:150:310;0;0;0;0;4.63;1.66;0;;0
201:610:150:410;0;0;0;0;4.15;1.59;0;;0
201:610:150:510;0;0;0;0;4.1;1.66;0;;0
201:610:150:610;97.78;79.2;2.08;9.85;4.78;1.59;0;;0.17906
201:610:150:710;306.53;142.25;5.11;18.29;6.1;1.52;0;;0.45389
201:610:150:810;34.3;170.76;4.11;25.32;8.23;1.79;0;;0.20917
201:610:150:910;588.66;189.4;9.48;30.32;10.05;2.34;0;;0.78754
201:610:151:010;712.62;162.35;10.71;32.69;11.03;2.28;0;;0.88568
201:610:151:110;588.15;195.29;10.05;32.07;11.77;2.07;0;;0.79349
201:610:151:210;597.78;141.07;9.36;28.57;12.41;1.93;0;;0.74821
201:610:151:310;0;0;0;0;12.74;1.72;0;;0
201:610:151:410;0;0;0;0;12.54;1.52;0;;0
201:610:151:510;0;0;0;0;11.67;1.31;0;;0
201:610:151:610;0;0;0;0;10.27;1.31;0;;0
201:610:151:710;0;0;0;0;9.08;1.17;0;;0
201:610:151:810;0;0;0;0;8.13;0.97;0;;0
201:610:151:910;0;0;0;0;7.69;0.9;0;;0
201:610:152:010;0;0;0;0;7.64;0.9;0;;0
201:610:152:110;0;0;0;0;7.72;0.76;0;;0
201:610:152:210;0;0;0;0;7.85;0.83;0;;0
201:610:152:310;0;0;0;0;7.97;0.76;0;;0
201:610:160:010;0;0;0;0;8.03;0.83;0;;0
201:610:160:110;0;0;0;0;8.24;1.03;0;;0
201:610:160:210;0;0;0;0;8.4;0.97;0;;0
201:610:160:310;0;0;0;0;8.45;0.97;0;;0
201:610:160:410;0;0;0;0;8.46;0;0;;0
201:610:160:510;0;0;0;0;8.41;0;0;;0
201:610:160:610;0;0;0;0;8.55;1.03;0;;0
201:610:160:710;0;0;0;0;9.95;0.9;0;;0
201:610:160:810;0;0;0;0;11.28;1.52;0;;0
201:610:160:910;0;0;0;0;12.07;1.66;0;;0
201:610:161:010;0;0;0;0;12.77;1.66;0;;0
201:610:161:110;0;0;0;0;12.79;1.52;0;;0
201:610:161:210;0;0;0;0;13.03;1.79;0;;0
201:610:161:310;0;0;0;0;12.76;1.45;0;;0
201:610:161:410;0;0;0;0;12.45;1.31;0;;0
201:610:161:510;0;0;0;0;11.74;1.17;0;;0
201:610:161:610;0;0;0;0;10.67;1.03;0;;0
201:610:161:710;0;0;0;0;9.7;0.97;0;;0
201:610:161:810;0;0;0;0;9;1.03;0;;0
201:610:161:910;0;0;0;0;8.74;1.17;0;;0
201:610:162:010;0;0;0;0;8.77;1.17;0;;0
201:610:162:110;0;0;0;0;8.6;1.17;0;;0
201:610:162:210;0;0;0;0;8.34;1.1;0;;0
201:610:162:310;0;0;0;0;7.99;1.24;0;;0
201:610:170:010;0;0;0;0;7.69;1.24;0;;0
201:610:170:110;0;0;0;0;6.98;1.31;0;;0
201:610:170:210;0;0;0;0;6.67;1.45;0;;0
201:610:170:310;0;0;0;0;6.42;1.38;0;;0
201:610:170:410;0;0;0;0;6.24;1.31;0;;0
201:610:170:510;0;0;0;0;6.11;1.24;0;;0
201:610:170:610;0;0;0;0;6.08;1.17;0;;0
201:610:170:710;0;0;0;0;6.29;1.24;0;;0
201:610:170:810;0;0;0;0;6.41;1.24;0;;0
201:610:170:910;0;0;0;0;6.53;1.31;0;;0
201:610:171:010;0;0;0;0;6.59;1.31;0;;0
201:610:171:110;0;0;0;0;6.85;1.31;0;;0
201:610:171:210;0;0;0;0;7;1.31;0;;0
201:610:171:310;0;46.66;1.06;21.97;7.14;1.38;0;;0.04772
201:610:171:410;0;33.2;0.76;14.33;7.17;1.52;0;;0.03396
201:610:171:510;4.27;24.46;0.59;5.5;6.96;1.52;0;;0.02932
201:610:171:610;0;0;0;0;6.66;1.45;0;;0
201:610:171:710;0;0;0;0;6.43;1.45;0;;0
201:610:171:810;0;0;0;0;6.19;1.38;0;;0
201:610:171:910;0;0;0;0;5.96;1.52;0;;0
201:610:172:010;0;0;0;0;5.83;1.45;0;;0
201:610:172:110;0;0;0;0;5.75;1.45;0;;0
201:610:172:210;0;0;0;0;5.71;1.52;0;;0
201:610:172:310;0;0;0;0;5.7;1.66;0;;0
201:610:180:010;0;0;0;0;5.71;1.66;0;;0
201:610:180:110;0;0;0;0;5.64;1.59;0;;0
201:610:180:210;0;0;0;0;5.66;1.59;0;;0
201:610:180:310;0;0;0;0;5.71;1.52;0;;0
201:610:180:410;0;0;0;0;5.71;1.45;0;;0
201:610:180:510;0;0;0;0;5.67;1.45;0;;0
201:610:180:610;0;11.66;0.27;9.06;5.69;1.52;0;;0.01193
201:610:180:710;0;50.25;1.14;17.43;5.41;1.66;0;;0.05139
201:610:180:810;0;52.94;1.21;24.37;5.7;1.59;0;;0.05415
201:610:180:910;0;56.53;1.29;29.29;6.14;1.66;0;;0.05782
201:610:181:010;0;68.19;1.55;31.6;6.45;1.72;0;;0.06974
201:610:181:110;0;49.35;1.12;30.96;6.81;1.66;0;;0.05047
201:610:181:210;0;71.78;1.63;27.48;6.89;1.66;0;;0.07341
201:610:181:310;0;78.06;1.78;21.62;7.1;1.72;0;;0.07984
201:610:181:410;0;61.91;1.41;14;7.07;1.66;0;;0.06332
201:610:181:510;0;8.08;0.18;5.18;6.89;1.45;0;;0.00826
201:610:181:610;0;0;0;0;6.63;1.17;0;;0
201:610:181:710;0;0;0;0;6.5;0.97;0;;0
201:610:181:810;0;0;0;0;6.38;0.83;0;;0
201:610:181:910;0;0;0;0;6.22;0.76;0;;0
201:610:182:010;0;0;0;0;6.08;0.69;0;;0
201:610:182:110;0;0;0;0;5.85;0.76;0;;0
201:610:182:210;0;0;0;0;5.27;0.83;0;;0
201:610:182:310;0;0;0;0;5.38;0.69;0;;0
201:610:190:010;0;0;0;0;5.4;0.69;0;;0
201:610:190:110;0;0;0;0;5.62;0.69;0;;0
201:610:190:210;0;0;0;0;5.68;0.62;0;;0
201:610:190:310;0;0;0;0;5.68;0.62;0;;0
201:610:190:410;0;0;0;0;5.69;0.76;0;;0
201:610:190:510;0;0;0;0;5.73;0.76;0;;0
201:610:190:610;0;16.15;0.37;8.79;5.78;0.9;0;;0.01652
201:610:190:710;0;43.96;1;17.14;5.85;1.59;0;;0.04496
201:610:190:810;0;71.78;1.63;24.06;6.33;1.52;0;;0.07341
201:610:190:910;0;74.47;1.7;28.95;6.62;1.79;0;;0.07617
201:610:191:010;0;60.11;1.37;31.24;6.86;1.72;0;;0.06148
201:610:191:110;0;65.5;1.49;30.6;7.09;1.66;0;;0.06699
201:610:191:210;0;48.45;1.1;27.12;7.18;1.59;0;;0.04955
201:610:191:310;0;46.66;1.06;21.28;7.17;1.59;0;;0.04772
201:610:191:410;0;34.99;0.8;13.68;7.15;1.66;0;;0.03579
201:610:191:510;0;17.05;0.39;4.87;6.95;1.52;0;;0.01744
201:610:191:610;0;0;0;0;6.81;1.1;0;;0
201:610:191:710;0;0;0;0;6.65;1.03;0;;0
201:610:191:810;0;0;0;0;6.47;0.97;0;;0
201:610:191:910;0;0;0;0;6.31;0.9;0;;0
201:610:192:010;0;0;0;0;6.2;0.9;0;;0
201:610:192:110;0;0;0;0;6.15;0.9;0;;0
201:610:192:210;0;0;0;0;6.09;0.9;0;;0
201:610:192:310;0;0;0;0;6.03;0.9;0;;0
201:610:200:010;0;0;0;0;5.99;1.03;0;;0
201:610:200:110;0;0;0;0;6.05;1.1;0;;0
201:610:200:210;0;0;0;0;6.13;1.45;0;;0
201:610:200:310;0;0;0;0;6.14;1.52;0;;0
201:610:200:410;0;0;0;0;6.14;1.79;0;;0
201:610:200:510;0;0;0;0;6.1;1.86;0;;0
201:610:200:610;0;13.46;0.31;8.53;6.07;1.93;0;;0.01377
201:610:200:710;0;25.12;0.57;16.85;6;1.66;0;;0.02569
201:610:200:810;0;51.14;1.16;23.74;6.09;1.79;0;;0.0523
201:610:200:910;0;46.66;1.06;28.61;6.17;1.86;0;;0.04772
201:610:201:010;0;65.5;1.49;30.88;6.33;2.14;0;;0.06699
201:610:201:110;0;79.85;1.82;30.23;6.56;1.86;0;;0.08167
201:610:201:210;0;66.4;1.51;26.77;6.76;2;0;;0.06791
201:610:201:310;0;58.32;1.33;20.94;6.97;1.79;0;;0.05965
201:610:201:410;0;29.61;0.67;13.36;7.02;1.59;0;;0.03028
201:610:201:510;0;9.87;0.22;4.57;6.93;1.31;0;;0.01009
201:610:201:610;0;0;0;0;6.9;1.03;0;;0
201:610:201:710;0;0;0;0;6.91;0.97;0;;0
201:610:201:810;0;0;0;0;6.94;1.24;0;;0
201:610:201:910;0;0;0;0;6.63;1.59;0;;0
201:610:202:010;0;0;0;0;6.65;1.38;0;;0
201:610:202:110;0;0;0;0;6.75;1.17;0;;0
201:610:202:210;0;0;0;0;6.83;0.83;0;;0
201:610:202:310;0;0;0;0;6.89;0.62;0;;0
201:610:210:010;0;0;0;0;6.93;0.76;0;;0
201:610:210:110;0;0;0;0;7.01;0.97;0;;0
201:610:210:210;0;0;0;0;7.08;0.9;0;;0
201:610:210:310;0;0;0;0;7.09;1.03;0;;0
201:610:210:410;0;0;0;0;7.17;1.31;0;;0
201:610:210:510;0;0;0;0;7.2;1.24;0;;0
201:610:210:610;0;8.08;0.18;8.26;7.27;1.38;0;;0.00826
201:610:210:710;0;21.53;0.49;16.56;7.22;0.55;0;;0.02202
201:610:210:810;0;36.79;0.84;23.43;7.39;0.48;0;;0.03763
201:610:210:910;0;59.22;1.35;28.27;7.63;0.97;0;;0.06057
201:610:211:010;0;52.94;1.21;30.52;7.84;0.9;0;;0.05415
201:610:211:110;0;69.98;1.59;29.87;7.71;0.69;0;;0.07157
201:610:211:210;0;44.86;1.02;26.42;7.84;0.62;0;;0.04588
201:610:211:310;0;53.83;1.23;20.61;7.72;0.55;0;;0.05506
201:610:211:410;0;19.74;0.45;13.04;7.52;0.62;0;;0.02019
201:610:211:510;5.27;19.11;0.47;4.27;7.32;0.48;0;;0.02485
201:610:211:610;0;0;0;0;7.16;0.28;0;;0
201:610:211:710;0;0;0;0;7.08;0.21;0;;0
201:610:211:810;0;0;0;0;7.05;0.14;0;;0
201:610:211:910;0;0;0;0;6.74;0.41;0;;0
201:610:212:010;0;0;0;0;6.67;0.41;0;;0
201:610:212:110;0;0;0;0;6.48;0.62;0;;0
201:610:212:210;0;0;0;0;6.19;0.83;0;;0
201:610:212:310;0;0;0;0;6.02;0.9;0;;0
201:610:220:010;0;0;0;0;5.96;0.97;0;;0
201:610:220:110;0;0;0;0;5.41;1.1;0;;0
201:610:220:210;0;0;0;0;5.02;1.17;0;;0
201:610:220:310;0;0;0;0;4.64;1.17;0;;0
201:610:220:410;0;0;0;0;4.38;1.24;0;;0
201:610:220:510;0;0;0;0;4.19;1.31;0;;0
201:610:220:610;101.73;69.32;1.72;8;4.09;1.31;0;;0.17277
201:610:220:710;211.95;146.1;4.21;16.28;4.97;1.59;0;;0.36226
201:610:220:810;533.21;156.98;7.46;23.12;5.42;1.79;0;;0.69765
201:610:220:910;704.3;150.64;9.54;27.93;6.82;1.72;0;;0.86448
201:610:221:010;736.06;156.25;10.32;30.17;7.6;1.86;0;;0.90263
201:610:221:110;776.34;123.97;10.48;29.52;8.51;2;0;;0.91079
201:610:221:210;612.93;134.6;8.89;26.07;8.8;1.93;0;;0.75642
201:610:221:310;477.43;105.45;6.84;20.28;8.85;1.59;0;;0.58972
201:610:221:410;265.83;78.42;3.92;12.73;8.57;1.1;0;;0.34817
201:610:221:510;0;16.78;0.41;3.97;7.92;0.9;0;;0.01719
201:610:221:610;0;0;0;0;6.12;1.03;0;;0
201:610:221:710;0;0;0;0;4.96;1.1;0;;0
201:610:221:810;0;0;0;0;4.62;1.1;0;;0
201:610:221:910;0;0;0;0;4.43;1.1;0;;0
201:610:222:010;0;0;0;0;4.46;1.03;0;;0
201:610:222:110;0;0;0;0;4.05;1.03;0;;0
201:610:222:210;0;0;0;0;3.7;1.1;0;;0
201:610:222:310;0;0;0;0;3.68;1.1;0;;0
201:610:230:010;0;0;0;0;3.03;1.24;0;;0
201:610:230:110;0;0;0;0;2.35;1.24;0;;0
201:610:230:210;0;0;0;0;1.81;1.24;0;;0
201:610:230:310;0;0;0;0;1.33;1.31;0;;0
201:610:230:410;0;0;0;0;0.84;1.31;0;;0
201:610:230:510;0;0;0;0;0.47;1.38;0;;0
201:610:230:610;43.98;56.3;1.33;7.73;0.45;1.31;0;;0.10161
201:610:230:710;99.27;133.55;3.39;15.99;2.88;1.03;0;;0.23621
201:610:230:810;47.48;165.12;4;22.81;6.5;1.31;0;;0.2166
201:610:230:910;26.95;183.74;4.35;27.6;8.12;2.62;0;;0.21504
201:610:231:010;399.67;249.93;8.52;29.82;8.64;2.55;0;;0.65812
201:610:231:110;355.12;246.29;8.17;29.16;9.16;3.1;0;;0.60958
201:610:231:210;191.17;219.3;6.29;25.73;9.45;3.17;0;;0.41676
201:610:231:310;284.7;156.79;5.72;19.95;9.33;3.17;0;;0.44721
201:610:231:410;193.79;91.13;3.43;12.42;8.97;3.03;0;;0.28835
201:610:231:510;0;15.94;0.39;3.68;7.89;2.07;0;;0.01633
201:610:231:610;0;0;0;0;6.35;1.86;0;;0
201:610:231:710;0;0;0;0;5.37;1.72;0;;0
201:610:231:810;0;0;0;0;4.99;1.59;0;;0
201:610:231:910;0;0;0;0;5.7;1.59;0;;0
201:610:232:010;0;0;0;0;5.89;1.59;0;;0
201:610:232:110;0;0;0;0;5.96;1.52;0;;0
201:610:232:210;0;0;0;0;6;1.38;0;;0
201:610:232:310;0;0;0;0;6.05;1.38;0;;0
201:610:240:010;0;0;0;0;6.09;1.38;0;;0
201:610:240:110;0;0;0;0;5.66;1.38;0;;0
201:610:240:210;0;0;0;0;5.7;1.38;0;;0
201:610:240:310;0;0;0;0;5.76;1.45;0;;0
201:610:240:410;0;0;0;0;5.82;1.45;0;;0
201:610:240:510;0;0;0;0;5.91;1.45;0;;0
201:610:240:610;0;19.74;0.45;7.46;6.05;1.45;0;;0.02019
201:610:240:710;0;41.27;0.94;15.7;6.18;1.52;0;;0.04221
201:610:240:810;0;97.8;2.23;22.49;6.73;1.59;0;;0.10003
201:610:240:910;0;62.81;1.43;27.26;7.42;1.59;0;;0.06424
201:610:241:010;0;84.34;1.92;29.47;7.62;1.59;0;;0.08626
201:610:241:110;0;113.95;2.59;28.81;8.03;1.59;0;;0.11654
201:610:241:210;0;62.81;1.43;25.39;8.34;1.52;0;;0.06424
201:610:241:310;0;59.22;1.35;19.63;8.56;1.52;0;;0.06057
201:610:241:410;116.93;94.51;2.86;12.11;8.59;1.52;0;;0.2143
201:610:241:510;0;10.91;0.27;3.39;8.51;1.38;0;;0.01118
201:610:241:610;0;0;0;0;8.22;1.24;0;;0
201:610:241:710;0;0;0;0;8.05;1.24;0;;0
201:610:241:810;0;0;0;0;7.93;1.24;0;;0
201:610:241:910;0;0;0;0;7.89;1.24;0;;0
201:610:242:010;0;0;0;0;7.89;1.24;0;;0
201:610:242:110;0;0;0;0;7.9;1.24;0;;0
201:610:242:210;0;0;0;0;8.01;1.17;0;;0
201:610:242:310;0;0;0;0;8.16;1.24;0;;0
201:610:250:010;0;0;0;0;8.29;1.24;0;;0
201:610:250:110;0;0;0;0;8.56;1.31;0;;0
201:610:250:210;0;0;0;0;8.71;1.38;0;;0
201:610:250:310;0;0;0;0;8.86;1.38;0;;0
201:610:250:410;0;0;0;0;9.02;1.45;0;;0
201:610:250:510;0;0;0;0;9.11;1.52;0;;0
201:610:250:610;0;17.05;0.39;7.2;9.27;1.52;0;;0.01744
201:610:250:710;85.24;122.87;3.09;15.42;9.37;1.45;0;;0.2112
201:610:250:810;0;45.76;1.04;22.19;10;1.59;0;;0.0468
201:610:250:910;0;52.94;1.21;26.93;10.36;1.31;0;;0.05415
201:610:251:010;0;71.78;1.63;29.13;10.49;1.17;0;;0.07341
201:610:251:110;0;75.37;1.72;28.47;10.8;0.83;0;;0.07709
201:610:251:210;0;56.53;1.29;25.05;10.99;0.9;0;;0.05782
201:610:251:310;1.88;95.37;2.19;19.31;11;0.9;0;;0.09944
201:610:251:410;10.28;66.28;1.57;11.81;10.9;0.48;0;;0.07813
201:610:251:510;0;12.59;0.31;3.1;10.75;0.69;0;;0.0129
201:610:251:610;0;0;0;0;10.49;0.83;0;;0
201:610:251:710;0;0;0;0;10.26;0.9;0;;0
201:610:251:810;0;0;0;0;10.15;0.9;0;;0
201:610:251:910;0;0;0;0;9.93;0.62;0;;0
201:610:252:010;0;0;0;0;9.79;0.62;0;;0
201:610:252:110;0;0;0;0;9.67;0.97;0;;0
201:610:252:210;0;0;0;0;9.69;1.1;0;;0
201:610:252:310;0;0;0;0;9.69;1.17;0;;0
201:610:260:010;0;0;0;0;9.68;1.24;0;;0
201:610:260:110;0;0;0;0;10.1;1.45;0;;0
201:610:260:210;0;0;0;0;9.96;1.59;0;;0
201:610:260:310;0;0;0;0;9.5;1.59;0;;0
201:610:260:410;0;0;0;0;9.19;1.66;0;;0
201:610:260:510;0;0;0;0;8.87;1.79;0;;0
201:610:260:610;156.7;64.28;1.65;6.93;8.49;1.79;0;;0.22263
201:610:260:710;257.2;133.85;4.09;15.13;9.02;2;0;;0.39514
201:610:260:810;560.29;138.15;7.15;21.88;9.57;2;0;;0.70559
201:610:260:910;671.91;150.54;8.93;26.6;10.17;2.14;0;;0.83138
201:610:261:010;92.89;228;5.74;28.78;10.86;2;0;;0.32663
201:610:261:110;284.17;243.37;7.42;28.12;11.63;1.93;0;;0.53496
201:610:261:210;66.77;188.57;4.72;24.72;11.83;2;0;;0.26006
201:610:261:310;38.08;135.75;3.33;18.99;11.48;2.21;0;;0.17716
201:610:261:410;20.98;74.79;1.82;11.52;10.69;2;0;;0.09759
201:610:261:510;0;10.91;0.27;2.82;9.54;1.79;0;;0.01118
201:610:261:610;0;0;0;0;7.86;1.66;0;;0
201:610:261:710;0;0;0;0;6.51;1.52;0;;0
201:610:261:810;0;0;0;0;5;1.52;0;;0
201:610:261:910;0;0;0;0;4.28;1.45;0;;0
201:610:262:010;0;0;0;0;3.42;1.38;0;;0
201:610:262:110;0;0;0;0;3.05;1.24;0;;0
201:610:262:210;0;0;0;0;3.49;1.03;0;;0
201:610:262:310;0;0;0;0;3.41;1.03;0;;0
201:610:270:010;0;0;0;0;4.14;0.83;0;;0
201:610:270:110;0;0;0;0;4.04;0.83;0;;0
201:610:270:210;0;0;0;0;4.2;0.76;0;;0
201:610:270:310;0;0;0;0;3.83;0.83;0;;0
201:610:270:410;0;0;0;0;3.37;0.83;0;;0
201:610:270:510;0;0;0;0;2.6;0.97;0;;0
201:610:270:610;0;36.92;0.9;6.67;2.36;0.9;0;;0.03782
201:610:270:710;85.4;121.71;3.02;14.85;3.23;0.69;0;;0.21013
201:610:270:810;45.22;156.76;3.78;21.57;5.05;0.62;0;;0.20576
201:610:270:910;0;85.24;1.94;26.28;6.31;0.48;0;;0.08718
201:610:271:010;3.82;149.53;3.43;28.44;7.1;0.69;0;;0.15678
201:610:271:110;520.66;207.63;8.76;27.78;7.8;0.9;0;;0.73705
201:610:271:210;132.93;206.66;5.52;24.39;8.29;1.24;0;;0.34511
201:610:271:310;414.45;118.06;6.05;18.68;8.32;1.45;0;;0.53856
201:610:271:410;2.14;53.25;1.23;11.22;8;1.52;0;;0.05662
201:610:271:510;0;9.23;0.22;2.54;7.05;1.38;0;;0.00945
201:610:271:610;0;0;0;0;5.47;1.45;0;;0
201:610:271:710;0;0;0;0;3.89;1.38;0;;0
201:610:271:810;0;0;0;0;2.51;1.31;0;;0
201:610:271:910;0;0;0;0;2.66;1.24;0;;0
201:610:272:010;0;0;0;0;1.97;1.24;0;;0
201:610:272:110;0;0;0;0;1.46;1.17;0;;0
201:610:272:210;0;0;0;0;0.97;1.17;0;;0
201:610:272:310;0;0;0;0;0.42;1.24;0;;0
201:610:280:010;0;0;0;0;0.17;1.17;0;;0
201:610:280:110;0;0;0;0;-0.76;1.1;0;;0
201:610:280:210;0;0;0;0;-1.2;1.1;0;;0
201:610:280:310;0;0;0;0;-1.5;1.03;0;;0
201:610:280:410;0;0;0;0;-1.74;1.03;0;;0
201:610:280:510;0;0;0;0;-2.27;1.1;0;;0
201:610:280:610;0;34.4;0.84;6.41;-1.55;0.9;0;;0.03524
201:610:280:710;53.59;109.75;2.66;14.57;-0.26;0.55;0;;0.166
201:610:280:810;113.19;177.92;4.54;21.27;1.46;0.21;0;;0.29565
201:610:280:910;80.46;204.18;5.07;25.95;3.69;0.34;0;;0.28971
201:610:281:010;192.72;245.1;6.68;28.11;5.29;0.97;0;;0.4445
201:610:281:110;678.02;147.2;9.32;27.45;5.86;1.24;0;;0.83454
201:610:281:210;419.6;183.85;7.33;24.07;5.9;1.1;0;;0.61078
201:610:281:310;409.85;114.25;5.88;18.38;5.35;0.97;0;;0.52998
201:610:281:410;69.97;84.85;2.27;10.94;4.81;1.03;0;;0.15709
201:610:281:510;0;8.39;0.2;2.27;3.97;1.17;0;;0.00859
201:610:281:610;0;0;0;0;2.91;1.31;0;;0
201:610:281:710;0;0;0;0;2.34;1.17;0;;0
201:610:281:810;0;0;0;0;2.34;1.1;0;;0
201:610:281:910;0;0;0;0;2.6;1.03;0;;0
201:610:282:010;0;0;0;0;2.78;1.03;0;;0
201:610:282:110;0;0;0;0;3.02;1.03;0;;0
201:610:282:210;0;0;0;0;3.24;0.97;0;;0
201:610:282:310;0;0;0;0;3.32;1.03;0;;0
201:610:290:010;0;0;0;0;3.44;0.97;0;;0
201:610:290:110;0;0;0;0;4.45;1.03;0;;0
201:610:290:210;0;0;0;0;4.62;1.03;0;;0
201:610:290:310;0;0;0;0;4.66;0.97;0;;0
201:610:290:410;0;0;0;0;4.78;1.03;0;;0
201:610:290:510;0;0;0;0;4.91;1.03;0;;0
201:610:290:610;0;6.71;0.16;6.14;5.13;0.97;0;;0.00687
201:610:290:710;0;56.53;1.29;14.28;5.55;1.03;0;;0.05782
201:610:290:810;26.41;138.98;3.29;20.96;6.37;0.97;0;;0.16868
201:610:290:910;0;112.15;2.55;25.63;7.32;1.66;0;;0.1147
201:610:291:010;27.2;184.7;4.37;27.77;8.52;2.48;0;;0.21627
201:610:291:110;0;106.77;2.43;27.12;8.7;3.24;0;;0.1092
201:610:291:210;85.87;189.47;4.82;23.75;8.49;3.45;0;;0.28016
201:610:291:310;144.26;152.84;4.31;18.08;8.02;3.24;0;;0.30141
201:610:291:410;169.75;82.96;2.82;10.65;7.6;2.97;0;;0.25553
201:610:291:510;0;6.71;0.16;2;7.03;2.76;0;;0.00687
201:610:291:610;0;0;0;0;6.45;2.55;0;;0
201:610:291:710;0;0;0;0;6.1;2.48;0;;0
201:610:291:810;0;0;0;0;5.76;2.48;0;;0
201:610:291:910;0;0;0;0;5.54;3.03;0;;0
201:610:292:010;0;0;0;0;5.32;2.97;0;;0
201:610:292:110;0;0;0;0;4.89;2.9;0;;0
201:610:292:210;0;0;0;0;4.67;2.83;0;;0
201:610:292:310;0;0;0;0;4.41;2.83;0;;0
201:610:300:010;0;0;0;0;4.09;2.55;0;;0
201:610:300:110;0;0;0;0;3.64;2.14;0;;0
201:610:300:210;0;0;0;0;3.15;1.86;0;;0
201:610:300:310;0;0;0;0;2.6;1.72;0;;0
201:610:300:410;0;0;0;0;2.39;1.59;0;;0
201:610:300:510;0;0;0;0;1.83;1.52;0;;0
201:610:300:610;0;24.33;0.59;5.88;2.07;1.31;0;;0.02492
201:610:300:710;171.32;129;3.41;14;4.26;1.86;0;;0.30373
201:610:300:810;266.98;190.38;5.54;20.66;5.42;3.24;0;;0.4629
201:610:300:910;313.33;229.5;6.93;25.31;6.17;3.72;0;;0.54976
201:610:301:010;662.25;171.91;9.21;27.44;6.42;3.93;0;;0.84337
201:610:301:110;109.49;221.22;5.66;26.79;6.81;3.93;0;;0.33637
201:610:301:210;406.52;186.92;7.15;23.43;7.02;3.79;0;;0.60059
201:610:301:310;52.03;134.57;3.35;17.78;7.13;3.66;0;;0.18995
201:610:301:410;127.82;85.76;2.55;10.37;6.92;3.03;0;;0.21613
201:610:301:510;0;5.03;0.12;1.74;6.31;2.69;0;;0.00515
201:610:301:610;0;0;0;0;5.25;2.48;0;;0
201:610:301:710;0;0;0;0;4.52;2.48;0;;0
201:610:301:810;0;0;0;0;4.13;2.48;0;;0
201:610:301:910;0;0;0;0;3.59;2.41;0;;0
201:610:302:010;0;0;0;0;3.26;2.41;0;;0
201:610:302:110;0;0;0;0;2.92;2.34;0;;0
201:610:302:210;0;0;0;0;2.73;2.21;0;;0
201:610:302:310;0;0;0;0;2.51;2.07;0;;0
201:610:310:010;0;0;0;0;2.1;1.86;0;;0
201:610:310:110;0;0;0;0;1.68;1.86;0;;0
201:610:310:210;0;0;0;0;2.11;2.14;0;;0
201:610:310:310;0;0;0;0;2.28;2.28;0;;0
201:610:310:410;0;0;0;0;2;2.21;0;;0
201:610:310:510;0;0;0;0;1.56;2;0;;0
201:610:310:610;0;26.01;0.63;5.62;1.58;1.93;0;;0.02664
201:610:310:710;380.5;110.31;4.21;13.72;2.4;2.07;0;;0.49502
201:610:310:810;553.41;138.45;6.74;20.36;3.29;2.62;0;;0.6986
201:610:310:910;665.41;152.22;8.52;24.99;4.35;3.03;0;;0.82615
201:610:311:010;671.73;167.82;9.17;27.12;5.16;2.76;0;;0.84872
201:610:311:110;627.64;165.49;8.87;26.46;5.71;2.62;0;;0.802
201:610:311:210;60.3;177.79;4.39;23.12;5.89;2.76;0;;0.24248
201:610:311:310;56.75;133.84;3.35;17.49;5.71;2.83;0;;0.19394
201:610:311:410;179.66;79.71;2.74;10.1;5.12;2.55;0;;0.26211
201:610:311:510;0;0;0;0;4.35;2.07;0;;0
201:610:311:610;0;0;0;0;3.27;1.72;0;;0
201:610:311:710;0;0;0;0;2.51;1.45;0;;0
201:610:311:810;0;0;0;0;1.38;1.38;0;;0
201:610:311:910;0;0;0;0;0.62;1.31;0;;0
201:610:312:010;0;0;0;0;0.07;1.31;0;;0
201:610:312:110;0;0;0;0;-0.08;1.24;0;;0
201:610:312:210;0;0;0;0;0.16;1.24;0;;0
201:610:312:310;0;0;0;0;0.22;1.24;0;;0
201:611:010:010;0;0;0;0;0.17;1.24;0;;0
201:611:010:110;0;0;0;0;1.24;1.1;0;;0
201:611:010:210;0;0;0;0;1.92;1.03;0;;0
201:611:010:310;0;0;0;0;2.24;0.97;0;;0
201:611:010:410;0;0;0;0;2.37;0.83;0;;0
201:611:010:510;0;0;0;0;2.38;0.83;0;;0
201:611:010:610;0;26.85;0.65;5.36;2.54;0.76;0;;0.0275
201:611:010:710;316.09;112.38;3.8;13.45;3.15;0.48;0;;0.43227
201:611:010:810;495.93;141.26;6.27;20.06;4.43;0.41;0;;0.64346
201:611:010:910;588.06;161.3;7.91;24.68;5.42;0.48;0;;0.75727
201:611:011:010;420.36;222.33;7.76;26.79;5.86;0.48;0;;0.65045
201:611:011:110;318.46;224.39;7.09;26.14;5.97;0.62;0;;0.54994
201:611:011:210;64.82;173.15;4.31;22.81;6.22;0.9;0;;0.24228
201:611:011:310;34.89;119.94;2.92;17.2;6.41;1.17;0;;0.15775
201:611:011:410;33.41;68.65;1.7;9.83;6.33;1.31;0;;0.10376
201:611:011:510;0;0;0;0;6.05;1.17;0;;0
201:611:011:610;0;0;0;0;5.56;1.1;0;;0
201:611:011:710;0;0;0;0;5.27;1.17;0;;0
201:611:011:810;0;0;0;0;5.32;1.24;0;;0
201:611:011:910;0;0;0;0;5.3;1.1;0;;0
201:611:012:010;0;0;0;0;4.49;1.17;0;;0
201:611:012:110;0;0;0;0;3.53;1.24;0;;0
201:611:012:210;0;0;0;0;3.22;1.24;0;;0
201:611:012:310;0;0;0;0;3.16;1.17;0;;0
201:611:020:010;0;0;0;0;3.16;1.17;0;;0
201:611:020:110;0;0;0;0;3.09;1.1;0;;0
201:611:020:210;0;0;0;0;2.85;0.97;0;;0
201:611:020:310;0;0;0;0;2.47;1.03;0;;0
201:611:020:410;0;0;0;0;2.47;1.03;0;;0
201:611:020:510;0;0;0;0;2.53;1.1;0;;0
201:611:020:610;0;17.62;0.43;5.1;2.14;1.1;0;;0.01805
201:611:020:710;0;37.68;0.86;13.17;3.45;1.1;0;;0.03854
201:611:020:810;55.22;148.56;3.6;19.77;4.39;1.38;0;;0.20738
201:611:020:910;69.44;188.42;4.62;24.37;5.28;1.66;0;;0.26248
201:611:021:010;0;122.02;2.78;26.47;5.78;2.48;0;;0.1248
201:611:021:110;0;40.38;0.92;25.83;6.3;2.83;0;;0.0413
201:611:021:210;3.97;119.96;2.76;22.51;6.33;2.41;0;;0.12669
201:611:021:310;0;25.12;0.57;16.91;6.59;2.14;0;;0.02569
201:611:021:410;0;13.46;0.31;9.57;6.03;1.86;0;;0.01377
201:611:021:510;0;0;0;0;5.25;1.66;0;;0
201:611:021:610;0;0;0;0;4.18;1.79;0;;0
201:611:021:710;0;0;0;0;3.76;1.79;0;;0
201:611:021:810;0;0;0;0;3.02;1.79;0;;0
201:611:021:910;0;0;0;0;2.92;1.86;0;;0
201:611:022:010;0;0;0;0;2.32;1.93;0;;0
201:611:022:110;0;0;0;0;2.04;2;0;;0
201:611:022:210;0;0;0;0;1.83;2.14;0;;0
201:611:022:310;0;0;0;0;1.4;2.14;0;;0
201:611:030:010;0;0;0;0;1.75;2.34;0;;0
201:611:030:110;0;0;0;0;1.97;2.48;0;;0
201:611:030:210;0;0;0;0;2.16;2.55;0;;0
201:611:030:310;0;0;0;0;1.79;2.41;0;;0
201:611:030:410;0;0;0;0;1.54;2.28;0;;0
201:611:030:510;0;0;0;0;1.37;2.28;0;;0
201:611:030:610;0;19.3;0.47;4.85;1.83;2.28;0;;0.01977
201:611:030:710;53.58;98.41;2.35;12.9;2.25;2.41;0;;0.15434
201:611:030:810;183.82;178.75;4.74;19.48;2.93;2.62;0;;0.36731
201:611:030:910;356.78;219.32;6.86;24.06;3.44;2.69;0;;0.58296
201:611:031:010;137.76;225.82;5.82;26.16;3.81;2.83;0;;0.3694
201:611:031:110;0;111.26;2.53;25.51;3.81;2.9;0;;0.11379
201:611:031:210;6.01;123.92;2.86;22.21;3.78;3.17;0;;0.13279
201:611:031:310;202.18;145.94;4.39;16.64;3.81;3.38;0;;0.35251
201:611:031:410;9.99;52.93;1.25;9.31;3.35;2.62;0;;0.06417
201:611:031:510;0;0;0;0;2.64;2.14;0;;0
201:611:031:610;0;0;0;0;1.8;1.72;0;;0
201:611:031:710;0;0;0;0;0.64;1.45;0;;0
201:611:031:810;0;0;0;0;-0.56;1.24;0;;0
201:611:031:910;0;0;0;0;-0.94;1.45;0;;0
201:611:032:010;0;0;0;0;-0.94;1.24;0;;0
201:611:032:110;0;0;0;0;-0.77;1.03;0;;0
201:611:032:210;0;0;0;0;-0.16;0.83;0;;0
201:611:032:310;0;0;0;0;-0.25;0.62;0;;0
201:611:040:010;0;0;0;0;-0.55;0.55;0;;0
201:611:040:110;0;0;0;0;-1.07;0.41;0;;0
201:611:040:210;0;0;0;0;-1.2;0.28;0;;0
201:611:040:310;0;0;0;0;-1.2;0.41;0;;0
201:611:040:410;0;0;0;0;-1.22;0.28;0;;0
201:611:040:510;0;0;0;0;-1.38;0.21;0;;0
201:611:040:610;0;23.49;0.57;4.59;-1.39;0.21;0;;0.02406
201:611:040:710;381.72;101.86;3.86;12.62;-0.9;0.07;0;;0.48744
201:611:040:810;425.99;162.08;5.86;19.18;0.79;0.28;0;;0.59393
201:611:040:910;276.48;219.64;6.31;23.75;2.43;0.55;0;;0.50243
201:611:041:010;24.52;172.64;4.07;25.85;3.24;0.97;0;;0.20123
201:611:041:110;0;69.98;1.59;25.21;3.39;1.17;0;;0.07157
201:611:041:210;0;55.63;1.27;21.92;3.31;1.31;0;;0.0569
201:611:041:310;0;76.26;1.74;16.36;3.11;1.24;0;;0.078
201:611:041:410;61.38;70.22;1.8;9.06;2.85;1.17;0;;0.1334
201:611:041:510;0;0;0;0;1.66;1.24;0;;0
201:611:041:610;0;0;0;0;0.56;1.24;0;;0
201:611:041:710;0;0;0;0;-0.3;1.31;0;;0
201:611:041:810;0;0;0;0;-1.46;1.38;0;;0
201:611:041:910;0;0;0;0;-1.64;1.24;0;;0
201:611:042:010;0;0;0;0;-2.18;1.31;0;;0
201:611:042:110;0;0;0;0;-2.27;1.38;0;;0
201:611:042:210;0;0;0;0;-2.54;1.45;0;;0
201:611:042:310;0;0;0;0;-2.63;1.45;0;;0
201:611:050:010;0;0;0;0;-2.52;1.38;0;;0
201:611:050:110;0;0;0;0;-3.04;1.45;0;;0
201:611:050:210;0;0;0;0;-3.25;1.45;0;;0
201:611:050:310;0;0;0;0;-3.23;1.45;0;;0
201:611:050:410;0;0;0;0;-3.19;1.52;0;;0
201:611:050:510;0;0;0;0;-3.09;1.45;0;;0
201:611:050:610;0;20.14;0.49;4.33;-2.84;1.45;0;;0.02063
201:611:050:710;0;52.04;1.18;12.35;-0.67;1.59;0;;0.05322
201:611:050:810;0;52.04;1.18;18.9;1.21;1.93;0;;0.05322
201:611:050:910;0;43.96;1;23.45;2.38;2.07;0;;0.04496
201:611:051:010;0;72.68;1.65;25.54;3.52;2.14;0;;0.07433
201:611:051:110;0;99.59;2.27;24.91;4.26;2.21;0;;0.10186
201:611:051:210;0;93.31;2.12;21.63;4.14;2.21;0;;0.09543
201:611:051:310;0;43.96;1;16.09;3.71;2;0;;0.04496
201:611:051:410;0;15.25;0.35;8.81;3.44;1.93;0;;0.0156
201:611:051:510;0;0;0;0;2.97;1.86;0;;0
201:611:051:610;0;0;0;0;2.62;1.86;0;;0
201:611:051:710;0;0;0;0;2.32;1.79;0;;0
201:611:051:810;0;0;0;0;2.2;1.72;0;;0
201:611:051:910;0;0;0;0;1.46;1.79;0;;0
201:611:052:010;0;0;0;0;1.55;1.66;0;;0
201:611:052:110;0;0;0;0;1.81;1.66;0;;0
201:611:052:210;0;0;0;0;2.16;1.52;0;;0
201:611:052:310;0;0;0;0;2.49;1.52;0;;0
201:611:060:010;0;0;0;0;2.8;1.59;0;;0
201:611:060:110;0;0;0;0;3.42;1.45;0;;0
201:611:060:210;0;0;0;0;3.72;1.31;0;;0
201:611:060:310;0;0;0;0;3.91;1.17;0;;0
201:611:060:410;0;0;0;0;3.99;1.1;0;;0
201:611:060:510;0;0;0;0;4.15;1.1;0;;0
201:611:060:610;0;17.62;0.43;4.08;4.3;0.97;0;;0.01805
201:611:060:710;0;37.68;0.86;12.08;4.53;0.83;0;;0.03854
201:611:060:810;0;52.04;1.18;18.61;4.86;0.83;0;;0.05322
201:611:060:910;0;89.72;2.04;23.15;5.72;0.76;0;;0.09176
201:611:061:010;0;95.11;2.17;25.24;6.12;0.83;0;;0.09728
201:611:061:110;0;57.42;1.31;24.61;6.61;1.24;0;;0.05873
201:611:061:210;0;45.76;1.04;21.35;6.98;1.45;0;;0.0468
201:611:061:310;0;32.3;0.74;15.83;7.27;1.45;0;;0.03304
201:611:061:410;0;28.71;0.65;8.56;7.54;1.45;0;;0.02936
201:611:061:510;0;0;0;0;7.23;1.17;0;;0
201:611:061:610;0;0;0;0;7.01;1.1;0;;0
201:611:061:710;0;0;0;0;6.89;1.03;0;;0
201:611:061:810;0;0;0;0;6.85;0.83;0;;0
201:611:061:910;0;0;0;0;6.37;0.62;0;;0
201:611:062:010;0;0;0;0;6.24;0.97;0;;0
201:611:062:110;0;0;0;0;6.02;1.17;0;;0
201:611:062:210;0;0;0;0;5.7;1.17;0;;0
201:611:062:310;0;0;0;0;5.29;1.31;0;;0
201:611:070:010;0;0;0;0;4.74;1.66;0;;0
201:611:070:110;0;0;0;0;4.49;1.72;0;;0
201:611:070:210;0;0;0;0;3.83;2;0;;0
201:611:070:310;0;0;0;0;3.29;2.07;0;;0
201:611:070:410;0;0;0;0;2.91;2.07;0;;0
201:611:070:510;0;0;0;0;2.52;1.93;0;;0
201:611:070:610;0;15.94;0.39;3.83;2.3;1.72;0;;0.01633
201:611:070:710;381.82;94.92;3.6;11.81;2.77;1.66;0;;0.48034
201:611:070:810;548.22;122.52;6.03;18.33;3.73;2;0;;0.67677
201:611:070:910;539.84;170.28;7.25;22.86;4.63;1.86;0;;0.71737
201:611:071:010;46.09;179.23;4.31;24.94;5.32;1.72;0;;0.22963
201:611:071:110;4.11;127.16;2.92;24.31;5.75;1.72;0;;0.13419
201:611:071:210;0;66.4;1.51;21.07;5.8;2.07;0;;0.06791
201:611:071:310;0;63.7;1.45;15.57;5.66;2.07;0;;0.06515
201:611:071:410;0;28.71;0.65;8.33;5.35;1.86;0;;0.02936
201:611:071:510;0;0;0;0;4.67;1.38;0;;0
201:611:071:610;0;0;0;0;3.47;1.24;0;;0
201:611:071:710;0;0;0;0;2.34;1.24;0;;0
201:611:071:810;0;0;0;0;0.91;1.31;0;;0
201:611:071:910;0;0;0;0;1;1.24;0;;0
201:611:072:010;0;0;0;0;0.85;1.03;0;;0
201:611:072:110;0;0;0;0;0.31;1.03;0;;0
201:611:072:210;0;0;0;0;0.32;0.97;0;;0
201:611:072:310;0;0;0;0;0.38;0.9;0;;0
201:611:080:010;0;0;0;0;0.28;0.83;0;;0
201:611:080:110;0;0;0;0;-0.63;0.97;0;;0
201:611:080:210;0;0;0;0;-1.57;1.17;0;;0
201:611:080:310;0;0;0;0;-2.03;1.24;0;;0
201:611:080:410;0;0;0;0;-2.05;1.17;0;;0
201:611:080:510;0;0;0;0;-1.82;1.1;0;;0
201:611:080:610;0;15.94;0.39;3.58;-1.24;0.97;0;;0.01633
201:611:080:710;6.17;63.07;1.45;11.55;-0.34;1.03;0;;0.07069
201:611:080:810;162.7;164.96;4.25;18.05;1.79;1.1;0;;0.33191
201:611:080:910;333.59;208.62;6.31;22.57;3.12;0.97;0;;0.54852
201:611:081:010;460.61;209.57;7.5;24.64;4.36;0.76;0;;0.67768
201:611:081:110;2.07;124.14;2.84;24.03;5.01;0.55;0;;0.12905
201:611:081:210;0;36.79;0.84;20.8;5.41;0.48;0;;0.03763
201:611:081:310;0;54.73;1.25;15.32;5.35;0.48;0;;0.05598
201:611:081:410;2.82;36.32;0.84;8.09;4.87;0.21;0;;0.03998
201:611:081:510;0;0;0;0;4.2;0.41;0;;0
201:611:081:610;0;0;0;0;3.64;0.21;0;;0
201:611:081:710;0;0;0;0;2.65;0.55;0;;0
201:611:081:810;0;0;0;0;1.71;0.9;0;;0
201:611:081:910;0;0;0;0;0.94;0.9;0;;0
201:611:082:010;0;0;0;0;0.73;0.97;0;;0
201:611:082:110;0;0;0;0;0.66;0.97;0;;0
201:611:082:210;0;0;0;0;0.49;1.03;0;;0
201:611:082:310;0;0;0;0;-0.2;1.17;0;;0
201:611:090:010;0;0;0;0;-0.83;1.17;0;;0
201:611:090:110;0;0;0;0;-0.95;1.31;0;;0
201:611:090:210;0;0;0;0;-1.28;1.45;0;;0
201:611:090:310;0;0;0;0;-1.49;1.45;0;;0
201:611:090:410;0;0;0;0;-1.36;1.45;0;;0
201:611:090:510;0;0;0;0;-1.4;1.52;0;;0
201:611:090:610;0;12.59;0.31;3.33;-1.37;1.52;0;;0.0129
201:611:090:710;0;0;0;0;-0.06;2.21;0;;0
201:611:090:810;593.66;111.23;6.09;17.77;1.2;2.28;0;;0.71098
201:611:090:910;695.84;126.06;7.8;22.28;2.72;2.28;0;;0.8297
201:611:091:010;681.84;148.24;8.38;24.35;3.88;2.48;0;;0.83846
201:611:091:110;667.34;136.08;8.21;23.74;4.8;2.34;0;;0.81163
201:611:091:210;552.07;127.35;6.93;20.53;5.24;2.21;0;;0.68635
201:611:091:310;384.91;105.65;4.8;15.07;5.03;2;0;;0.49536
201:611:091:410;208.08;61.3;2.21;7.87;4.46;1.72;0;;0.27159
201:611:091:510;0;0;0;0;3.03;1.66;0;;0
201:611:091:610;0;0;0;0;1.17;1.52;0;;0
201:611:091:710;0;0;0;0;-0.66;1.31;0;;0
201:611:091:810;0;0;0;0;-1.2;1.17;0;;0
201:611:091:910;0;0;0;0;-1.72;1.17;0;;0
201:611:092:010;0;0;0;0;-1.85;1.1;0;;0
201:611:092:110;0;0;0;0;-1.67;1.03;0;;0
201:611:092:210;0;0;0;0;-1.41;1.03;0;;0
201:611:092:310;0;0;0;0;-0.95;0.83;0;;0
201:611:100:010;0;0;0;0;-0.85;0.76;0;;0
201:611:100:110;0;0;0;0;-1.16;0.55;0;;0
201:611:100:210;0;0;0;0;-1.1;0.48;0;;0
201:611:100:310;0;0;0;0;-0.98;0.48;0;;0
201:611:100:410;0;0;0;0;-1.03;0.55;0;;0
201:611:100:510;0;0;0;0;-0.9;0.62;0;;0
201:611:100:610;0;5.03;0.12;3.08;-0.89;0.69;0;;0.00515
201:611:100:710;0;43.96;1;11.03;-0.83;0.76;0;;0.04496
201:611:100:810;0;79.85;1.82;17.5;0.24;0.9;0;;0.08167
201:611:100:910;13.59;135.4;3.15;21.99;0.75;1.1;0;;0.15214
201:611:101:010;4.3;127.21;2.92;24.06;1.39;1.72;0;;0.13443
201:611:101:110;0;74.47;1.7;23.47;1.48;1.79;0;;0.07617
201:611:101:210;0;61.01;1.39;20.27;1.36;1.59;0;;0.0624
201:611:101:310;0;17.94;0.41;14.83;1.24;1.59;0;;0.01835
201:611:101:410;0;17.05;0.39;7.64;0.95;1.38;0;;0.01744
201:611:101:510;0;0;0;0;0.5;1.1;0;;0
201:611:101:610;0;0;0;0;0.16;1.03;0;;0
201:611:101:710;0;0;0;0;0.04;1.1;0;;0
201:611:101:810;0;0;0;0;0.1;1.17;0;;0
201:611:101:910;0;0;0;0;0.1;1.66;0;;0
201:611:102:010;0;0;0;0;-0.13;1.17;0;;0
201:611:102:110;0;0;0;0;-0.06;1.1;0;;0
201:611:102:210;0;0;0;0;0.23;1.38;0;;0
201:611:102:310;0;0;0;0;0.29;1.03;0;;0
201:611:110:010;0;0;0;0;0.39;1.03;0;;0
201:611:110:110;0;0;0;0;0.53;0.9;0;;0
201:611:110:210;0;0;0;0;0.36;0.83;0;;0
201:611:110:310;0;0;0;0;0.28;0.69;0;;0
201:611:110:410;0;0;0;0;0.35;0.69;0;;0
201:611:110:510;0;0;0;0;0.43;0.69;0;;0
201:611:110:610;0;6.71;0.16;2.84;-0.01;0.9;0;;0.00687
201:611:110:710;19.62;67.85;1.57;10.77;1.37;1.03;0;;0.08904
201:611:110:810;17.88;109.52;2.55;17.23;2.61;1.38;0;;0.12995
201:611:110:910;0;49.35;1.12;21.71;3.7;1.52;0;;0.05047
201:611:111:010;0;53.83;1.23;23.78;4.17;1.66;0;;0.05506
201:611:111:110;0;39.48;0.9;23.19;4.58;1.79;0;;0.04038
201:611:111:210;0;39.48;0.9;20.01;4.58;1.86;0;;0.04038
201:611:111:310;2.34;69.44;1.59;14.6;4.49;1.59;0;;0.07337
201:611:111:410;69.94;60.76;1.51;7.43;4.11;1.1;0;;0.13221
201:611:111:510;0;0;0;0;3.14;1.03;0;;0
201:611:111:610;0;0;0;0;2.49;1.17;0;;0
201:611:111:710;0;0;0;0;2.25;1.03;0;;0
201:611:111:810;0;0;0;0;1.91;1.03;0;;0
201:611:111:910;0;0;0;0;2.37;0.97;0;;0
201:611:112:010;0;0;0;0;2.35;0.83;0;;0
201:611:112:110;0;0;0;0;2.33;0.97;0;;0
201:611:112:210;0;0;0;0;2.28;1.1;0;;0
201:611:112:310;0;0;0;0;2.14;1.24;0;;0
201:611:120:010;0;0;0;0;1.87;1.38;0;;0
201:611:120:110;0;0;0;0;1.57;1.38;0;;0
201:611:120:210;0;0;0;0;1.46;1.66;0;;0
201:611:120:310;0;0;0;0;1.5;1.72;0;;0
201:611:120:410;0;0;0;0;1.38;1.86;0;;0
201:611:120:510;0;0;0;0;1.25;2.07;0;;0
201:611:120:610;0;5.03;0.12;2.6;1.22;2.14;0;;0.00515
201:611:120:710;0;25.12;0.57;10.51;0.91;2.07;0;;0.02569
201:611:120:810;0;43.96;1;16.96;1.78;2.07;0;;0.04496
201:611:120:910;2.31;104.44;2.39;21.44;2.39;2.28;0;;0.10914
201:611:121:010;0;109.46;2.49;23.51;2.95;2.28;0;;0.11195
201:611:121:110;0;110.36;2.51;22.92;3.6;2.34;0;;0.11287
201:611:121:210;0;52.94;1.21;19.76;3.77;2.28;0;;0.05415
201:611:121:310;0;27.81;0.63;14.37;3.49;2.34;0;;0.02844
201:611:121:410;0;7.18;0.16;7.22;2.92;2.28;0;;0.00734
201:611:121:510;0;0;0;0;2.18;2.34;0;;0
201:611:121:610;0;0;0;0;1.42;2.28;0;;0
201:611:121:710;0;0;0;0;0.92;2.21;0;;0
201:611:121:810;0;0;0;0;0.61;2.21;0;;0
201:611:121:910;0;0;0;0;-0.02;2.34;0;;0
201:611:122:010;0;0;0;0;-0.4;2.34;0;;0
201:611:122:110;0;0;0;0;-0.86;2.69;0;;0
201:611:122:210;0;0;0;0;-1.22;2.69;0;;0
201:611:122:310;0;0;0;0;-1.64;2.62;0;;0
201:611:130:010;0;0;0;0;-2.06;2.55;0;;0
201:611:130:110;0;0;0;0;-2.66;2.55;0;;0
201:611:130:210;0;0;0;0;-2.94;2.48;0;;0
201:611:130:310;0;0;0;0;-3.23;2.55;0;;0
201:611:130:410;0;0;0;0;-3.36;2.48;0;;0
201:611:130:510;0;0;0;0;-3.37;2.34;0;;0
201:611:130:610;0;9.23;0.22;2.36;-3.46;2.34;0;;0.00945
201:611:130:710;374.4;90.82;3.15;10.26;-2.71;2.9;0;;0.46837
201:611:130:810;533.61;120.98;5.52;16.7;-2.02;3.03;0;;0.66011
201:611:130:910;677.86;126.87;7.4;21.17;-1.25;3.38;0;;0.81213
201:611:131:010;676.37;143.48;8.01;23.24;-0.67;3.45;0;;0.82786
201:611:131:110;653.5;135.38;7.83;22.66;-0.26;3.52;0;;0.79671
201:611:131:210;547.32;124.21;6.6;19.52;-0.34;3.38;0;;0.67813
201:611:131:310;383.96;101.39;4.52;14.14;-0.51;3.24;0;;0.48987
201:611:131:410;166.5;60.89;1.82;7.02;-0.9;2.9;0;;0.22921
201:611:131:510;0;0;0;0;-1.46;2.55;0;;0
201:611:131:610;0;0;0;0;-1.7;2.14;0;;0
201:611:131:710;0;0;0;0;-1.98;2.07;0;;0
201:611:131:810;0;0;0;0;-2.35;1.86;0;;0
201:611:131:910;0;0;0;0;-3.07;1.66;0;;0
201:611:132:010;0;0;0;0;-3.51;1.52;0;;0
201:611:132:110;0;0;0;0;-3.82;1.45;0;;0
201:611:132:210;0;0;0;0;-3.88;1.38;0;;0
201:611:132:310;0;0;0;0;-3.9;1.31;0;;0
201:611:140:010;0;0;0;0;-3.61;1.17;0;;0
201:611:140:110;0;0;0;0;-1.97;1.1;0;;0
201:611:140:210;0;0;0;0;-1.83;1.03;0;;0
201:611:140:310;0;0;0;0;-1.89;1.03;0;;0
201:611:140:410;0;0;0;0;-1.88;1.03;0;;0
201:611:140:510;0;0;0;0;-1.45;0.97;0;;0
201:611:140:610;0;6.71;0.16;2.12;-1.23;0.9;0;;0.00687
201:611:140:710;316.11;95.78;2.88;10.01;-0.29;0.76;0;;0.41477
201:611:140:810;349.44;156.12;4.78;16.44;0.74;0.83;0;;0.51034
201:611:140:910;293.88;200.3;5.7;20.9;1.95;0.69;0;;0.49988
201:611:141:010;404.3;209.61;6.8;22.97;2.88;0.62;0;;0.62071
201:611:141:110;410.22;197.64;6.72;22.41;3.21;0.83;0;;0.61458
201:611:141:210;554.78;120.86;6.56;19.28;3.27;0.97;0;;0.6822
201:611:141:310;388.96;97.9;4.45;13.92;3.14;0.76;0;;0.49131
201:611:141:410;0;28.53;0.69;6.82;2.8;0.28;0;;0.02922
201:611:141:510;0;0;0;0;2.23;0.41;0;;0
201:611:141:610;0;0;0;0;1.37;0.55;0;;0
201:611:141:710;0;0;0;0;0.65;0.62;0;;0
201:611:141:810;0;0;0;0;0.06;0.69;0;;0
201:611:141:910;0;0;0;0;-0.49;0.9;0;;0
201:611:142:010;0;0;0;0;-0.71;0.9;0;;0
201:611:142:110;0;0;0;0;-0.88;0.83;0;;0
201:611:142:210;0;0;0;0;-1.07;0.83;0;;0
201:611:142:310;0;0;0;0;-1.27;0.83;0;;0
201:611:150:010;0;0;0;0;-1.42;0.69;0;;0
201:611:150:110;0;0;0;0;-2.64;0.62;0;;0
201:611:150:210;0;0;0;0;-2.75;0.55;0;;0
201:611:150:310;0;0;0;0;-2.84;0.34;0;;0
201:611:150:410;0;0;0;0;-2.91;0.21;0;;0
201:611:150:510;0;0;0;0;-3.03;0.28;0;;0
201:611:150:610;0;6.71;0.16;1.88;-3.15;0.55;0;;0.00687
201:611:150:710;301.42;94.92;2.76;9.77;-3.35;0.62;0;;0.3991
201:611:150:810;474.22;132.49;5.15;16.18;-1.71;0.69;0;;0.61186
201:611:150:910;616.91;140.83;6.97;20.64;-0.37;1.1;0;;0.76471
201:611:151:010;647.3;149.44;7.72;22.71;0.22;1.31;0;;0.80446
201:611:151:110;250.82;207.44;5.82;22.16;0.71;1.52;0;;0.46408
201:611:151:210;517.31;129.63;6.31;19.04;0.74;1.52;0;;0.65325
201:611:151:310;354.6;104.69;4.25;13.71;0.52;1.45;0;;0.46354
201:611:151:410;0;36.08;0.88;6.63;-0.25;1.17;0;;0.03696
201:611:151:510;0;0;0;0;-1.33;1.24;0;;0
201:611:151:610;0;0;0;0;-2.14;1.17;0;;0
201:611:151:710;0;0;0;0;-2.4;1.1;0;;0
201:611:151:810;0;0;0;0;-2.63;1.1;0;;0
201:611:151:910;0;0;0;0;-2.29;1.31;0;;0
201:611:152:010;0;0;0;0;-2.03;1.52;0;;0
201:611:152:110;0;0;0;0;-1.74;1.66;0;;0
201:611:152:210;0;0;0;0;-1.73;1.59;0;;0
201:611:152:310;0;0;0;0;-1.87;1.59;0;;0
201:611:160:010;0;0;0;0;-2.03;1.59;0;;0
201:611:160:110;0;0;0;0;-2.21;1.66;0;;0
201:611:160:210;0;0;0;0;-2.36;1.59;0;;0
201:611:160:310;0;0;0;0;-2.49;1.31;0;;0
201:611:160:410;0;0;0;0;-2.56;1.24;0;;0
201:611:160:510;0;0;0;0;-2.51;1.31;0;;0
201:611:160:610;0;0.84;0.02;1.65;-2.45;1.24;0;;0.00086
201:611:160:710;0;40.38;0.92;9.52;-2.39;1.24;0;;0.0413
201:611:160:810;0;69.09;1.57;15.93;-2.2;1.17;0;;0.07066
201:611:160:910;0;47.55;1.08;20.38;-1.9;1.17;0;;0.04863
201:611:161:010;18.07;142.62;3.33;22.45;-1.67;0;0;;0.16402
201:611:161:110;42.15;156.98;3.76;21.91;-1.54;0;0;;0.20289
201:611:161:210;0;52.04;1.18;18.82;-1.51;1.17;0;;0.05322
201:611:161:310;2.49;64.09;1.47;13.5;-1.35;1.1;0;;0.06805
201:611:161:410;0;27.69;0.67;6.44;-1.35;0.97;0;;0.02836
201:611:161:510;0;0;0;0;-1.4;0.9;0;;0
201:611:161:610;0;0;0;0;-1.47;0.97;0;;0
201:611:161:710;0;0;0;0;-1.51;0.97;0;;0
201:611:161:810;0;0;0;0;-1.49;0.97;0;;0
201:611:161:910;0;0;0;0;-1.96;1.17;0;;0
201:611:162:010;0;0;0;0;-1.96;1.17;0;;0
201:611:162:110;0;0;0;0;-1.98;1.03;0;;0
201:611:162:210;0;0;0;0;-1.97;0.97;0;;0
201:611:162:310;0;0;0;0;-1.95;0.97;0;;0
201:611:170:010;0;0;0;0;-1.92;0.97;0;;0
201:611:170:110;0;0;0;0;-1.8;0.9;0;;0
201:611:170:210;0;0;0;0;-1.72;0.9;0;;0
201:611:170:310;0;0;0;0;-1.58;0.9;0;;0
201:611:170:410;0;0;0;0;-1.47;0.9;0;;0
201:611:170:510;0;0;0;0;-1.37;0.9;0;;0
201:611:170:610;0;0;0;0;-1.24;0.9;0;;0
201:611:170:710;0;29.61;0.67;9.28;-1.52;1.03;0;;0.03028
201:611:170:810;0;55.63;1.27;15.68;-1.3;1.17;0;;0.0569
201:611:170:910;0;33.2;0.76;20.13;-1.01;1.24;0;;0.03396
201:611:171:010;0;40.38;0.92;22.2;-0.62;1.24;0;;0.0413
201:611:171:110;0;60.11;1.37;21.67;-0.39;1.24;0;;0.06148
201:611:171:210;0;73.57;1.68;18.59;-0.14;1.24;0;;0.07525
201:611:171:310;0;31.4;0.72;13.3;-0.11;1.24;0;;0.03212
201:611:171:410;0;21.82;0.53;6.26;0;1.1;0;;0.02235
201:611:171:510;0;0;0;0;-0.07;1.1;0;;0
201:611:171:610;0;0;0;0;-0.2;1.17;0;;0
201:611:171:710;0;0;0;0;-0.3;1.17;0;;0
201:611:171:810;0;0;0;0;-0.45;1.31;0;;0
201:611:171:910;0;0;0;0;-0.86;1.31;0;;0
201:611:172:010;0;0;0;0;-0.82;1.24;0;;0
201:611:172:110;0;0;0;0;-1.19;1.03;0;;0
201:611:172:210;0;0;0;0;-1.15;1.1;0;;0
201:611:172:310;0;0;0;0;-1.25;1.24;0;;0
201:611:180:010;0;0;0;0;-1.33;1.24;0;;0
201:611:180:110;0;0;0;0;-1.45;1.24;0;;0
201:611:180:210;0;0;0;0;-1.08;1.31;0;;0
201:611:180:310;0;0;0;0;-0.82;1.38;0;;0
201:611:180:410;0;0;0;0;-0.55;1.59;0;;0
201:611:180:510;0;0;0;0;-0.1;1.72;0;;0
201:611:180:610;0;0;0;0;0.23;1.79;0;;0
201:611:180:710;0;33.2;0.76;9.05;0.18;1.79;0;;0.03396
201:611:180:810;5.56;79.92;1.84;15.43;0.76;1.86;0;;0.08732
201:611:180:910;0;52.04;1.18;19.88;1.21;1.86;0;;0.05322
201:611:181:010;0;40.38;0.92;21.96;1.56;1.93;0;;0.0413
201:611:181:110;0;33.2;0.76;21.44;2.04;1.86;0;;0.03396
201:611:181:210;0;27.81;0.63;18.38;2.27;1.79;0;;0.02844
201:611:181:310;0;21.53;0.49;13.11;2.6;1.72;0;;0.02202
201:611:181:410;0;7.55;0.18;6.09;2.88;1.72;0;;0.00773
201:611:181:510;0;0;0;0;2.84;1.66;0;;0
201:611:181:610;0;0;0;0;2.88;1.66;0;;0
201:611:181:710;0;0;0;0;3.03;1.66;0;;0
201:611:181:810;0;0;0;0;3.12;1.72;0;;0
201:611:181:910;0;0;0;0;2.77;1.72;0;;0
201:611:182:010;0;0;0;0;3.01;1.72;0;;0
201:611:182:110;0;0;0;0;3.21;1.72;0;;0
201:611:182:210;0;0;0;0;3.43;1.66;0;;0
201:611:182:310;0;0;0;0;3.51;1.66;0;;0
201:611:190:010;0;0;0;0;3.54;1.59;0;;0
201:611:190:110;0;0;0;0;3.94;1.52;0;;0
201:611:190:210;0;0;0;0;3.98;1.52;0;;0
201:611:190:310;0;0;0;0;4.03;1.52;0;;0
201:611:190:410;0;0;0;0;4.03;1.59;0;;0
201:611:190:510;0;0;0;0;4.24;1.66;0;;0
201:611:190:610;0;0;0;0;4.38;1.66;0;;0
201:611:190:710;0;35.89;0.82;8.82;4.61;1.79;0;;0.03671
201:611:190:810;0;26.92;0.61;15.19;5.21;1.79;0;;0.02753
201:611:190:910;0;24.23;0.55;19.63;5.43;1.79;0;;0.02478
201:611:191:010;0;89.72;2.04;21.72;5.96;2.34;0;;0.09176
201:611:191:110;61.36;160.62;3.9;21.21;6.19;1.79;0;;0.22588
201:611:191:210;0;51.14;1.16;18.17;7.22;2.48;0;;0.0523
201:611:191:310;0;14.36;0.33;12.92;7.62;2.62;0;;0.01469
201:611:191:410;0;10.07;0.25;5.92;7.23;2.14;0;;0.01032
201:611:191:510;0;0;0;0;6.38;2.07;0;;0
201:611:191:610;0;0;0;0;6.02;2.14;0;;0
201:611:191:710;0;0;0;0;6.05;2.07;0;;0
201:611:191:810;0;0;0;0;6.24;2.07;0;;0
201:611:191:910;0;0;0;0;6.11;2.14;0;;0
201:611:192:010;0;0;0;0;6.35;2.07;0;;0
201:611:192:110;0;0;0;0;6.34;1.52;0;;0
201:611:192:210;0;0;0;0;6.16;1.03;0;;0
201:611:192:310;0;0;0;0;5.88;0.83;0;;0
201:611:200:010;0;0;0;0;6.18;0.41;0;;0
201:611:200:110;0;0;0;0;5.53;0.9;0;;0
201:611:200:210;0;0;0;0;4.95;1.17;0;;0
201:611:200:310;0;0;0;0;4.96;1.24;0;;0
201:611:200:410;0;0;0;0;5.09;1.38;0;;0
201:611:200:510;0;0;0;0;5.34;1.38;0;;0
201:611:200:610;0;0;0;0;5.37;1.52;0;;0
201:611:200:710;0;26.02;0.59;8.59;5.51;1.52;0;;0.02661
201:611:200:810;0;31.4;0.72;14.96;6.04;1.66;0;;0.03212
201:611:200:910;0;54.73;1.25;19.4;6.63;2;0;;0.05598
201:611:201:010;0;72.68;1.65;21.48;6.97;2.21;0;;0.07433
201:611:201:110;0;64.6;1.47;20.99;7.08;2.34;0;;0.06607
201:611:201:210;4.71;95;2.19;17.97;7.26;2.76;0;;0.1019
201:611:201:310;10.49;72.82;1.7;12.74;7.34;2.62;0;;0.08501
201:611:201:410;0;31.05;0.76;5.76;7.06;2;0;;0.03181
201:611:201:510;0;0;0;0;6.79;1.86;0;;0
201:611:201:610;0;0;0;0;6.45;1.86;0;;0
201:611:201:710;0;0;0;0;6.36;1.86;0;;0
201:611:201:810;0;0;0;0;6.37;1.79;0;;0
201:611:201:910;0;0;0;0;5.91;1.72;0;;0
201:611:202:010;0;0;0;0;5.62;1.66;0;;0
201:611:202:110;0;0;0;0;5.34;1.59;0;;0
201:611:202:210;0;0;0;0;5.35;1.59;0;;0
201:611:202:310;0;0;0;0;5.55;1.59;0;;0
201:611:210:010;0;0;0;0;5.23;1.59;0;;0
201:611:210:110;0;0;0;0;4.48;1.59;0;;0
201:611:210:210;0;0;0;0;4.42;1.52;0;;0
201:611:210:310;0;0;0;0;3.99;1.66;0;;0
201:611:210:410;0;0;0;0;3.82;1.72;0;;0
201:611:210:510;0;0;0;0;3.7;1.72;0;;0
201:611:210:610;0;0;0;0;3.41;1.79;0;;0
201:611:210:710;197.83;84.5;2.02;8.36;3.73;1.86;0;;0.28435
201:611:210:810;296.58;140.82;4;14.73;4.56;1.93;0;;0.4414
201:611:210:910;187.87;175.48;4.56;19.16;5.47;2.07;0;;0.36791
201:611:211:010;303.13;197.12;5.72;21.25;6.26;2.14;0;;0.50597
201:611:211:110;92.33;168.98;4.19;20.77;6.91;2.14;0;;0.2655
201:611:211:210;477.47;123.93;5.64;17.77;7.25;2.14;0;;0.60704
201:611:211:310;302.5;101.25;3.62;12.56;7.34;2.14;0;;0.40737
201:611:211:410;0;24.33;0.59;5.6;6.93;1.86;0;;0.02492
201:611:211:510;0;0;0;0;6.08;1.72;0;;0
201:611:211:610;0;0;0;0;5.44;1.72;0;;0
201:611:211:710;0;0;0;0;4.86;1.72;0;;0
201:611:211:810;0;0;0;0;4.29;1.72;0;;0
201:611:211:910;0;0;0;0;4.02;1.66;0;;0
201:611:212:010;0;0;0;0;3.27;1.66;0;;0
201:611:212:110;0;0;0;0;2.69;1.66;0;;0
201:611:212:210;0;0;0;0;2.44;1.66;0;;0
201:611:212:310;0;0;0;0;2.08;1.66;0;;0
201:611:220:010;0;0;0;0;1.76;1.66;0;;0
201:611:220:110;0;0;0;0;1.68;1.66;0;;0
201:611:220:210;0;0;0;0;1.54;1.66;0;;0
201:611:220:310;0;0;0;0;1.06;1.66;0;;0
201:611:220:410;0;0;0;0;0.82;1.66;0;;0
201:611:220:510;0;0;0;0;0.32;1.72;0;;0
201:611:220:610;0;0;0;0;0.04;1.72;0;;0
201:611:220:710;243.63;81.83;2.08;8.14;1.4;1.66;0;;0.32754
201:611:220:810;431.26;120.93;4.39;14.5;3.93;1.72;0;;0.55658
201:611:220:910;553.44;137.69;6.09;18.93;5.3;1.86;0;;0.69722
201:611:221:010;577.78;148.78;6.8;21.03;6.73;1.93;0;;0.73336
201:611:221:110;569.88;138.6;6.7;20.56;7.83;2.07;0;;0.71518
201:611:221:210;481.62;123.54;5.62;17.58;8.45;2.07;0;;0.61078
201:611:221:310;316.85;99.19;3.64;12.4;8.38;2;0;;0.41968
201:611:221:410;0;24.33;0.59;5.45;7.39;1.66;0;;0.02492
201:611:221:510;0;0;0;0;5.72;1.72;0;;0
201:611:221:610;0;0;0;0;4.43;1.66;0;;0
201:611:221:710;0;0;0;0;3.53;1.66;0;;0
201:611:221:810;0;0;0;0;2.71;1.66;0;;0
201:611:221:910;0;0;0;0;1.98;1.52;0;;0
201:611:222:010;0;0;0;0;1.38;1.52;0;;0
201:611:222:110;0;0;0;0;0.8;1.52;0;;0
201:611:222:210;0;0;0;0;0.43;1.52;0;;0
201:611:222:310;0;0;0;0;0.18;1.52;0;;0
201:611:230:010;0;0;0;0;-0.08;1.59;0;;0
201:611:230:110;0;0;0;0;-0.17;1.59;0;;0
201:611:230:210;0;0;0;0;-0.17;1.52;0;;0
201:611:230:310;0;0;0;0;-0.16;1.52;0;;0
201:611:230:410;0;0;0;0;-0.25;1.52;0;;0
201:611:230:510;0;0;0;0;-0.36;1.52;0;;0
201:611:230:610;0;0;0;0;-0.28;1.59;0;;0
201:611:230:710;118.28;75.75;1.68;7.92;0.6;1.38;0;;0.19571
201:611:230:810;383.34;129.13;4.19;14.28;3.15;1.17;0;;0.51666
201:611:230:910;532.78;143.16;5.97;18.71;6.22;1.38;0;;0.68191
201:611:231:010;450.94;180.34;6.29;20.82;7.78;1.59;0;;0.63757
201:611:231:110;457;168.38;6.23;20.36;8.58;1.59;0;;0.63161
201:611:231:210;456.73;129.67;5.48;17.4;8.97;1.66;0;;0.59188
201:611:231:310;192.88;112.28;3.13;12.23;8.87;1.59;0;;0.30829
201:611:231:410;0;23.49;0.57;5.31;7.88;1.45;0;;0.02406
201:611:231:510;0;0;0;0;6.11;1.59;0;;0
201:611:231:610;0;0;0;0;4.6;1.52;0;;0
201:611:231:710;0;0;0;0;3.37;1.52;0;;0
201:611:231:810;0;0;0;0;2.27;1.45;0;;0
201:611:231:910;0;0;0;0;1.71;1.45;0;;0
201:611:232:010;0;0;0;0;1.15;1.45;0;;0
201:611:232:110;0;0;0;0;0.56;1.52;0;;0
201:611:232:210;0;0;0;0;0.28;1.45;0;;0
201:611:232:310;0;0;0;0;0.19;1.45;0;;0
201:611:240:010;0;0;0;0;0.26;1.45;0;;0
201:611:240:110;0;0;0;0;0.21;1.45;0;;0
201:611:240:210;0;0;0;0;0.09;1.45;0;;0
201:611:240:310;0;0;0;0;0.31;1.45;0;;0
201:611:240:410;0;0;0;0;0.64;1.38;0;;0
201:611:240:510;0;0;0;0;0.53;1.45;0;;0
201:611:240:610;0;0;0;0;0.88;1.38;0;;0
201:611:240:710;0;14.36;0.33;7.71;2.35;1.17;0;;0.01469
201:611:240:810;53.71;105.69;2.49;14.06;3.83;1.1;0;;0.16189
201:611:240:910;0;45.76;1.04;18.5;5.63;1.17;0;;0.0468
201:611:241:010;0;50.25;1.14;20.61;6.77;1.31;0;;0.05139
201:611:241:110;0;37.68;0.86;20.16;7.38;1.31;0;;0.03854
201:611:241:210;0;38.58;0.88;17.22;7.55;1.24;0;;0.03946
201:611:241:310;0;24.23;0.55;12.08;7.51;1.24;0;;0.02478
201:611:241:410;0;24.33;0.59;5.18;7.23;1.1;0;;0.02492
201:611:241:510;0;0;0;0;6.57;1.17;0;;0
201:611:241:610;0;0;0;0;6.05;1.1;0;;0
201:611:241:710;0;0;0;0;5.76;1.03;0;;0
201:611:241:810;0;0;0;0;5.62;0.97;0;;0
201:611:241:910;0;0;0;0;5.67;0.83;0;;0
201:611:242:010;0;0;0;0;5.56;0.9;0;;0
201:611:242:110;0;0;0;0;5.37;0.9;0;;0
201:611:242:210;0;0;0;0;5.33;0.83;0;;0
201:611:242:310;0;0;0;0;5.27;0.76;0;;0
201:611:250:010;0;0;0;0;5.19;0.76;0;;0
201:611:250:110;0;0;0;0;5.43;0.69;0;;0
201:611:250:210;0;0;0;0;5.51;0.69;0;;0
201:611:250:310;0;0;0;0;5.58;0.69;0;;0
201:611:250:410;0;0;0;0;5.59;0.69;0;;0
201:611:250:510;0;0;0;0;5.55;0.83;0;;0
201:611:250:610;0;0;0;0;5.64;0.9;0;;0
201:611:250:710;39.82;52.86;1.18;7.5;6.08;0.62;0;;0.09386
201:611:250:810;60.38;106.45;2.51;13.85;6.73;0.41;0;;0.16934
201:611:250:910;0;33.2;0.76;18.28;6.84;0.62;0;;0.03396
201:611:251:010;0;53.83;1.23;20.4;7.62;0.76;0;;0.05506
201:611:251:110;14.27;122.07;2.84;19.97;7.92;0.9;0;;0.13918
201:611:251:210;27.02;115.09;2.72;17.05;8.13;1.24;0;;0.14483
201:611:251:310;0;13.46;0.31;11.93;8.33;1.38;0;;0.01377
201:611:251:410;0;8.39;0.2;5.05;8.05;0.83;0;;0.00859
201:611:251:510;0;0;0;0;7.6;0.9;0;;0
201:611:251:610;0;0;0;0;7.24;0.83;0;;0
201:611:251:710;0;0;0;0;6.89;0.83;0;;0
201:611:251:810;0;0;0;0;6.57;0.9;0;;0
201:611:251:910;0;0;0;0;6.32;0.9;0;;0
201:611:252:010;0;0;0;0;6.24;0.9;0;;0
201:611:252:110;0;0;0;0;6;0.9;0;;0
201:611:252:210;0;0;0;0;5.52;0.97;0;;0
201:611:252:310;0;0;0;0;5.55;0.83;0;;0
201:611:260:010;0;0;0;0;5.72;0.69;0;;0
201:611:260:110;0;0;0;0;5.33;0.83;0;;0
201:611:260:210;0;0;0;0;4.98;0.9;0;;0
201:611:260:310;0;0;0;0;4.84;0.76;0;;0
201:611:260:410;0;0;0;0;4.95;0.48;0;;0
201:611:260:510;0;0;0;0;4.97;0.41;0;;0
201:611:260:610;0;0;0;0;5.02;0.21;0;;0
201:611:260:710;9.06;38.53;0.88;7.3;5.87;0.76;0;;0.04847
201:611:260:810;21.38;86.12;2;13.64;6.32;0.48;0;;0.1095
201:611:260:910;0;79.85;1.82;18.08;7.3;0.48;0;;0.08167
201:611:261:010;12.19;122.59;2.84;20.2;7.74;0.55;0;;0.13762
201:611:261:110;2.39;101.78;2.33;19.79;8.19;0.55;0;;0.1065
201:611:261:210;0;76.26;1.74;16.89;8.58;0.76;0;;0.078
201:611:261:310;2.81;55.17;1.27;11.79;8.56;0.97;0;;0.05925
201:611:261:410;0;20.98;0.51;4.92;8.21;0.69;0;;0.02149
201:611:261:510;0;0;0;0;7.43;0.83;0;;0
201:611:261:610;0;0;0;0;6.47;0.9;0;;0
201:611:261:710;0;0;0;0;5.65;0.9;0;;0
201:611:261:810;0;0;0;0;5.46;0.76;0;;0
201:611:261:910;0;0;0;0;4.67;0.28;0;;0
201:611:262:010;0;0;0;0;4.91;0.41;0;;0
201:611:262:110;0;0;0;0;4.83;0.62;0;;0
201:611:262:210;0;0;0;0;4.78;0.83;0;;0
201:611:262:310;0;0;0;0;4.85;1.03;0;;0
201:611:270:010;0;0;0;0;5;0.97;0;;0
201:611:270:110;0;0;0;0;5.04;0.97;0;;0
201:611:270:210;0;0;0;0;5.06;0.97;0;;0
201:611:270:310;0;0;0;0;5.04;0.97;0;;0
201:611:270:410;0;0;0;0;4.93;1.1;0;;0
201:611:270:510;0;0;0;0;4.9;1.17;0;;0
201:611:270:610;0;0;0;0;4.89;1.24;0;;0
201:611:270:710;0;20.64;0.47;7.09;4.81;1.72;0;;0.02111
201:611:270:810;126.67;122.9;2.94;13.44;4.82;2.14;0;;0.25251
201:611:270:910;229.37;172.84;4.54;17.88;4.75;2.41;0;;0.40675
201:611:271:010;112.98;171.02;4.23;20.01;4.91;2.62;0;;0.28823
201:611:271:110;21.7;129.18;3.02;19.61;4.81;2.48;0;;0.1539
201:611:271:210;34.94;117.88;2.8;16.73;4.55;2.55;0;;0.15562
201:611:271:310;14.19;69.15;1.61;11.65;4.28;2.76;0;;0.08495
201:611:271:410;0;21.82;0.53;4.81;3.67;2.83;0;;0.02235
201:611:271:510;0;0;0;0;2.83;3.1;0;;0
201:611:271:610;0;0;0;0;2.04;2.62;0;;0
201:611:271:710;0;0;0;0;1.63;2.55;0;;0
201:611:271:810;0;0;0;0;1.33;2.55;0;;0
201:611:271:910;0;0;0;0;0.56;2.76;0;;0
201:611:272:010;0;0;0;0;0.14;2.62;0;;0
201:611:272:110;0;0;0;0;-0.16;2.69;0;;0
201:611:272:210;0;0;0;0;-0.54;2.69;0;;0
201:611:272:310;0;0;0;0;-0.98;2.62;0;;0
201:611:280:010;0;0;0;0;-1.32;2.14;0;;0
201:611:280:110;0;0;0;0;-1.14;2.28;0;;0
201:611:280:210;0;0;0;0;-1.41;2.28;0;;0
201:611:280:310;0;0;0;0;-1.86;2.55;0;;0
201:611:280:410;0;0;0;0;-1.97;2.55;0;;0
201:611:280:510;0;0;0;0;-2.28;2.76;0;;0
201:611:280:610;0;0;0;0;-2.38;2.76;0;;0
201:611:280:710;232.67;78.27;1.78;6.9;-1.97;3.03;0;;0.31272
201:611:280:810;421.87;124.68;4.11;13.24;-1.55;3.45;0;;0.55066
201:611:280:910;566.1;139.68;5.9;17.68;-1.11;3.52;0;;0.71168
201:611:281:010;153.33;184.26;4.62;19.83;-0.8;3.79;0;;0.34221
201:611:281:110;555.95;150.31;6.48;19.44;-0.49;4.21;0;;0.71274
201:611:281:210;437.5;140.88;5.29;16.58;-0.41;4.14;0;;0.58367
201:611:281:310;255.22;109.86;3.25;11.52;-0.63;4;0;;0.36833
201:611:281:410;0;20.14;0.49;4.7;-1.04;2.97;0;;0.02063
201:611:281:510;0;0;0;0;-1.67;2.34;0;;0
201:611:281:610;0;0;0;0;-2.24;0;0;;0
201:611:281:710;0;0;0;0;-2.35;0;0;;0
201:611:281:810;0;0;0;0;-2.38;2.55;0;;0
201:611:281:910;0;0;0;0;-2.53;2.9;0;;0
201:611:282:010;0;0;0;0;-2.78;2.83;0;;0
201:611:282:110;0;0;0;0;-2.97;2.69;0;;0
201:611:282:210;0;0;0;0;-3.18;2.48;0;;0
201:611:282:310;0;0;0;0;-3.49;2.41;0;;0
201:611:290:010;0;0;0;0;-3.93;2.28;0;;0
201:611:290:110;0;0;0;0;-4.78;2.21;0;;0
201:611:290:210;0;0;0;0;-5.12;2.14;0;;0
201:611:290:310;0;0;0;0;-5.32;2.14;0;;0
201:611:290:410;0;0;0;0;-5.4;2.14;0;;0
201:611:290:510;0;0;0;0;-5.57;2.07;0;;0
201:611:290:610;0;0;0;0;-5.51;2.07;0;;0
201:611:290:710;170.21;74.62;1.57;6.71;-4.76;2.14;0;;0.2464
201:611:290:810;376.08;129.56;3.9;13.05;-3.66;2.07;0;;0.50954
201:611:290:910;16.07;110.06;2.55;17.49;-2.7;2.14;0;;0.12868
201:611:291:010;0;46.66;1.06;19.65;-2.13;2.28;0;;0.04772
201:611:291:110;0;37.68;0.86;19.28;-1.65;2.34;0;;0.03854
201:611:291:210;12.66;102.11;2.37;16.44;-1.28;2.55;0;;0.11714
201:611:291:310;98.47;101.09;2.47;11.4;-1.32;2.9;0;;0.20203
201:611:291:410;0;23.49;0.57;4.6;-1.72;2.76;0;;0.02406
201:611:291:510;0;0;0;0;-2.45;2.55;0;;0
201:611:291:610;0;0;0;0;-2.93;2.41;0;;0
201:611:291:710;0;0;0;0;-3.16;2.34;0;;0
201:611:291:810;0;0;0;0;-3.16;2.07;0;;0
201:611:291:910;0;0;0;0;-3.1;2;0;;0
201:611:292:010;0;0;0;0;-3.42;1.79;0;;0
201:611:292:110;0;0;0;0;-3.86;1.72;0;;0
201:611:292:210;0;0;0;0;-4.13;1.59;0;;0
201:611:292:310;0;0;0;0;-4.12;1.52;0;;0
201:611:300:010;0;0;0;0;-3.89;1.31;0;;0
201:611:300:110;0;0;0;0;-3.84;1.17;0;;0
201:611:300:210;0;0;0;0;-3.82;1.1;0;;0
201:611:300:310;0;0;0;0;-4;1.17;0;;0
201:611:300:410;0;0;0;0;-3.94;1.17;0;;0
201:611:300:510;0;0;0;0;-3.75;1.1;0;;0
201:611:300:610;0;0;0;0;-3.63;1.03;0;;0
201:611:300:710;0;33.56;0.82;6.52;-3.74;1.03;0;;0.03438
201:611:300:810;111.85;117.27;2.76;12.86;-2.04;1.03;0;;0.23188
201:611:300:910;21.6;113.12;2.64;17.31;-0.71;1.31;0;;0.13736
201:611:301:010;2.51;94.61;2.17;19.48;0.21;1.59;0;;0.09929
201:611:301:110;0;43.96;1;19.12;0.37;1.72;0;;0.04496
201:611:301:210;20.41;106.49;2.49;16.3;0.29;1.66;0;;0.12939
201:611:301:310;2.92;57.03;1.31;11.28;-0.01;1.59;0;;0.06126
201:611:301:410;0;22.66;0.55;4.5;-0.63;1.52;0;;0.02321
201:611:301:510;0;0;0;0;-1.66;1.45;0;;0
201:611:301:610;0;0;0;0;-2.49;1.38;0;;0
201:611:301:710;0;0;0;0;-3.25;1.38;0;;0
201:611:301:810;0;0;0;0;-3.42;1.45;0;;0
201:611:301:910;0;0;0;0;-3.03;1.52;0;;0
201:611:302:010;0;0;0;0;-2.47;1.72;0;;0
201:611:302:110;0;0;0;0;-2.42;1.79;0;;0
201:611:302:210;0;0;0;0;-2.3;2.34;0;;0
201:611:302:310;0;0;0;0;-2.22;2.34;0;;0
201:612:010:010;0;0;0;0;-2.26;2;0;;0
201:612:010:110;0;0;0;0;-2.4;2.14;0;;0
201:612:010:210;0;0;0;0;-2.69;1.86;0;;0
201:612:010:310;0;0;0;0;-2.52;1.86;0;;0
201:612:010:410;0;0;0;0;-2.46;1.79;0;;0
201:612:010:510;0;0;0;0;-2.38;1.79;0;;0
201:612:010:610;0;0;0;0;-2.28;1.72;0;;0
201:612:010:710;0;30.21;0.74;6.34;-1.83;1.79;0;;0.03095
201:612:010:810;12.92;76.23;1.76;12.68;-1.12;1.93;0;;0.09091
201:612:010:910;38.08;124.41;2.92;17.14;-0.43;1.86;0;;0.16541
201:612:011:010;60.53;150.43;3.6;19.31;0.39;2.62;0;;0.21456
201:612:011:110;113.82;165.16;4.09;18.98;1;3.31;0;;0.28307
201:612:011:210;77.04;132.85;3.23;16.17;0.97;3.17;0;;0.21312
201:612:011:310;38.36;81.25;1.92;11.18;0.66;2.83;0;;0.12153
201:612:011:410;0;22.66;0.55;4.41;0.02;1.59;0;;0.02321
201:612:011:510;0;0;0;0;-0.31;2.14;0;;0
201:612:011:610;0;0;0;0;-0.32;2.14;0;;0
201:612:011:710;0;0;0;0;-0.34;2.21;0;;0
201:612:011:810;0;0;0;0;-0.24;2.34;0;;0
201:612:011:910;0;0;0;0;0.12;2.62;0;;0
201:612:012:010;0;0;0;0;0.25;2.76;0;;0
201:612:012:110;0;0;0;0;0.36;3.1;0;;0
201:612:012:210;0;0;0;0;0.53;3.31;0;;0
201:612:012:310;0;0;0;0;0.54;3.38;0;;0
201:612:020:010;0;0;0;0;0.53;3.59;0;;0
201:612:020:110;0;0;0;0;1.17;3.72;0;;0
201:612:020:210;0;0;0;0;1.22;3.86;0;;0
201:612:020:310;0;0;0;0;1.3;3.93;0;;0
201:612:020:410;0;0;0;0;1.37;4.14;0;;0
201:612:020:510;0;0;0;0;1.37;4;0;;0
201:612:020:610;0;0;0;0;1.29;4.34;0;;0
201:612:020:710;0;31.89;0.78;6.16;1.29;5.45;0;;0.03267
201:612:020:810;156.74;123.12;2.92;12.51;1.16;5.38;0;;0.28278
201:612:020:910;147.98;159.08;3.9;16.97;0.95;4.9;0;;0.31096
201:612:021:010;332.44;188.42;5.41;19.15;1;5.45;0;;0.52627
201:612:021:110;443.04;168.64;5.82;18.83;0.85;5.31;0;;0.6175
201:612:021:210;227.46;155.14;4.21;16.05;0.85;4.69;0;;0.38681
201:612:021:310;86.32;96.73;2.33;11.07;0.5;4.07;0;;0.18538
201:612:021:410;0;18.46;0.45;4.33;-0.29;4.14;0;;0.01891
201:612:021:510;0;0;0;0;-1.04;3.31;0;;0
201:612:021:610;0;0;0;0;-1.52;2.69;0;;0
201:612:021:710;0;0;0;0;-1.65;2.69;0;;0
201:612:021:810;0;0;0;0;-1.69;2.83;0;;0
201:612:021:910;0;0;0;0;-1.54;2.97;0;;0
201:612:022:010;0;0;0;0;-1.73;2.9;0;;0
201:612:022:110;0;0;0;0;-2.21;2.97;0;;0
201:612:022:210;0;0;0;0;-2.59;2.55;0;;0
201:612:022:310;0;0;0;0;-3.2;2.28;0;;0
201:612:030:010;0;0;0;0;-3.33;2.21;0;;0
201:612:030:110;0;0;0;0;-3.79;2.07;0;;0
201:612:030:210;0;0;0;0;-4.15;2;0;;0
201:612:030:310;0;0;0;0;-4.38;1.86;0;;0
201:612:030:410;0;0;0;0;-4.95;1.86;0;;0
201:612:030:510;0;0;0;0;-5.18;1.86;0;;0
201:612:030:610;0;0;0;0;-5.49;1.93;0;;0
201:612:030:710;0;33.56;0.82;5.99;-5.4;2.62;0;;0.03438
201:612:030:810;518.1;97.46;4.11;12.34;-3.58;2.9;0;;0.61967
201:612:030:910;402.96;168.23;5.11;16.8;-2;2.97;0;;0.5763
201:612:031:010;160.83;181.28;4.52;19;-0.85;3.52;0;;0.34663
201:612:031:110;30.04;132.21;3.11;18.7;-0.37;3.24;0;;0.16536
201:612:031:210;106.64;143.52;3.51;15.93;-0.32;2.76;0;;0.25367
201:612:031:310;93.04;98.57;2.37;10.98;-0.38;2.41;0;;0.19398
201:612:031:410;0;20.98;0.51;4.26;-1.04;1.86;0;;0.02149
201:612:031:510;0;0;0;0;-3.06;1.59;0;;0
201:612:031:610;0;0;0;0;-3.4;1.38;0;;0
201:612:031:710;0;0;0;0;-2.23;1.31;0;;0
201:612:031:810;0;0;0;0;-2.11;1.17;0;;0
201:612:031:910;0;0;0;0;-2.09;1.38;0;;0
201:612:032:010;0;0;0;0;-2.18;1.38;0;;0
201:612:032:110;0;0;0;0;-2.34;1.31;0;;0
201:612:032:210;0;0;0;0;-2.5;1.17;0;;0
201:612:032:310;0;0;0;0;-2.61;1.17;0;;0
201:612:040:010;0;0;0;0;-2.71;0;0;;0
201:612:040:110;0;0;0;0;-2.54;0;0;;0
201:612:040:210;0;0;0;0;-2.64;1.03;0;;0
201:612:040:310;0;0;0;0;-2.7;1.03;0;;0
201:612:040:410;0;0;0;0;-2.93;1.03;0;;0
201:612:040:510;0;0;0;0;-2.93;1.03;0;;0
201:612:040:610;0;0;0;0;-2.96;1.03;0;;0
201:612:040:710;0;31.05;0.76;5.83;-3.46;1.1;0;;0.03181
201:612:040:810;293.4;129.85;3.39;12.17;-2.54;0.9;0;;0.42664
201:612:040:910;564.18;131.58;5.56;16.65;-0.98;0.9;0;;0.70132
201:612:041:010;657.29;123.56;6.56;18.85;0.5;0.9;0;;0.78741
201:612:041:110;631.75;121.4;6.46;18.57;0.1;0.9;0;;0.75961
201:612:041:210;549.47;104.57;5.41;15.83;0.37;0.9;0;;0.65945
201:612:041:310;353.92;90.81;3.37;10.89;1.48;0.76;0;;0.4481
201:612:041:410;0;19.3;0.47;4.19;0.85;0.83;0;;0.01977
201:612:041:510;0;0;0;0;0.26;0.83;0;;0
201:612:041:610;0;0;0;0;-0.62;0.97;0;;0
201:612:041:710;0;0;0;0;-1.42;1.03;0;;0
201:612:041:810;0;0;0;0;-1.95;0.9;0;;0
201:612:041:910;0;0;0;0;-2.99;1.03;0;;0
201:612:042:010;0;0;0;0;-3.23;1.1;0;;0
201:612:042:110;0;0;0;0;-3.37;1.17;0;;0
201:612:042:210;0;0;0;0;-3.51;1.1;0;;0
201:612:042:310;0;0;0;0;-3.62;1.1;0;;0
201:612:050:010;0;0;0;0;-3.77;1.1;0;;0
201:612:050:110;0;0;0;0;-4.45;1.03;0;;0
201:612:050:210;0;0;0;0;-4.4;1.03;0;;0
201:612:050:310;0;0;0;0;-4.42;1.1;0;;0
201:612:050:410;0;0;0;0;-4.57;1.1;0;;0
201:612:050:510;0;0;0;0;-4.78;1.1;0;;0
201:612:050:610;0;0;0;0;-4.96;1.1;0;;0
201:612:050:710;0;25.17;0.61;5.67;-6.07;1.1;0;;0.02578
201:612:050:810;363.72;122.79;3.55;12.01;-4.39;0.55;0;;0.49006
201:612:050:910;377.72;165.23;4.88;16.5;-2.22;0.76;0;;0.54783
201:612:051:010;586.05;144.46;6.27;18.72;-2.21;1.03;0;;0.73678
201:612:051:110;541.44;146.38;6.09;18.45;-0.39;1.17;0;;0.69391
201:612:051:210;494.7;119.68;5.19;15.72;-0.51;1.17;0;;0.61957
201:612:051:310;383.98;83.33;3.43;10.81;-0.6;1.17;0;;0.47074
201:612:051:410;0;15.1;0.37;4.13;-1.78;1.17;0;;0.01547
201:612:051:510;0;0;0;0;-3.39;1.17;0;;0
201:612:051:610;0;0;0;0;-3;0;0;;0
201:612:051:710;0;0;0;0;-2.76;0;0;;0
201:612:051:810;0;0;0;0;-2.83;0.83;0;;0
201:612:051:910;0;0;0;0;-2.89;0.69;0;;0
201:612:052:010;0;0;0;0;-2.97;0.76;0;;0
201:612:052:110;0;0;0;0;-3.09;0.83;0;;0
201:612:052:210;0;0;0;0;-3.29;0.97;0;;0
201:612:052:310;0;0;0;0;-3.5;0.97;0;;0
201:612:060:010;0;0;0;0;-3.6;1.03;0;;0
201:612:060:110;0;0;0;0;-4.06;1.1;0;;0
201:612:060:210;0;0;0;0;-4.04;1.17;0;;0
201:612:060:310;0;0;0;0;-4.93;1.31;0;;0
201:612:060:410;0;0;0;0;-6.05;1.45;0;;0
201:612:060:510;0;0;0;0;-6.24;1.45;0;;0
201:612:060:610;0;0;0;0;-6.31;1.52;0;;0
201:612:060:710;0;20.14;0.49;5.51;-6.64;1.79;0;;0.02063
201:612:060:810;455.71;103.7;3.74;11.86;-5.61;1.86;0;;0.56315
201:612:060:910;574.49;122.67;5.46;16.35;-3.42;1.79;0;;0.70262
201:612:061:010;661.83;119.39;6.48;18.58;-1.62;1.72;0;;0.7877
201:612:061:110;638.21;115.48;6.37;18.34;-0.5;1.86;0;;0.76006
201:612:061:210;523.8;108.59;5.23;15.63;-0.25;2.07;0;;0.63762
201:612:061:310;374.38;84.58;3.37;10.74;-0.5;1.86;0;;0.46233
201:612:061:410;0;15.94;0.39;4.07;-1.24;1.72;0;;0.01633
201:612:061:510;0;0;0;0;-2.65;1.59;0;;0
201:612:061:610;0;0;0;0;-3.88;1.38;0;;0
201:612:061:710;0;0;0;0;-4.04;1.31;0;;0
201:612:061:810;0;0;0;0;-4.05;1.31;0;;0
201:612:061:910;0;0;0;0;-5.36;1.52;0;;0
201:612:062:010;0;0;0;0;-5.01;1.45;0;;0
201:612:062:110;0;0;0;0;-4.95;1.45;0;;0
201:612:062:210;0;0;0;0;-5.06;1.45;0;;0
201:612:062:310;0;0;0;0;-4.76;1.38;0;;0
201:612:070:010;0;0;0;0;-4.93;1.38;0;;0
201:612:070:110;0;0;0;0;-4.97;1.38;0;;0
201:612:070:210;0;0;0;0;-4.3;1.31;0;;0
201:612:070:310;0;0;0;0;-3.87;1.24;0;;0
201:612:070:410;0;0;0;0;-3.77;1.24;0;;0
201:612:070:510;0;0;0;0;-4.09;1.17;0;;0
201:612:070:610;0;0;0;0;-4.43;1.1;0;;0
201:612:070:710;0;30.21;0.74;5.36;-5.17;1.1;0;;0.03095
201:612:070:810;147.63;117.26;2.72;11.72;-3.56;0.62;0;;0.26761
201:612:070:910;306.04;167.7;4.54;16.21;-1.64;0.69;0;;0.47828
201:612:071:010;104.34;163.02;3.94;18.46;-1.47;1.38;0;;0.2713
201:612:071:110;51.09;141.12;3.35;18.23;-0.77;1.66;0;;0.19556
201:612:071:210;79.76;131.3;3.17;15.55;-0.91;1.72;0;;0.21423
201:612:071:310;55.59;85.85;2.02;10.67;-1.08;1.52;0;;0.14346
201:612:071:410;0;15.94;0.39;4.02;-1.47;1.24;0;;0.01633
201:612:071:510;0;0;0;0;-1.95;1.1;0;;0
201:612:071:610;0;0;0;0;-2.47;1.03;0;;0
201:612:071:710;0;0;0;0;-2.84;1.17;0;;0
201:612:071:810;0;0;0;0;-3.78;1.1;0;;0
201:612:071:910;0;0;0;0;-3.84;1.03;0;;0
201:612:072:010;0;0;0;0;-3.37;1.1;0;;0
201:612:072:110;0;0;0;0;-3.27;1.1;0;;0
201:612:072:210;0;0;0;0;-3.92;1.24;0;;0
201:612:072:310;0;0;0;0;-4.67;1.31;0;;0
201:612:080:010;0;0;0;0;-4.78;1.38;0;;0
201:612:080:110;0;0;0;0;-4.18;1.31;0;;0
201:612:080:210;0;0;0;0;-3.82;1.31;0;;0
201:612:080:310;0;0;0;0;-3.68;1.31;0;;0
201:612:080:410;0;0;0;0;-3.53;1.17;0;;0
201:612:080:510;0;0;0;0;-3.4;1.31;0;;0
201:612:080:610;0;0;0;0;-3.42;1.17;0;;0
201:612:080:710;0;4.2;0.1;5.22;-3.64;1.31;0;;0.0043
201:612:080:810;107.41;104.12;2.41;11.58;-3.35;1.38;0;;0.21394
201:612:080:910;79.82;133.25;3.17;16.08;-2.84;1.38;0;;0.21624
201:612:081:010;152.02;168.18;4.19;18.34;-1.84;1.45;0;;0.32439
201:612:081:110;302.79;174.85;4.99;18.13;-1.11;1.45;0;;0.48263
201:612:081:210;406.03;130.33;4.7;15.47;-0.46;1.45;0;;0.54106
201:612:081:310;83.89;90.39;2.17;10.62;-0.38;1.31;0;;0.17645
201:612:081:410;0;18.46;0.45;3.98;-1.17;1.24;0;;0.01891
201:612:081:510;0;0;0;0;-2.52;1.31;0;;0
201:612:081:610;0;0;0;0;-3.57;1.24;0;;0
201:612:081:710;0;0;0;0;-4.09;1.24;0;;0
201:612:081:810;0;0;0;0;-4.16;1.31;0;;0
201:612:081:910;0;0;0;0;-4.37;1.24;0;;0
201:612:082:010;0;0;0;0;-4.37;1.31;0;;0
201:612:082:110;0;0;0;0;-4.63;1.38;0;;0
201:612:082:210;0;0;0;0;-4.92;1.45;0;;0
201:612:082:310;0;0;0;0;-4.51;1.38;0;;0
201:612:090:010;0;0;0;0;-4.25;1.38;0;;0
201:612:090:110;0;0;0;0;-3.59;1.38;0;;0
201:612:090:210;0;0;0;0;-3.59;1.52;0;;0
201:612:090:310;0;0;0;0;-3;1.59;0;;0
201:612:090:410;0;0;0;0;-2.48;1.24;0;;0
201:612:090:510;0;0;0;0;-2.65;1.31;0;;0
201:612:090:610;0;0;0;0;-3.4;1.38;0;;0
201:612:090:710;0;21.82;0.53;5.08;-4.44;1.31;0;;0.02235
201:612:090:810;409;104.13;3.43;11.44;-1.41;1.03;0;;0.51656
201:612:090:910;550.44;119.97;5.19;15.96;0;1.24;0;;0.6756
201:612:091:010;584.5;131.99;6.01;18.23;0.12;1.59;0;;0.7225
201:612:091:110;33.5;127.6;3;18.04;2.49;1.79;0;;0.1641
201:612:091:210;5.37;82.6;1.9;15.39;2.62;1.72;0;;0.08987
201:612:091:310;0;38.58;0.88;10.56;2.09;1.59;0;;0.03946
201:612:091:410;0;9.23;0.22;3.95;1.5;1.66;0;;0.00945
201:612:091:510;0;0;0;0;0.86;1.59;0;;0
201:612:091:610;0;0;0;0;0.51;1.52;0;;0
201:612:091:710;0;0;0;0;0.29;1.38;0;;0
201:612:091:810;0;0;0;0;0.21;1.31;0;;0
201:612:091:910;0;0;0;0;-0.12;1.38;0;;0
201:612:092:010;0;0;0;0;-0.17;1.45;0;;0
201:612:092:110;0;0;0;0;-0.16;1.45;0;;0
201:612:092:210;0;0;0;0;-0.1;1.38;0;;0
201:612:092:310;0;0;0;0;-0.17;1.52;0;;0
201:612:100:010;0;0;0;0;-0.14;1.52;0;;0
201:612:100:110;0;0;0;0;-0.37;1.38;0;;0
201:612:100:210;0;0;0;0;-0.38;1.38;0;;0
201:612:100:310;0;0;0;0;-0.37;1.45;0;;0
201:612:100:410;0;0;0;0;-0.32;1.45;0;;0
201:612:100:510;0;0;0;0;-0.46;1.38;0;;0
201:612:100:610;0;0;0;0;-0.56;1.31;0;;0
201:612:100:710;0;25.17;0.61;4.94;-0.34;1.24;0;;0.02578
201:612:100:810;74.04;94.3;2.17;11.32;0.4;1.17;0;;0.17051
201:612:100:910;0;57.42;1.31;15.84;0.96;1.1;0;;0.05873
201:612:101:010;288.21;176.72;4.86;18.13;1.65;1.17;0;;0.46979
201:612:101:110;56.91;138.77;3.31;17.96;2.11;1.24;0;;0.19899
201:612:101:210;67.34;122.43;2.94;15.33;2.43;1.31;0;;0.19271
201:612:101:310;153.82;98.89;2.49;10.52;2.41;1.31;0;;0.2552
201:612:101:410;0;19.3;0.47;3.92;2.09;1.38;0;;0.01977
201:612:101:510;0;0;0;0;1.55;1.45;0;;0
201:612:101:610;0;0;0;0;1.07;1.38;0;;0
201:612:101:710;0;0;0;0;0.8;1.31;0;;0
201:612:101:810;0;0;0;0;0.7;1.31;0;;0
201:612:101:910;0;0;0;0;0.14;1.24;0;;0
201:612:102:010;0;0;0;0;0.02;1.24;0;;0
201:612:102:110;0;0;0;0;-0.01;1.31;0;;0
201:612:102:210;0;0;0;0;-0.1;1.31;0;;0
201:612:102:310;0;0;0;0;-0.21;1.31;0;;0
201:612:110:010;0;0;0;0;-0.61;1.24;0;;0
201:612:110:110;0;0;0;0;-0.7;1.1;0;;0
201:612:110:210;0;0;0;0;-0.64;0.97;0;;0
201:612:110:310;0;0;0;0;-0.43;0.83;0;;0
201:612:110:410;0;0;0;0;-0.47;0.83;0;;0
201:612:110:510;0;0;0;0;-0.43;0.83;0;;0
201:612:110:610;0;0;0;0;-0.29;0.76;0;;0
201:612:110:710;0;26.01;0.63;4.82;0.07;0.76;0;;0.02664
201:612:110:810;234.59;118.17;2.88;11.2;0.84;1.03;0;;0.35564
201:612:110:910;84.02;131.63;3.13;15.73;2.09;1.38;0;;0.21878
201:612:111:010;84.95;150.54;3.62;18.04;2.55;1.72;0;;0.23911
201:612:111:110;225.85;174.08;4.58;17.88;3.01;1.93;0;;0.40451
201:612:111:210;0;46.66;1.06;15.27;3.2;1.93;0;;0.04772
201:612:111:310;0;12.56;0.29;10.48;3.16;2.14;0;;0.01285
201:612:111:410;0;18.46;0.45;3.9;2.99;2.28;0;;0.01891
201:612:111:510;0;0;0;0;3.19;2.76;0;;0
201:612:111:610;0;0;0;0;3.88;3.72;0;;0
201:612:111:710;0;0;0;0;4.07;4.41;0;;0
201:612:111:810;0;0;0;0;3.4;4.34;0;;0
201:612:111:910;0;0;0;0;3.33;4.07;0;;0
201:612:112:010;0;0;0;0;2.85;3.52;0;;0
201:612:112:110;0;0;0;0;2.57;3.17;0;;0
201:612:112:210;0;0;0;0;2.35;3.03;0;;0
201:612:112:310;0;0;0;0;2.12;2.9;0;;0
201:612:120:010;0;0;0;0;1.98;2.69;0;;0
201:612:120:110;0;0;0;0;1.97;2.41;0;;0
201:612:120:210;0;0;0;0;1.65;2.21;0;;0
201:612:120:310;0;0;0;0;1.3;1.93;0;;0
201:612:120:410;0;0;0;0;1.16;1.86;0;;0
201:612:120:510;0;0;0;0;0.97;1.86;0;;0
201:612:120:610;0;0;0;0;0.91;1.79;0;;0
201:612:120:710;0;18.46;0.45;4.7;1.17;1.79;0;;0.01891
201:612:120:810;17.91;71.24;1.63;11.08;1.72;2.21;0;;0.09078
201:612:120:910;23.29;104.69;2.43;15.63;2.23;2.21;0;;0.13041
201:612:121:010;239.8;180.16;4.68;17.95;2.33;2.55;0;;0.42464
201:612:121:110;599.03;121.59;6.03;17.81;2.53;3.1;0;;0.72665
201:612:121:210;62.39;122.43;2.92;15.23;2.73;3.45;0;;0.18774
201:612:121:310;288;98.3;3;10.45;2.5;3.17;0;;0.3893
201:612:121:410;0;14.26;0.35;3.89;1.68;3.52;0;;0.01461
201:612:121:510;0;0;0;0;0.15;3.52;0;;0
201:612:121:610;0;0;0;0;-0.79;3.59;0;;0
201:612:121:710;0;0;0;0;-1.61;3.72;0;;0
201:612:121:810;0;0;0;0;-2.24;3.45;0;;0
201:612:121:910;0;0;0;0;-3.46;3.24;0;;0
201:612:122:010;0;0;0;0;-4.21;2.48;0;;0
201:612:122:110;0;0;0;0;-4.65;2.14;0;;0
201:612:122:210;0;0;0;0;-5.07;1.86;0;;0
201:612:122:310;0;0;0;0;-5.59;1.72;0;;0
201:612:130:010;0;0;0;0;-6.07;1.66;0;;0
201:612:130:110;0;0;0;0;-6.76;1.52;0;;0
201:612:130:210;0;0;0;0;-7.04;1.52;0;;0
201:612:130:310;0;0;0;0;-6.98;1.52;0;;0
201:612:130:410;0;0;0;0;-6.74;1.38;0;;0
201:612:130:510;0;0;0;0;-6.5;1.24;0;;0
201:612:130:610;0;0;0;0;-5.73;0.9;0;;0
201:612:130:710;0;25.17;0.61;4.58;-5.14;0.55;0;;0.02578
201:612:130:810;331.98;121.96;3.21;10.98;-4.9;0.55;0;;0.45715
201:612:130:910;561.42;129.34;5.25;15.53;-3.81;0.83;0;;0.69601
201:612:131:010;593.53;144.06;6.11;17.87;-2.97;1.1;0;;0.7437
201:612:131:110;595.59;134.62;6.13;17.75;-2.57;1.31;0;;0.73634
201:612:131:210;574.01;100.11;5.33;15.18;-2.72;1.52;0;;0.67945
201:612:131:310;371.49;90.05;3.31;10.43;-3.22;1.72;0;;0.46485
201:612:131:410;0;15.1;0.37;3.88;-4.28;1.45;0;;0.01547
201:612:131:510;0;0;0;0;-6.14;1.17;0;;0
201:612:131:610;0;0;0;0;-4.93;0.9;0;;0
201:612:131:710;0;0;0;0;-5.17;0.76;0;;0
201:612:131:810;0;0;0;0;-5.53;0.83;0;;0
201:612:131:910;0;0;0;0;-5.35;1.03;0;;0
201:612:132:010;0;0;0;0;-5.42;1.03;0;;0
201:612:132:110;0;0;0;0;-5.35;0.97;0;;0
201:612:132:210;0;0;0;0;-5.23;0.97;0;;0
201:612:132:310;0;0;0;0;-5.09;0.9;0;;0
201:612:140:010;0;0;0;0;-5.03;0.97;0;;0
201:612:140:110;0;0;0;0;-5.15;1.03;0;;0
201:612:140:210;0;0;0;0;-5.05;0.9;0;;0
201:612:140:310;0;0;0;0;-5.13;0.9;0;;0
201:612:140:410;0;0;0;0;-5.14;0.76;0;;0
201:612:140:510;0;0;0;0;-5.08;0.83;0;;0
201:612:140:610;0;0;0;0;-5.03;0.83;0;;0
201:612:140:710;0;21.82;0.53;4.47;-5.01;0.83;0;;0.02235
201:612:140:810;25.43;72.05;1.65;10.87;-5.32;0.83;0;;0.09913
201:612:140:910;0;68.19;1.55;15.44;-4.54;1.1;0;;0.06974
201:612:141:010;0;74.47;1.7;17.8;-3.48;1.24;0;;0.07617
201:612:141:110;36.67;127.53;3;17.69;-2.88;1.38;0;;0.1672
201:612:141:210;32.73;107.77;2.53;15.15;-2.45;1.38;0;;0.14303
201:612:141:310;0;44.86;1.02;10.41;-2.4;1.45;0;;0.04588
201:612:141:410;0;19.3;0.47;3.88;-2.44;1.52;0;;0.01977
201:612:141:510;0;0;0;0;-3.01;1.52;0;;0
201:612:141:610;0;0;0;0;-3.5;1.59;0;;0
201:612:141:710;0;0;0;0;-3.9;1.52;0;;0
201:612:141:810;0;0;0;0;-3.67;1.52;0;;0
201:612:141:910;0;0;0;0;-4.27;1.38;0;;0
201:612:142:010;0;0;0;0;-4.41;1.38;0;;0
201:612:142:110;0;0;0;0;-4.03;1.52;0;;0
201:612:142:210;0;0;0;0;-4.02;1.59;0;;0
201:612:142:310;0;0;0;0;-4.16;1.45;0;;0
201:612:150:010;0;0;0;0;-4.39;1.38;0;;0
201:612:150:110;0;0;0;0;-4.36;1.38;0;;0
201:612:150:210;0;0;0;0;-4.02;1.31;0;;0
201:612:150:310;0;0;0;0;-3.66;1.24;0;;0
201:612:150:410;0;0;0;0;-3.48;1.17;0;;0
201:612:150:510;0;0;0;0;-3.91;1.24;0;;0
201:612:150:610;0;0;0;0;-4.06;1.31;0;;0
201:612:150:710;0;16.78;0.41;4.37;-3.95;1.24;0;;0.01719
201:612:150:810;431.54;100.77;3.35;10.78;-2.04;1.03;0;;0.53566
201:612:150:910;595.38;111.69;5.23;15.36;-1.63;1.1;0;;0.7123
201:612:151:010;656.21;114.75;6.17;17.73;0.8;1.31;0;;0.77713
201:612:151:110;627.47;115.58;6.11;17.65;1.48;1.31;0;;0.74916
201:612:151:210;511.13;111.64;5.03;15.12;1.51;1.31;0;;0.6278
201:612:151:310;363.71;87.22;3.23;10.41;1.15;1.17;0;;0.45416
201:612:151:410;0;16.78;0.41;3.89;0.58;1.24;0;;0.01719
201:612:151:510;0;0;0;0;-1.41;1.31;0;;0
201:612:151:610;0;0;0;0;-2.41;1.38;0;;0
201:612:151:710;0;0;0;0;-2.85;1.38;0;;0
201:612:151:810;0;0;0;0;-2.68;1.38;0;;0
201:612:151:910;0;0;0;0;-1.57;1.24;0;;0
201:612:152:010;0;0;0;0;-1.67;1.1;0;;0
201:612:152:110;0;0;0;0;-1.58;0.97;0;;0
201:612:152:210;0;0;0;0;-1.52;0.76;0;;0
201:612:152:310;0;0;0;0;-1.58;0.62;0;;0
201:612:160:010;0;0;0;0;-1.7;0.69;0;;0
201:612:160:110;0;0;0;0;-2.33;0.69;0;;0
201:612:160:210;0;0;0;0;-2.14;0.55;0;;0
201:612:160:310;0;0;0;0;-2.01;0.55;0;;0
201:612:160:410;0;0;0;0;-1.98;0.69;0;;0
201:612:160:510;0;0;0;0;-2.46;0.83;0;;0
201:612:160:610;0;0;0;0;-2.84;0.9;0;;0
201:612:160:710;0;19.3;0.47;4.27;-2.41;0.62;0;;0.01977
201:612:160:810;125.09;104.94;2.37;10.69;-2;0.34;0;;0.2324
201:612:160:910;561.95;122.71;5.13;15.29;-1.16;0.48;0;;0.68979
201:612:161:010;638.97;123.21;6.13;17.67;-0.41;0.41;0;;0.76831
201:612:161:110;628.74;117.8;6.13;17.61;0.08;0.28;0;;0.75267
201:612:161:210;536.69;106.79;5.13;15.1;0.37;0.48;0;;0.64861
201:612:161:310;370.66;88.13;3.27;10.4;0.21;0.69;0;;0.46206
201:612:161:410;0;15.1;0.37;3.9;-0.65;1.03;0;;0.01547
201:612:161:510;0;0;0;0;-2.03;1.03;0;;0
201:612:161:610;0;0;0;0;-1.67;0.97;0;;0
201:612:161:710;0;0;0;0;-2.21;0.9;0;;0
201:612:161:810;0;0;0;0;-2.65;0.9;0;;0
201:612:161:910;0;0;0;0;-3.31;0.97;0;;0
201:612:162:010;0;0;0;0;-3.55;0.97;0;;0
201:612:162:110;0;0;0;0;-3.75;0.97;0;;0
201:612:162:210;0;0;0;0;-3.96;0.97;0;;0
201:612:162:310;0;0;0;0;-4.19;1.03;0;;0
201:612:170:010;0;0;0;0;-4.38;1.1;0;;0
201:612:170:110;0;0;0;0;-4.56;1.1;0;;0
201:612:170:210;0;0;0;0;-4.73;1.1;0;;0
201:612:170:310;0;0;0;0;-4.89;1.17;0;;0
201:612:170:410;0;0;0;0;-5.07;1.17;0;;0
201:612:170:510;0;0;0;0;-5.3;1.24;0;;0
201:612:170:610;0;0;0;0;-5.41;1.17;0;;0
201:612:170:710;0;20.98;0.51;4.18;-5.75;0.9;0;;0.02149
201:612:170:810;188.68;115.32;2.64;10.61;-5.51;0.48;0;;0.30664
201:612:170:910;302.62;161.47;4.27;15.22;-3.74;0.48;0;;0.46836
201:612:171:010;602.54;136.93;6.03;17.62;-2.76;0.83;0;;0.7455
201:612:171:110;495.42;158.47;5.72;17.58;-0.26;1.17;0;;0.65961
201:612:171:210;145.33;145.97;3.6;15.09;0.02;1.31;0;;0.2949
201:612:171:310;76.76;90.35;2.12;10.41;-0.3;1.31;0;;0.16923
201:612:171:410;0;20.98;0.51;3.92;-1.49;1.38;0;;0.02149
201:612:171:510;0;0;0;0;-3.54;1.38;0;;0
201:612:171:610;0;0;0;0;-5.12;1.24;0;;0
201:612:171:710;0;0;0;0;-4.22;1.17;0;;0
201:612:171:810;0;0;0;0;-4.02;1.1;0;;0
201:612:171:910;0;0;0;0;-4.34;0.83;0;;0
201:612:172:010;0;0;0;0;-4.43;0.9;0;;0
201:612:172:110;0;0;0;0;-4.62;0.9;0;;0
201:612:172:210;0;0;0;0;-5.03;1.03;0;;0
201:612:172:310;0;0;0;0;-5.39;1.17;0;;0
201:612:180:010;0;0;0;0;-5.88;1.24;0;;0
201:612:180:110;0;0;0;0;-5.8;1.17;0;;0
201:612:180:210;0;0;0;0;-5.79;1.17;0;;0
201:612:180:310;0;0;0;0;-5.72;1.17;0;;0
201:612:180:410;0;0;0;0;-5.47;1.03;0;;0
201:612:180:510;0;0;0;0;-5.23;0.97;0;;0
201:612:180:610;0;0;0;0;-4.66;0.76;0;;0
201:612:180:710;0;18.46;0.45;4.1;-4.31;0.62;0;;0.01891
201:612:180:810;0;32.3;0.74;10.54;-3.29;0.41;0;;0.03304
201:612:180:910;0;69.09;1.57;15.16;-2.26;0.34;0;;0.07066
201:612:181:010;0;65.5;1.49;17.58;-0.8;0.55;0;;0.06699
201:612:181:110;0;79.85;1.82;17.55;-0.11;0.83;0;;0.08167
201:612:181:210;0;50.25;1.14;15.09;0.25;0.9;0;;0.05139
201:612:181:310;0;43.96;1;10.42;0;0.83;0;;0.04496
201:612:181:410;0;16.78;0.41;3.95;-0.4;0.83;0;;0.01719
201:612:181:510;0;0;0;0;-1.14;0.83;0;;0
201:612:181:610;0;0;0;0;-1.71;0.69;0;;0
201:612:181:710;0;0;0;0;-2.3;0.55;0;;0
201:612:181:810;0;0;0;0;-2.37;0.55;0;;0
201:612:181:910;0;0;0;0;-3.25;0.55;0;;0
201:612:182:010;0;0;0;0;-3.18;0.48;0;;0
201:612:182:110;0;0;0;0;-3.18;0.48;0;;0
201:612:182:210;0;0;0;0;-3.01;0.28;0;;0
201:612:182:310;0;0;0;0;-3.02;0.55;0;;0
201:612:190:010;0;0;0;0;-2.6;0.34;0;;0
201:612:190:110;0;0;0;0;-2.64;0.14;0;;0
201:612:190:210;0;0;0;0;-2.62;0.07;0;;0
201:612:190:310;0;0;0;0;-2.56;0.21;0;;0
201:612:190:410;0;0;0;0;-2.58;0.21;0;;0
201:612:190:510;0;0;0;0;-2.64;0.41;0;;0
201:612:190:610;0;0;0;0;-3.06;0.55;0;;0
201:612:190:710;0;20.14;0.49;4.02;-2.74;0.55;0;;0.02063
201:612:190:810;37.35;77.09;1.76;10.47;-2.5;0.55;0;;0.1162
201:612:190:910;14.91;95.57;2.21;15.11;-1.74;0.76;0;;0.11269
201:612:191:010;2.71;90.19;2.06;17.54;-1.11;0.69;0;;0.09496
201:612:191:110;2.64;89.27;2.04;17.54;-0.78;0.55;0;;0.09395
201:612:191:210;2.75;75.83;1.74;15.09;-0.66;0.48;0;;0.08032
201:612:191:310;9.6;61.13;1.41;10.44;-0.66;0.28;0;;0.07214
201:612:191:410;0;19.3;0.47;3.98;-0.78;0.14;0;;0.01977
201:612:191:510;0;0;0;0;-1.48;0.97;0;;0
201:612:191:610;0;0;0;0;-2.15;0.9;0;;0
201:612:191:710;0;0;0;0;-2.75;0.83;0;;0
201:612:191:810;0;0;0;0;-2.3;0.55;0;;0
201:612:191:910;0;0;0;0;-3.54;0.83;0;;0
201:612:192:010;0;0;0;0;-3.36;0.76;0;;0
201:612:192:110;0;0;0;0;-2.79;0.48;0;;0
201:612:192:210;0;0;0;0;-2.76;0.28;0;;0
201:612:192:310;0;0;0;0;-2.64;0.21;0;;0
201:612:200:010;0;0;0;0;-2.59;0.34;0;;0
201:612:200:110;0;0;0;0;-2.56;0.48;0;;0
201:612:200:210;0;0;0;0;-2.69;0.55;0;;0
201:612:200:310;0;0;0;0;-2.74;0.41;0;;0
201:612:200:410;0;0;0;0;-2.8;0.41;0;;0
201:612:200:510;0;0;0;0;-2.89;0.41;0;;0
201:612:200:610;0;0;0;0;-2.95;0.62;0;;0
201:612:200:710;0;19.3;0.47;3.95;-3.49;0.28;0;;0.01977
201:612:200:810;37.5;76.17;1.74;10.41;-3.03;0.21;0;;0.11541
201:612:200:910;26.89;103.83;2.41;15.06;-2.2;0.28;0;;0.13313
201:612:201:010;13.57;108.63;2.51;17.52;-0.91;0.21;0;;0.12471
201:612:201:110;13.22;109.45;2.53;17.53;0.65;0.21;0;;0.1252
201:612:201:210;21.98;101.64;2.37;15.1;1.44;0.21;0;;0.12599
201:612:201:310;12.79;64.56;1.49;10.47;1.18;0.48;0;;0.07884
201:612:201:410;0;17.62;0.43;4.03;0.6;0.9;0;;0.01805
201:612:201:510;0;0;0;0;-1.22;1.03;0;;0
201:612:201:610;0;0;0;0;-1.82;1.03;0;;0
201:612:201:710;0;0;0;0;-1.74;1.03;0;;0
201:612:201:810;0;0;0;0;-1.99;0.9;0;;0
201:612:201:910;0;0;0;0;-3.61;0.97;0;;0
201:612:202:010;0;0;0;0;-3.86;1.03;0;;0
201:612:202:110;0;0;0;0;-4.11;1.1;0;;0
201:612:202:210;0;0;0;0;-4.06;1.03;0;;0
201:612:202:310;0;0;0;0;-4.16;1.03;0;;0
201:612:210:010;0;0;0;0;-4.17;1.03;0;;0
201:612:210:110;0;0;0;0;-4.33;1.03;0;;0
201:612:210:210;0;0;0;0;-4.15;1.03;0;;0
201:612:210:310;0;0;0;0;-4.76;1.24;0;;0
201:612:210:410;0;0;0;0;-5.94;1.38;0;;0
201:612:210:510;0;0;0;0;-6.25;1.38;0;;0
201:612:210:610;0;0;0;0;-5.96;1.31;0;;0
201:612:210:710;0;19.3;0.47;3.88;-7.12;1.31;0;;0.01977
201:612:210:810;33.87;72.34;1.65;10.36;-5.71;1.24;0;;0.10786
201:612:210:910;17.96;95.3;2.21;15.03;-4.38;1.17;0;;0.11547
201:612:211:010;0;84.34;1.92;17.5;-3.65;1.1;0;;0.08626
201:612:211:110;2.64;86.57;1.98;17.53;-3.05;0.97;0;;0.09119
201:612:211:210;5.49;80.83;1.86;15.12;-2.45;0.97;0;;0.08818
201:612:211:310;6.39;59.56;1.37;10.51;-2.18;1.03;0;;0.06732
201:612:211:410;0;17.62;0.43;4.07;-2.39;1.1;0;;0.01805
201:612:211:510;0;0;0;0;-2.88;0.9;0;;0
201:612:211:610;0;0;0;0;-3.24;0.69;0;;0
201:612:211:710;0;0;0;0;-3.49;0.41;0;;0
201:612:211:810;0;0;0;0;-3.64;0.28;0;;0
201:612:211:910;0;0;0;0;-4.81;0.76;0;;0
201:612:212:010;0;0;0;0;-4.81;0.69;0;;0
201:612:212:110;0;0;0;0;-4.52;0.55;0;;0
201:612:212:210;0;0;0;0;-4.22;0.41;0;;0
201:612:212:310;0;0;0;0;-4.41;0.34;0;;0
201:612:220:010;0;0;0;0;-4.58;0.28;0;;0
201:612:220:110;0;0;0;0;-4.74;0.34;0;;0
201:612:220:210;0;0;0;0;-5.16;0.34;0;;0
201:612:220:310;0;0;0;0;-5.33;0.34;0;;0
201:612:220:410;0;0;0;0;-5.44;0.21;0;;0
201:612:220:510;0;0;0;0;-5.6;0.21;0;;0
201:612:220:610;0;0;0;0;-5.47;0.41;0;;0
201:612:220:710;0;20.14;0.49;3.82;-5.61;0.48;0;;0.02063
201:612:220:810;67.93;88;1.98;10.31;-5.23;0.41;0;;0.15791
201:612:220:910;29.97;105.52;2.45;15;-4.4;0.41;0;;0.13794
201:612:221:010;5.44;100.63;2.31;17.49;-2.47;0.41;0;;0.10838
201:612:221:110;2.64;95.58;2.19;17.54;-1.31;0.55;0;;0.10041
201:612:221:210;2.75;81.24;1.86;15.15;-0.65;0.62;0;;0.08585
201:612:221:310;9.56;61.1;1.41;10.55;-0.9;0.69;0;;0.07207
201:612:221:410;0;20.14;0.49;4.13;-2.38;0.83;0;;0.02063
201:612:221:510;0;0;0;0;-3.39;0.97;0;;0
201:612:221:610;0;0;0;0;-2.7;0.97;0;;0
201:612:221:710;0;0;0;0;-3.18;0.9;0;;0
201:612:221:810;0;0;0;0;-3.47;0.83;0;;0
201:612:221:910;0;0;0;0;-4.48;0.76;0;;0
201:612:222:010;0;0;0;0;-4.53;0.9;0;;0
201:612:222:110;0;0;0;0;-4.65;0.97;0;;0
201:612:222:210;0;0;0;0;-4.79;1.17;0;;0
201:612:222:310;0;0;0;0;-4.92;1.17;0;;0
201:612:230:010;0;0;0;0;-5.03;1.1;0;;0
201:612:230:110;0;0;0;0;-5.17;1.1;0;;0
201:612:230:210;0;0;0;0;-5.37;1.17;0;;0
201:612:230:310;0;0;0;0;-5.74;1.17;0;;0
201:612:230:410;0;0;0;0;-6.14;1.24;0;;0
201:612:230:510;0;0;0;0;-6.41;1.24;0;;0
201:612:230:610;0;0;0;0;-7.21;1.38;0;;0
201:612:230:710;0;18.46;0.45;3.77;-5.74;1.17;0;;0.01891
201:612:230:810;87.01;91.71;2.06;10.27;-6.03;1.17;0;;0.18078
201:612:230:910;152.95;144.44;3.47;14.97;-3.8;1.17;0;;0.30086
201:612:231:010;195.75;172.71;4.33;17.48;-0.68;1.1;0;;0.37279
201:612:231:110;290.85;176.3;4.84;17.55;0.92;1.1;0;;0.47199
201:612:231:210;170.07;146.81;3.7;15.18;1.29;1.03;0;;0.32058
201:612:231:310;69.95;89.47;2.1;10.6;1.32;0.97;0;;0.16152
201:612:231:410;0;21.82;0.53;4.19;0.67;1.1;0;;0.02235
201:612:231:510;0;0;0;0;-0.26;1.17;0;;0
201:612:231:610;0;0;0;0;-1.48;1.03;0;;0
201:612:231:710;0;0;0;0;-2.13;0.9;0;;0
201:612:231:810;0;0;0;0;-1.64;0.62;0;;0
201:612:231:910;0;0;0;0;-1.96;0.62;0;;0
201:612:232:010;0;0;0;0;-2.13;0.76;0;;0
201:612:232:110;0;0;0;0;-2.62;0.76;0;;0
201:612:232:210;0;0;0;0;-2.46;0.55;0;;0
201:612:232:310;0;0;0;0;-2.59;0.48;0;;0
201:612:240:010;0;0;0;0;-3.02;0.55;0;;0
201:612:240:110;0;0;0;0;-2.85;0.48;0;;0
201:612:240:210;0;0;0;0;-2.99;0.48;0;;0
201:612:240:310;0;0;0;0;-3.06;0.48;0;;0
201:612:240:410;0;0;0;0;-3.29;0.62;0;;0
201:612:240:510;0;0;0;0;-3.17;0.55;0;;0
201:612:240:610;0;0;0;0;-3.37;0.62;0;;0
201:612:240:710;0;6.71;0.16;3.73;-4.3;0.83;0;;0.00687
201:612:240:810;0;26.92;0.61;10.24;-3.72;0.97;0;;0.02753
201:612:240:910;0;70.88;1.61;14.96;-2.73;1.17;0;;0.07249
201:612:241:010;0;75.37;1.72;17.48;-2.14;1.38;0;;0.07709
201:612:241:110;0;43.96;1;17.58;-2.2;1.38;0;;0.04496
201:612:241:210;49.31;118.37;2.8;15.22;-2.03;1.38;0;;0.17048
201:612:241:310;0;49.35;1.12;10.65;-2.04;1.24;0;;0.05047
201:612:241:410;0;17.62;0.43;4.26;-2.16;1.03;0;;0.01805
201:612:241:510;0;0;0;0;-2.34;0.97;0;;0
201:612:241:610;0;0;0;0;-2.47;1.03;0;;0
201:612:241:710;0;0;0;0;-2.44;1.03;0;;0
201:612:241:810;0;0;0;0;-2.39;1.03;0;;0
201:612:241:910;0;0;0;0;-3.25;1.38;0;;0
201:612:242:010;0;0;0;0;-3.17;1.17;0;;0
201:612:242:110;0;0;0;0;-3.01;1.24;0;;0
201:612:242:210;0;0;0;0;-2.93;1.03;0;;0
201:612:242:310;0;0;0;0;-2.76;0.9;0;;0
201:612:250:010;0;0;0;0;-2.59;1.03;0;;0
201:612:250:110;0;0;0;0;-1.76;1.17;0;;0
201:612:250:210;0;0;0;0;-1.6;1.38;0;;0
201:612:250:310;0;0;0;0;-1.83;1.31;0;;0
201:612:250:410;0;0;0;0;-1.93;1.38;0;;0
201:612:250:510;0;0;0;0;-2.37;1.31;0;;0
201:612:250:610;0;0;0;0;-3.02;1.38;0;;0
201:612:250:710;0;3.36;0.08;3.69;-3.09;1.31;0;;0.00344
201:612:250:810;49.33;79.21;1.8;10.22;-2.3;1.31;0;;0.13034
201:612:250:910;3;77.7;1.78;14.95;-1.22;1.52;0;;0.08248
201:612:251:010;0;77.16;1.76;17.5;0.82;2.34;0;;0.07892
201:612:251:110;2.64;87.47;2;17.61;1.17;2.07;0;;0.09211
201:612:251:210;0;65.5;1.49;15.27;1.17;2.14;0;;0.06699
201:612:251:310;15.8;67.93;1.57;10.72;1.17;2;0;;0.0853
201:612:251:410;0;16.78;0.41;4.33;1.08;1.66;0;;0.01719
201:612:251:510;0;0;0;0;0.9;1.52;0;;0
201:612:251:610;0;0;0;0;0.78;1.45;0;;0
201:612:251:710;0;0;0;0;0.75;1.38;0;;0
201:612:251:810;0;0;0;0;0.62;1.38;0;;0
201:612:251:910;0;0;0;0;0.42;1.17;0;;0
201:612:252:010;0;0;0;0;0.4;1.24;0;;0
201:612:252:110;0;0;0;0;0.32;1.24;0;;0
201:612:252:210;0;0;0;0;0.31;1.24;0;;0
201:612:252:310;0;0;0;0;0.67;1.24;0;;0
201:612:260:010;0;0;0;0;0.8;1.24;0;;0
201:612:260:110;0;0;0;0;0.76;1.31;0;;0
201:612:260:210;0;0;0;0;0.84;1.31;0;;0
201:612:260:310;0;0;0;0;0.98;1.31;0;;0
201:612:260:410;0;0;0;0;1.09;1.31;0;;0
201:612:260:510;0;0;0;0;1.13;1.31;0;;0
201:612:260:610;0;0;0;0;1.13;1.31;0;;0
201:612:260:710;0;18.46;0.45;3.66;1.05;1.17;0;;0.01891
201:612:260:810;72.14;85.88;1.94;10.2;1.13;1.03;0;;0.15996
201:612:260:910;24;99.44;2.31;14.95;1.58;0.97;0;;0.12575
201:612:261:010;2.72;90.19;2.06;17.51;1.95;0.9;0;;0.09497
201:612:261:110;15.82;111.8;2.59;17.64;2.45;1.03;0;;0.13021
201:612:261:210;51.86;118.87;2.82;15.32;2.48;1.03;0;;0.17355
201:612:261:310;163.64;104.2;2.62;10.79;2.42;1.1;0;;0.27046
201:612:261:410;0;23.49;0.57;4.41;2.28;1.17;0;;0.02406
201:612:261:510;0;0;0;0;1.96;1.31;0;;0
201:612:261:610;0;0;0;0;1.63;1.31;0;;0
201:612:261:710;0;0;0;0;1.57;1.38;0;;0
201:612:261:810;0;0;0;0;1.62;1.38;0;;0
201:612:261:910;0;0;0;0;1.38;1.24;0;;0
201:612:262:010;0;0;0;0;1.62;1.38;0;;0
201:612:262:110;0;0;0;0;2.09;1.72;0;;0
201:612:262:210;0;0;0;0;3.08;2.83;0;;0
201:612:262:310;0;0;0;0;3.1;3.66;0;;0
201:612:270:010;0;0;0;0;1.74;3.31;0;;0
201:612:270:110;0;0;0;0;1.46;3.31;0;;0
201:612:270:210;0;0;0;0;0.37;2.83;0;;0
201:612:270:310;0;0;0;0;-0.45;2.69;0;;0
201:612:270:410;0;0;0;0;-0.99;2.62;0;;0
201:612:270:510;0;0;0;0;-1.34;2.83;0;;0
201:612:270:610;0;0;0;0;-1.33;3.1;0;;0
201:612:270:710;0;17.62;0.43;3.63;-1.18;3.1;0;;0.01805
201:612:270:810;0;43.96;1;10.19;-0.5;3.17;0;;0.04496
201:612:270:910;0;57.42;1.31;14.96;-0.19;3.93;0;;0.05873
201:612:271:010;0;34.09;0.78;17.54;0.29;4.55;0;;0.03487
201:612:271:110;0;74.47;1.7;17.69;0.68;4.48;0;;0.07617
201:612:271:210;0;66.4;1.51;15.39;1.03;4.69;0;;0.06791
201:612:271:310;12.53;66.27;1.53;10.86;1.21;4.14;0;;0.08033
201:612:271:410;0;17.62;0.43;4.5;1.05;3.03;0;;0.01805
201:612:271:510;0;0;0;0;1.11;3.93;0;;0
201:612:271:610;0;0;0;0;1.05;4.21;0;;0
201:612:271:710;0;0;0;0;0.84;3.86;0;;0
201:612:271:810;0;0;0;0;0.79;3.93;0;;0
201:612:271:910;0;0;0;0;0.88;4.14;0;;0
201:612:272:010;0;0;0;0;0.63;4.07;0;;0
201:612:272:110;0;0;0;0;0.55;4.34;0;;0
201:612:272:210;0;0;0;0;-0.01;4.41;0;;0
201:612:272:310;0;0;0;0;-0.45;4.28;0;;0
201:612:280:010;0;0;0;0;-0.75;4;0;;0
201:612:280:110;0;0;0;0;-0.8;3.93;0;;0
201:612:280:210;0;0;0;0;-1.04;4;0;;0
201:612:280:310;0;0;0;0;-1.33;4.07;0;;0
201:612:280:410;0;0;0;0;-1.61;4.07;0;;0
201:612:280:510;0;0;0;0;-1.85;3.79;0;;0
201:612:280:610;0;0;0;0;-1.87;3.86;0;;0
201:612:280:710;0;13.43;0.33;3.61;-2.12;3.72;0;;0.01376
201:612:280:810;402.23;104.84;3.15;10.18;-1.68;4.34;0;;0.51022
201:612:280:910;458.1;146.66;4.76;14.97;-1.02;5.31;0;;0.60952
201:612:281:010;349.34;183.29;5.15;17.57;-0.52;5.03;0;;0.53778
201:612:281:110;155.03;171.18;4.23;17.74;-0.14;4.97;0;;0.33044
201:612:281:210;57.03;124.98;2.96;15.46;-0.16;4.34;0;;0.18497
201:612:281:310;190.17;113.58;2.86;10.95;-0.42;3.52;0;;0.30661
201:612:281:410;0;20.98;0.51;4.59;-1.04;3.45;0;;0.02149
201:612:281:510;0;0;0;0;-1.89;3.38;0;;0
201:612:281:610;0;0;0;0;-2.19;3.52;0;;0
201:612:281:710;0;0;0;0;-2.35;3.52;0;;0
201:612:281:810;0;0;0;0;-2.68;3.31;0;;0
201:612:281:910;0;0;0;0;-2.61;3.52;0;;0
201:612:282:010;0;0;0;0;-2.58;3.17;0;;0
201:612:282:110;0;0;0;0;-2.56;2.97;0;;0
201:612:282:210;0;0;0;0;-2.49;2.9;0;;0
201:612:282:310;0;0;0;0;-2.67;2.76;0;;0
201:612:290:010;0;0;0;0;-2.74;2.69;0;;0
201:612:290:110;0;0;0;0;-2.94;2.34;0;;0
201:612:290:210;0;0;0;0;-2.99;2.28;0;;0
201:612:290:310;0;0;0;0;-3.22;2.69;0;;0
201:612:290:410;0;0;0;0;-3.46;2.69;0;;0
201:612:290:510;0;0;0;0;-4.07;2.48;0;;0
201:612:290:610;0;0;0;0;-5.09;2.34;0;;0
201:612:290:710;0;14.26;0.35;3.6;-5.79;2.48;0;;0.01461
201:612:290:810;435.88;100.69;3.25;10.19;-5.44;2.76;0;;0.53982
201:612:290:910;609.88;110.67;5.23;14.99;-3.72;3.1;0;;0.72578
201:612:291:010;654.18;122.92;6.21;17.62;-2.53;2.97;0;;0.78331
201:612:291:110;642.33;122.13;6.29;17.8;-2.01;2.76;0;;0.77075
201:612:291:210;527.9;121.1;5.29;15.54;-1.79;2.55;0;;0.65429
201:612:291:310;384.5;96.38;3.53;11.04;-1.98;2.34;0;;0.48441
201:612:291:410;0;17.62;0.43;4.69;-2.72;2.07;0;;0.01805
201:612:291:510;0;0;0;0;-4.38;1.93;0;;0
201:612:291:610;0;0;0;0;-5.79;1.79;0;;0
201:612:291:710;0;0;0;0;-5.25;1.59;0;;0
201:612:291:810;0;0;0;0;-4.79;1.59;0;;0
201:612:291:910;0;0;0;0;-4.22;1.59;0;;0
201:612:292:010;0;0;0;0;-3.12;1.38;0;;0
201:612:292:110;0;0;0;0;-3.14;1.24;0;;0
201:612:292:210;0;0;0;0;-3.13;1.1;0;;0
201:612:292:310;0;0;0;0;-3.16;0.97;0;;0
201:612:300:010;0;0;0;0;-3.27;0.76;0;;0
201:612:300:110;0;0;0;0;-3.88;0.69;0;;0
201:612:300:210;0;0;0;0;-3.94;0.69;0;;0
201:612:300:310;0;0;0;0;-3.96;0.69;0;;0
201:612:300:410;0;0;0;0;-3.92;0.76;0;;0
201:612:300:510;0;0;0;0;-3.92;0.76;0;;0
201:612:300:610;0;0;0;0;-4;0.83;0;;0
201:612:300:710;0;14.26;0.35;3.6;-5.27;1.03;0;;0.01461
201:612:300:810;431.34;97.69;3.21;10.2;-4.66;0.76;0;;0.53224
201:612:300:910;572.91;117.07;5.09;15.02;-2.9;0.69;0;;0.69507
201:612:301:010;658.2;119.1;6.21;17.67;-0.89;0.69;0;;0.78351
201:612:301:110;638.1;119.48;6.25;17.87;-0.3;0.62;0;;0.76383
201:612:301:210;509.9;122.32;5.21;15.62;0.16;0.55;0;;0.63743
201:612:301:310;369.93;97.75;3.49;11.14;0.82;0.34;0;;0.47117
201:612:301:410;0;18.46;0.45;4.8;0.36;0.41;0;;0.01891
201:612:301:510;0;0;0;0;-0.65;0.48;0;;0
201:612:301:610;0;0;0;0;-1.61;0.34;0;;0
201:612:301:710;0;0;0;0;-2.44;0.55;0;;0
201:612:301:810;0;0;0;0;-3.07;0.69;0;;0
201:612:301:910;0;0;0;0;-4.12;0.9;0;;0
201:612:302:010;0;0;0;0;-4.65;0.83;0;;0
201:612:302:110;0;0;0;0;-5;0.83;0;;0
201:612:302:210;0;0;0;0;-5.57;0.97;0;;0
201:612:302:310;0;0;0;0;-6;0.9;0;;0
201:612:310:010;0;0;0;0;-6.29;0.9;0;;0
201:612:310:110;0;0;0;0;-6;0.9;0;;0
201:612:310:210;0;0;0;0;-6.29;0.97;0;;0
201:612:310:310;0;0;0;0;-6.48;1.03;0;;0
201:612:310:410;0;0;0;0;-6.55;1.1;0;;0
201:612:310:510;0;0;0;0;-6.62;1.17;0;;0
201:612:310:610;0;0;0;0;-6.6;1.17;0;;0
201:612:310:710;0;15.94;0.39;3.6;-8.33;1.31;0;;0.01633
201:612:310:810;415.23;102.05;3.19;10.22;-6.32;0.83;0;;0.52047
201:612:310:910;553.74;124.81;5.07;15.06;-2.73;0.55;0;;0.68362
201:612:311:010;629.69;129.72;6.15;17.72;0.62;0.34;0;;0.76556
201:612:311:110;610.21;131.55;6.21;17.95;2.45;0.28;0;;0.74797
201:612:311:210;526.79;121.97;5.33;15.71;3.07;0.48;0;;0.65409
201:612:311:310;370.68;99.18;3.53;11.24;1.83;0.76;0;;0.47339
201:612:311:410;0;18.46;0.45;4.91;0.74;0.9;0;;0.01891
201:612:311:510;0;0;0;0;0.66;0.9;0;;0
201:612:311:610;0;0;0;0;-0.44;0.97;0;;0
201:612:311:710;0;0;0;0;-1.47;1.1;0;;0
201:612:311:810;0;0;0;0;-2.4;1.17;0;;0
201:612:311:910;0;0;0;0;-2.93;1.03;0;;0
201:612:312:010;0;0;0;0;-3.58;1.1;0;;0
201:612:312:110;0;0;0;0;-4.23;1.17;0;;0
201:612:312:210;0;0;0;0;-4.84;1.17;0;;0
201:612:312:310;0;0;0;0;-5.29;1.17;0;;0
;;;;;;;;;
Gb(i): Beam (direct) irradiance on the inclined plane (plane of the array) (W/m2);;;;;;;;;
Gd(i): Diffuse irradiance on the inclined plane (plane of the array) (W/m2);;;;;;;;;
Gr(i): Reflected irradiance on the inclined plane (plane of the array) (W/m2);;;;;;;;;
H_sun: Sun height (degree);;;;;;;;;
T2m: 2-m air temperature (degree Celsius);;;;;;;;;
WS10m: 10-m total wind speed (m/s);;;;;;;;;
Int: 1 means solar radiation values are reconstructed;;;;;;;;;
;;;;;;;;;
;;;;;;;;;
;;;;;;;;;
PVGIS (c) European Union; 2001-2025;;;;;;;;
